monthly_income,house_rent,emi,electricity,mobile,internet,card,others_bill,taxes,groceries,health,pub_tran,pri_tran,others
131958,7837,24371,995,544,315,14060,1867,15834.96,13418,476,491,4111,8364
156867,19159,33053,4141,396,169,7120,547,18824.04,8913,9201,1160,3821,357
141932,41266,11957,824,440,700,20394,1429,17031.84,3560,4891,1259,3345,6138
375838,102413,72644,5443,397,31,18773,372,75167.6,5777,4760,1026,220,3718
269178,51012,53616,5744,762,52,18214,1187,53835.6,9856,7739,22,3352,2648
129879,21560,14990,546,748,939,6540,556,15585.48,14483,10573,140,2610,5079
120268,17106,17829,4226,598,138,5545,655,14432.16,9019,3526,1061,4913,680
217892,58123,5837,3401,233,373,29740,522,43578.4,3320,14034,1185,3732,8124
64886,13521,14989,2396,922,46,4829,834,3893.16,11947,14233,221,574,9407
147337,8720,15032,2262,370,89,8054,1377,17680.44,17197,3134,742,2586,2738
485602,58655,99770,3259,815,827,29712,1432,97120.4,14055,10512,1433,4249,4628
440410,93448,26352,2527,200,35,41555,510,88082,15135,3558,1951,1298,5226
97498,14606,23551,1693,699,996,8382,857,5849.88,14768,12134,19,3296,6585
384871,42907,74642,2207,920,955,3462,962,76974.2,6692,12658,1581,57,6223
398468,50071,41247,2323,336,928,57987,211,79693.6,5810,7929,1125,4858,8936
185203,54971,28766,5133,674,224,15856,926,22224.36,2826,12734,1846,2287,9134
201335,34812,43048,2778,372,553,22302,624,40267,10481,8745,904,1523,711
288167,49570,66714,5832,614,739,12381,1984,57633.4,9676,12183,1510,2446,6754
51090,1749,2551,4759,568,268,1118,1881,3065.4,10845,14576,1330,4076,2925
339365,60186,16025,1281,236,909,20151,344,67873,5130,2359,1080,4545,9861
74820,17483,9780,5698,408,185,9859,1034,4489.2,3080,2963,1871,3280,9444
272913,65171,22706,3523,330,370,17489,335,54582.6,5108,14392,1964,2478,7835
331879,36160,42916,526,460,868,45395,1363,66375.8,10658,12948,677,2093,5801
204027,19156,9967,1566,322,234,2855,1897,40805.4,16036,12395,1859,2031,7603
337069,76208,30856,2357,471,121,6503,1907,67413.8,5534,3476,1163,1738,6853
262709,72320,9179,5811,856,423,14324,1701,52541.8,17696,6409,1497,1094,8103
209041,17929,38623,2551,489,832,18543,1281,41808.2,4027,13880,116,4663,8887
277455,66606,17587,3241,645,388,37166,53,55491,13607,12246,1161,2179,8397
113355,22906,23733,456,394,925,14129,604,13602.6,12159,660,1999,857,9826
245796,62559,60674,2373,654,116,20530,1798,49159.2,4660,8937,320,4980,9093
224176,54205,22770,4363,478,465,25381,1968,44835.2,16651,5793,267,2895,4863
194779,45158,33887,1060,345,428,6024,295,23373.48,17735,5005,435,1605,2208
357449,68475,3975,1073,211,868,41660,1580,71489.8,16299,14492,765,1568,5258
431909,64341,78455,1852,174,441,36559,1973,86381.8,19638,4339,1074,3854,1946
475148,95377,75138,1257,713,38,42760,1240,95029.6,8767,14276,981,2835,925
268795,42863,45463,553,711,907,18291,700,53759,14327,8040,319,3531,685
496232,65439,99596,1869,527,161,33904,387,99246.4,17551,1558,1720,2942,667
402752,7194,42154,3518,444,620,20515,1130,80550.4,2355,11818,1628,4183,2408
166730,5851,10140,4513,201,525,622,1825,20007.6,4739,5667,1554,4192,671
356622,81914,86706,3536,993,165,7245,1496,71324.4,11807,11853,1693,4845,1035
394681,66214,28830,4945,189,911,52048,1031,78936.2,16390,3756,731,523,6388
159503,30640,6590,5306,893,873,22043,1567,19140.36,5930,14319,1748,2318,8443
140523,33756,30609,5265,721,444,15295,1937,16862.76,6766,9677,1361,4795,374
12747,0,1017,1107,877,442,44,1191,0,7258,12562,744,4679,3050
133855,26183,27729,5216,606,330,4968,1354,16062.6,14517,9941,23,4122,9301
462366,87201,103480,2081,858,992,64439,1975,92473.2,14354,8348,1305,3172,1679
75725,16198,12399,1521,937,334,5423,36,4543.5,8257,14402,1059,692,1790
139981,21411,28645,5997,151,111,1415,1254,16797.72,8103,12955,874,3066,582
94654,17809,22560,3963,618,745,6797,182,5679.24,11874,8396,823,550,4787
438989,15867,6647,3500,255,713,4158,291,87797.8,9188,14836,719,2322,4195
391490,62501,21106,1179,365,834,24122,1781,78298,11711,1410,825,4724,897
77435,14266,6015,5388,926,138,8394,1545,4646.1,6310,13712,1523,13,7880
329030,39422,21506,300,828,778,29852,69,65806,4537,11941,543,3398,9451
338947,35208,24067,466,908,783,48678,236,67789.4,10531,14001,257,1953,2909
41551,10234,2089,2363,563,165,1124,463,2493.06,10303,11762,1992,2775,9371
388360,31213,2056,3004,359,413,58238,1141,77672,6181,10925,1361,1660,2237
283538,7367,29328,411,207,168,21672,1752,56707.6,2483,9340,176,4888,9884
341236,79026,77712,3739,192,768,18834,190,68247.2,14761,6594,1520,1448,6910
13890,0,1811,1425,287,123,1164,929,0,17435,13154,1453,3889,377
51606,4689,4885,2941,770,549,6490,1886,3096.36,9527,7743,1516,4206,8728
499492,51588,46515,1729,638,881,41746,1529,99898.4,15635,4364,594,3662,7004
266840,38285,64538,2343,709,760,9167,1527,53368,18551,8383,889,322,4566
483254,126683,68650,4902,787,748,70465,1774,96650.8,9450,5568,1846,867,4809
359457,74755,78978,1934,618,97,4288,1863,71891.4,5291,431,1765,870,5160
151699,6310,1629,970,875,59,19330,400,18203.88,15583,3734,267,216,8950
280936,36307,28155,3411,789,18,10391,1914,56187.2,3735,1846,716,512,2676
249931,19867,54921,1990,538,123,28453,316,49986.2,14654,10768,446,1963,480
249629,56523,18288,4257,347,225,14263,717,49925.8,9280,14390,674,1647,1469
215041,18625,50588,1264,351,954,27855,221,43008.2,11740,992,239,610,7803
184073,6378,21415,580,341,611,19420,657,22088.76,8093,5455,116,1678,8552
217624,19149,36085,4746,256,323,24100,1212,43524.8,19230,10005,1609,4837,9860
427113,107669,11251,2266,855,905,36843,1773,85422.6,18059,2990,1429,899,4163
78148,11422,4116,3108,476,16,5507,291,4688.88,13144,5062,265,2987,8612
262801,27926,25574,5943,899,759,24108,948,52560.2,17284,10087,1329,2633,125
134243,37679,9623,5702,793,79,3667,222,16109.16,2887,6822,1442,3016,7491
261995,13180,20936,2264,506,596,13742,757,52399,11503,13572,655,1211,2776
392318,92837,54715,5123,744,859,8796,758,78463.6,5126,8478,803,3629,4877
164555,36931,6123,3690,650,455,18920,1440,19746.6,13506,2227,1596,794,4570
396502,24014,3061,1122,433,540,33433,1430,79300.4,6264,7880,586,1898,3262
58555,16471,8089,1737,617,645,2917,1983,3513.3,3817,13670,1040,2075,2503
266508,79872,39095,2361,657,989,1232,37,53301.6,5180,2646,1880,106,479
289303,58502,59618,5475,883,705,11979,1476,57860.6,8179,7089,1920,4703,8436
382654,87736,28451,4165,255,630,24311,1230,76530.8,5936,5901,11,4022,4778
116530,5470,16361,4594,443,377,8543,925,13983.6,15651,1623,514,3640,7638
90077,14953,15907,5073,215,878,9953,399,5404.62,17490,14997,882,635,7323
308064,38507,34814,4336,344,190,19279,1973,61612.8,8202,6707,584,762,7757
495283,92969,117832,1764,337,926,30767,1210,99056.6,11954,280,82,4634,9417
470337,91493,85141,377,196,664,56565,1383,94067.4,5896,11153,1682,713,3058
210551,6523,32256,2459,511,854,22558,1627,42110.2,12797,10532,382,122,8695
492691,31169,76868,4930,686,490,61110,1029,98538.2,7487,11313,625,4667,9305
291601,45641,37832,5794,727,404,20954,1156,58320.2,10535,8463,83,1354,1779
469773,29661,95012,3487,636,271,59868,997,93954.6,8065,1280,1610,71,638
218261,13419,9445,1465,996,643,7424,1496,43652.2,3237,14034,983,1940,2330
250181,14457,33490,5616,728,874,6362,1627,50036.2,17409,2754,1813,4551,440
351097,67600,29767,1089,858,429,22772,512,70219.4,4177,10073,512,292,1691
325139,76102,46057,1863,395,519,15839,781,65027.8,15647,5748,1588,3991,4598
181829,33085,15210,1622,957,645,4538,82,21819.48,19712,919,1532,621,1835
281836,50654,41043,5495,761,892,6644,1822,56367.2,11428,10018,171,2316,1018
448974,105723,86755,1802,327,383,23778,1714,89794.8,3433,14933,490,1909,1111
475625,133114,27946,1791,264,820,31488,1400,95125,12193,10899,265,4410,5018
212283,4598,36587,1959,829,886,4350,334,42456.6,3856,6964,1482,2948,4617
206769,42982,3364,1615,780,191,69,658,41353.8,19916,3554,1031,1559,4989
47065,118,9949,3362,314,602,6598,101,2823.9,8861,10644,144,842,3626
233165,65185,55241,424,368,434,25153,1311,46633,15029,11415,1733,1495,6536
109299,28716,4318,3362,346,760,7169,824,13115.88,12062,12584,1786,986,5954
435822,78137,56088,818,550,995,53742,1054,87164.4,6963,5779,1158,3241,513
21534,3250,2780,2370,979,763,2372,1337,1292.04,19879,464,636,646,3126
497879,139133,77015,4557,898,995,13068,996,99575.8,13067,8660,830,2419,9591
50397,8609,7398,2976,830,62,2450,153,3023.82,13428,9332,862,2199,1985
267750,35371,2452,2853,225,215,13138,559,53550,17834,463,1444,1508,8742
363531,83021,87208,5277,575,133,8320,1914,72706.2,10134,3897,67,2686,1174
273160,20805,33193,4235,436,957,1506,1576,54632,14187,7167,1599,364,734
493005,7857,79401,1344,694,618,12280,1176,98601,17027,11455,1277,2607,6641
65591,11620,13507,2087,448,160,1648,942,3935.46,15259,4002,774,1941,5525
230884,8177,20359,3835,891,257,24568,693,46176.8,14905,12208,399,2983,5850
33247,6082,6669,4878,856,424,3167,231,1994.82,15971,10024,1379,1327,9116
34300,6658,2124,5921,443,527,2548,1144,2058,7080,4302,1762,3356,2803
477281,89941,83220,2266,958,357,67015,1208,95456.2,18852,12052,781,2064,9355
92798,11826,5015,2656,596,374,9994,1479,5567.88,10628,598,249,1769,8825
19268,0,465,5269,563,570,1427,1852,1156.08,10165,8575,1187,4614,4247
358951,82428,51116,5972,580,8,32775,387,71790.2,3685,11055,884,1314,1828
284329,58031,21951,2550,939,196,16603,1950,56865.8,18668,7451,1864,1228,8867
204776,53904,32063,3787,379,116,8916,631,40955.2,6932,6783,1290,4229,5134
227851,5495,32743,441,245,9,6917,863,45570.2,3162,3052,383,2939,1338
442315,28481,26521,1303,588,861,36553,1249,88463,17001,3847,1408,3433,9965
411787,11267,54431,2454,320,518,7657,1647,82357.4,11629,14040,1288,1506,9988
246584,6743,10731,2314,466,348,20679,1218,49316.8,3571,12580,536,2589,1499
48044,5648,2360,4924,991,705,6088,808,2882.64,15064,5909,1639,4872,7267
323358,48773,63094,3908,693,403,20505,1049,64671.6,16865,2608,782,3933,2449
464444,57042,18423,1268,640,634,42977,1987,92888.8,16472,8502,1788,3197,9941
386896,49476,17568,4225,537,574,54191,1217,77379.2,2389,5661,569,1735,2692
58984,13004,14643,4258,706,3,7815,1042,3539.04,12437,4603,23,3398,6037
312918,43730,3934,3035,221,795,31682,854,62583.6,2556,12904,1607,2793,84
274712,28948,8172,1104,681,327,13642,536,54942.4,8549,4372,1395,4826,3693
130151,10775,27358,1634,388,761,16893,558,15618.12,4000,7089,1628,1176,2262
465808,69093,66313,4284,860,511,33782,710,93161.6,5525,806,966,4449,1215
470779,69123,19763,967,726,930,8212,1287,94155.8,11302,11731,1150,1395,1691
143767,16535,35186,684,849,129,17448,1538,17252.04,8142,11815,1197,2684,4434
134375,954,31170,3424,238,936,13809,1494,16125,7328,9461,17,974,4652
189262,46562,20461,1908,862,923,26559,238,22711.44,14511,1549,1474,2713,2849
146330,23544,2439,3554,684,586,18283,288,17559.6,3276,7826,1086,4599,7918
490754,41269,7804,3740,957,483,50118,367,98150.8,9327,11845,1646,4022,3765
311648,80674,47594,3048,791,840,46387,411,62329.6,11592,6558,1175,3290,7055
174231,42462,13212,312,303,357,25089,1045,20907.72,8287,11278,1875,1680,6237
23986,3127,5269,3307,739,384,3574,1890,1439.16,6225,8832,1694,694,2394
71858,12760,1989,2507,339,253,40,353,4311.48,15762,5083,473,2235,3475
139312,11559,7868,5703,961,922,6981,1565,16717.44,7810,8971,1530,4269,4213
22666,6604,1066,4467,564,834,262,1582,1359.96,17792,1523,1957,431,7839
310804,68931,24604,2445,303,166,46373,419,62160.8,11648,1509,1774,3133,8596
144633,25389,22135,2165,774,712,8145,1338,17355.96,19736,7776,749,1167,4141
298998,66381,37918,400,488,679,41992,781,59799.6,11123,10214,1834,2427,2548
336649,99468,50849,4379,778,795,34587,328,67329.8,12076,13126,1031,234,6084
114488,13731,11006,4676,666,468,15358,1493,13738.56,4947,11931,223,3520,9089
193323,54512,10680,5278,987,859,16511,872,23198.76,6964,2741,199,815,6613
294806,51024,55037,1612,184,492,18962,781,58961.2,8145,10160,132,1998,7529
280536,3832,58914,3096,933,919,30659,1486,56107.2,14494,14205,847,160,3273
40535,8257,9925,5004,820,337,4620,1463,2432.1,10603,8917,538,2246,7091
481819,144179,107255,749,871,50,29428,1687,96363.8,16936,10029,381,3399,4071
385713,77994,10349,3739,675,55,24321,737,77142.6,18504,2398,1214,937,1024
324400,94202,75079,3801,686,72,9085,1271,64880,19864,10252,230,4614,591
361279,43481,60820,3467,996,793,2806,1840,72255.8,15853,7035,704,2983,3951
399622,2581,74996,5680,367,599,35047,1194,79924.4,10200,13378,574,3564,4796
307366,75118,34553,5931,403,51,23460,748,61473.2,9808,7322,900,2189,5529
87373,25706,5948,420,352,124,5687,747,5242.38,18883,1401,1346,2882,2024
482791,123714,14498,3737,250,261,60157,1794,96558.2,8029,14478,51,3499,3198
133684,8418,18991,4156,510,954,18171,1302,16042.08,12889,11164,336,825,2761
499570,84363,90510,1375,890,884,10440,147,99914,6240,1768,992,3233,9591
487867,123607,100934,4713,860,779,43368,620,97573.4,6496,3227,594,3583,20
466551,63044,59790,3022,327,574,49131,142,93310.2,4974,208,1923,4701,3126
283109,79955,7660,1001,425,547,2179,1834,56621.8,2754,5670,332,1464,911
34538,1036,238,3648,461,520,176,975,2072.28,12339,7119,1458,4764,9252
380210,10024,19920,3968,791,329,35891,70,76042,17084,402,1777,3819,4012
211664,63288,46659,3565,559,322,5665,1952,42332.8,15073,10702,682,344,9510
385396,109236,74874,5412,940,240,40981,310,77079.2,8090,13660,694,2115,8872
149182,7435,10349,320,437,284,17036,637,17901.84,9880,3256,473,2298,6421
482525,70601,46350,2746,802,838,3390,466,96505,14793,13603,808,1024,8848
168338,22880,11643,2549,674,601,8359,593,20200.56,14248,13052,1694,3700,4505
194064,55335,28274,2813,550,263,25637,40,23287.68,6534,13014,1530,3507,3172
224020,3407,45013,3522,366,298,9064,1937,44804,5679,5775,802,321,2853
108806,639,7899,5291,847,204,1781,898,13056.72,18770,3835,719,4087,1445
410126,32940,39913,1482,619,290,55018,770,82025.2,19869,3731,824,3048,3880
383133,5666,45819,2657,176,210,7083,355,76626.6,8115,11916,1431,3891,1129
100982,4354,16632,2851,879,365,9588,1167,12117.84,10328,7567,1844,4630,8944
131626,25092,27144,2373,571,789,17985,1706,15795.12,14460,8341,797,4244,1858
129176,10109,12321,365,163,463,19265,278,15501.12,4049,7755,378,1721,5747
403422,101190,94792,4658,650,718,58794,1494,80684.4,7238,1814,763,3336,1608
228126,26505,23485,771,803,321,33489,654,45625.2,2856,13467,720,198,2999
228969,36713,2860,2514,474,357,7242,968,45793.8,19527,861,204,3153,1426
132409,7746,14919,3525,473,916,11528,1662,15889.08,4837,10417,357,4174,8205
33419,2590,569,642,716,93,242,57,2005.14,8985,13944,248,1977,4583
453852,40522,73947,1017,852,710,59992,167,90770.4,4266,13035,902,175,4209
263618,3880,9586,2760,434,862,6905,1653,52723.6,10761,293,904,2383,9979
255310,43454,51986,4036,238,168,4638,1189,51062,18581,9256,1172,4028,5574
60015,10771,7928,3555,194,296,4372,372,3600.9,5445,7558,669,723,7414
258550,68321,23055,3565,793,944,31369,81,51710,12697,6819,1508,2540,4984
132096,22449,28807,5634,647,738,17837,1893,15851.52,12948,12653,612,2162,765
117059,14799,20384,4389,647,515,4171,133,14047.08,15540,1263,789,2496,7387
195340,49048,47177,2830,727,97,22866,363,23440.8,10903,9479,942,1321,8585
120687,3990,28925,3932,940,704,14373,1508,14482.44,11118,5771,1341,3387,3416
360083,54362,68625,1355,985,777,45373,1069,72016.6,18330,12159,510,2380,3605
421357,53997,14242,314,809,349,48455,261,84271.4,15914,14293,286,4090,4199
221428,50341,39978,3689,294,735,3501,468,44285.6,7503,5961,387,2922,2553
115878,19073,16433,3614,667,578,1186,1658,13905.36,4352,3244,777,4732,1580
212982,36863,33282,316,231,649,1381,1245,42596.4,11183,6070,1821,4074,4581
459260,14549,76519,2881,784,840,47018,91,91852,5426,14917,733,945,1737
208286,18259,43738,2079,316,400,23197,1939,41657.2,10316,10886,1000,3693,2558
259002,56920,43578,2249,898,750,12616,18,51800.4,14718,4570,902,2762,9198
260396,75515,42797,380,254,450,18288,269,52079.2,19244,7445,142,1804,5188
174899,20316,4671,3379,951,474,11858,576,20987.88,10899,2372,1426,2026,10
459036,93860,24133,1318,637,820,12225,1754,91807.2,3314,8912,585,2334,7578
334767,24624,50317,1079,899,418,29147,863,66953.4,6554,5608,1190,486,4890
484950,46705,108745,2124,459,3,1752,668,96990,3057,5446,1882,2345,4539
347594,89326,65950,4164,231,323,26313,414,69518.8,8886,6559,1794,1605,2467
365570,26756,59612,2769,243,368,34722,1688,73114,10121,12292,1634,3045,4024
389989,60390,64873,2813,470,863,21655,1270,77997.8,18205,1329,563,2929,5531
425515,68369,86778,2430,492,613,33305,1734,85103,17529,2972,1403,2713,9734
53585,5285,12850,624,946,394,7582,1766,3215.1,11361,14067,1233,2062,4191
381369,9589,52508,3790,958,555,18774,1325,76273.8,9885,3848,1879,3479,6085
74044,14708,2416,5446,510,118,9981,1971,4442.64,3573,11036,780,1361,6670
445773,73181,38379,976,980,699,59531,15,89154.6,10511,6400,1067,3527,6486
452296,123711,15231,2311,215,742,31972,619,90459.2,10562,7087,464,4200,1623
119556,10889,21849,5188,773,965,6216,502,14346.72,9177,3551,761,1954,3373
12693,0,203,3916,578,189,427,1418,0,12655,813,1552,2843,3183
498219,15994,121880,3433,550,994,3370,1809,99643.8,9100,4467,1354,2716,6107
367403,101039,31676,3004,320,621,1259,1899,73480.6,3616,7472,656,4334,4631
253307,26639,22056,1494,908,415,5826,695,50661.4,6678,14475,1331,4717,53
210235,17205,41028,3375,727,813,20459,1001,42047,6978,8397,1712,4285,2740
35939,7525,8707,1204,217,790,3030,183,2156.34,5900,4234,850,2305,9783
452141,32930,85483,4897,641,105,4695,440,90428.2,2870,13545,70,1105,6421
446157,73313,55535,5194,183,164,32864,580,89231.4,18683,3168,914,192,9449
162906,28315,26040,3204,150,637,12765,1273,19548.72,4269,8930,1915,3436,3831
28047,1932,5150,3600,300,345,1319,375,1682.82,11125,7897,1313,397,8389
298249,27304,46978,1423,933,97,25290,1985,59649.8,6328,12093,220,795,6305
85766,3535,6833,5538,407,485,2494,1481,5145.96,18457,2719,1693,2936,4274
418923,96058,4752,4616,899,330,51898,1753,83784.6,9455,10023,617,3515,7146
425192,87876,24507,3357,777,369,4043,1111,85038.4,19753,12188,1534,2515,2798
54262,3446,3785,2570,737,441,5394,345,3255.72,19839,9670,540,4385,4664
397261,13403,41495,3024,944,119,5139,1807,79452.2,13008,755,485,166,4548
295920,80052,60886,2558,168,852,32630,728,59184,9709,11305,1199,259,1184
171152,19091,5023,4162,945,298,16968,1893,20538.24,19097,13092,391,746,8876
138376,7959,982,1230,184,855,14762,389,16605.12,9465,4542,579,2752,9058
470058,96090,79841,3946,520,142,2897,179,94011.6,7436,7116,91,4268,3478
464589,36701,16146,5281,640,706,2030,636,92917.8,9927,8708,1331,4935,9389
147848,3385,11201,4657,985,641,15669,375,17741.76,2815,5570,586,4411,3966
102787,23020,16910,1571,966,966,593,182,12334.44,12419,9145,337,2447,9503
137948,33690,23031,4112,390,900,1831,843,16553.76,11370,3917,1620,4207,9779
65016,10367,7252,1097,156,948,8547,328,3900.96,7276,11538,1902,4652,9076
412690,65030,82850,5676,698,940,14362,1968,82538,9790,6126,57,1822,3104
461269,105185,27332,3434,520,615,42636,489,92253.8,16309,2487,60,646,4548
31959,3636,2282,3763,814,92,3118,199,1917.54,12690,4431,423,4086,9961
146602,32991,18330,2887,906,296,6599,695,17592.24,8505,2474,1631,1330,6069
235928,47663,15365,716,399,446,32879,478,47185.6,6572,8850,272,1412,8302
391245,65886,10108,4433,264,479,28310,808,78249,3167,5915,225,808,725
275892,24127,68896,2655,702,733,37238,1759,55178.4,10448,11331,1360,1603,6213
238576,57692,42553,5241,486,711,13626,1478,47715.2,15941,4029,1550,2825,8694
23545,4277,2925,1197,723,799,844,991,1412.7,4435,11378,723,2880,3047
399803,37500,3625,352,830,873,34941,1016,79960.6,4674,1309,1382,998,3843
469415,33785,38237,905,291,257,3078,1897,93883,4451,3184,906,1450,6024
175838,18610,1223,3977,634,521,1383,1463,21100.56,14754,7827,1362,2988,9565
345674,89126,59303,4847,587,682,39489,1912,69134.8,12355,13623,863,1104,2020
365701,94979,65197,760,919,374,3970,1624,73140.2,11004,4364,837,1321,658
71087,15229,7110,1074,237,426,361,1760,4265.22,17416,1585,337,839,7602
499055,7170,74693,5556,612,100,70614,498,99811,16611,10409,1512,4316,3204
78840,13303,13251,5791,197,621,2811,1982,4730.4,10689,12773,376,4466,6543
128451,6207,4992,4330,630,758,19206,629,15414.12,10343,5762,1711,1778,9689
457600,35187,79182,3627,972,834,14006,1179,91520,19509,6494,1292,23,1926
323149,65034,57966,5456,673,243,21279,1482,64629.8,8526,5803,1654,3411,5633
449792,132965,29024,3622,360,22,13715,1694,89958.4,3397,12928,153,3346,3230
49353,13753,4787,2994,393,353,6520,182,2961.18,2280,13408,1031,260,8608
203075,38090,23202,3818,388,465,24195,435,40615,14752,13687,281,4003,3056
224283,64922,53878,5678,346,224,12607,1737,44856.6,9760,1933,1904,2775,3198
324877,76768,51524,5742,918,864,47328,1601,64975.4,11668,1777,1421,4596,6842
75318,17509,11140,784,384,443,455,45,4519.08,18656,6940,1269,563,5854
251025,68653,36067,4487,336,976,33418,875,50205,9624,8206,1960,1390,5970
492690,129626,9360,1487,862,773,53664,1795,98538,9506,940,1157,1159,389
426880,48291,98228,4027,764,268,46563,1941,85376,2520,11124,1679,3309,6573
77172,4042,6451,5754,439,532,3609,1964,4630.32,3726,10992,1250,1771,2855
226688,62574,12941,4296,370,990,32393,243,45337.6,7228,13200,1057,2040,6910
266951,37201,15993,3292,646,313,11254,155,53390.2,9287,10246,1319,2759,3242
103264,26746,14620,2009,645,119,9272,1417,12391.68,11667,14910,474,2120,9069
256458,14016,57735,2289,451,980,16102,961,51291.6,6997,2678,1163,2543,3017
298880,25022,20193,4573,336,480,42273,248,59776,7386,13862,384,4190,8715
235281,27938,51559,4645,599,923,19029,944,47056.2,5921,3163,1308,4155,2819
122859,35712,21248,5160,561,119,2053,1630,14743.08,17320,3491,1232,1458,1138
384325,61720,45852,3938,760,709,19898,1278,76865,17730,9562,1105,3879,8240
404070,105514,5027,3014,394,135,33077,1385,80814,10852,11016,1456,1478,1796
362228,56805,63410,4486,462,76,30617,1871,72445.6,19053,14116,1783,24,380
441839,76478,4260,638,968,353,21384,1736,88367.8,8123,2449,1423,2756,1901
279536,82994,37596,1961,645,57,5121,818,55907.2,17533,10219,1378,2876,3942
327824,12161,9012,4564,171,935,32531,1962,65564.8,14019,14430,648,913,1954
267426,20689,25823,3994,217,85,22106,645,53485.2,12044,3993,954,2886,6276
187789,29163,8315,5175,541,0,6897,376,22534.68,3645,2660,363,3647,7940
228164,60924,47027,469,465,76,21878,152,45632.8,11621,4515,1318,4457,9415
323003,74308,78167,4533,214,960,48373,1790,64600.6,5441,7155,1445,3406,5365
135657,35592,18258,3399,953,521,9806,771,16278.84,2919,7750,1029,4087,6626
245167,63745,25099,4914,878,443,9519,239,49033.4,9382,14286,1881,4908,3638
167381,1211,35891,5817,690,580,16441,1483,20085.72,7426,11366,592,1075,2240
490671,131301,36992,3312,854,147,34016,1175,98134.2,15710,12013,855,3102,8206
204806,53436,31376,2910,717,573,26025,1463,40961.2,2411,816,585,183,589
80467,15774,19582,2773,999,524,6036,602,4828.02,9419,12738,1503,3144,7083
193734,14345,10977,5555,361,185,16901,239,23248.08,4858,2185,1850,3218,4252
108506,3185,23466,4061,899,676,2077,1206,13020.72,11412,3549,1538,123,9841
119751,31819,26694,2988,349,521,6384,309,14370.12,12482,2996,1938,3909,7681
391050,47779,47376,5104,327,770,48898,258,78210,4750,9106,1250,1717,2745
415904,82421,33978,1590,572,161,36441,1483,83180.8,8314,11517,666,991,9542
297486,65584,9218,2335,814,289,37917,430,59497.2,19137,10877,1304,1466,5897
178229,19950,21788,406,611,925,18897,499,21387.48,19870,11674,1748,829,310
471079,58032,20501,2907,193,420,6608,1821,94215.8,14545,8909,705,677,7621
378452,99273,77989,2485,580,195,43244,75,75690.4,14438,11664,1363,3629,1548
455299,28036,103733,1988,317,33,17778,296,91059.8,15195,2181,1430,4887,1159
116081,5820,15210,305,436,671,9364,1385,13929.72,15741,13363,891,609,9818
468949,3052,74225,822,858,596,8791,182,93789.8,11632,7140,1598,2674,3515
99045,11609,12721,3643,486,569,14851,1082,5942.7,5371,3314,441,3034,1738
44698,7397,10997,4195,735,872,3504,1575,2681.88,16572,9098,736,718,8408
120078,2302,29508,365,320,407,17880,1580,14409.36,9458,13497,1841,90,9097
352767,67819,42653,3710,332,776,39474,1429,70553.4,16754,2495,391,2686,9036
32671,9799,4758,3281,165,296,3117,526,1960.26,15763,13876,1911,236,2965
428400,15620,40950,4893,645,919,6771,1755,85680,17097,5637,434,3243,9191
365528,30461,8916,5888,729,536,29278,1808,73105.6,18283,9172,100,3728,8887
445323,20750,65911,3115,986,35,16238,1210,89064.6,12122,5878,1271,482,9389
96202,122,23797,5396,703,263,8626,1899,5772.12,16367,12675,1321,1689,1425
61663,9472,4398,2317,259,381,2658,1048,3699.78,9165,8662,989,2269,4680
25708,3727,2452,2042,702,113,3699,298,1542.48,9346,3852,1854,1513,1877
364050,57602,20243,3809,455,616,35091,1215,72810,5770,13769,1438,3291,8508
321955,25523,29379,4381,155,604,35663,690,64391,12444,13113,104,1255,2543
143883,30766,30740,3834,992,600,1531,572,17265.96,12354,6125,58,4751,9651
328394,66060,19984,5436,842,442,11358,1964,65678.8,17101,5561,209,2376,5055
122547,9079,50,5885,422,162,15505,1154,14705.64,3091,6437,94,3262,2379
475298,139471,6590,3082,510,37,31623,1784,95059.6,15534,13475,601,1343,2279
396393,60726,40205,662,334,91,45722,675,79278.6,15290,12782,1367,666,7440
44754,10986,594,3581,984,630,781,990,2685.24,15621,6823,50,3208,3600
236814,16532,13105,1934,805,722,34193,503,47362.8,2843,12228,1976,3027,1330
247714,43162,37499,824,249,671,2551,1230,49542.8,19261,13249,900,3930,439
152483,3749,36641,5226,239,100,10515,237,18297.96,8100,5723,500,4262,7063
143983,11353,11628,2022,395,880,12613,191,17277.96,8512,2666,714,4258,3916
470486,112313,42032,719,388,506,8704,1051,94097.2,3561,10855,563,3468,2672
224835,28477,38516,4528,873,178,11410,1130,44967,11303,14074,1728,845,2083
411896,24570,87157,4164,230,283,6438,1246,82379.2,15623,3407,1163,3508,9533
94896,20837,1476,1367,264,951,6518,1403,5693.76,18587,11100,1125,1024,3089
487095,142509,119558,1700,425,354,5786,428,97419,12831,2910,918,2225,1757
81295,5336,8032,1719,229,903,4151,83,4877.7,2863,14650,1143,4014,4474
229686,63370,35788,3433,717,296,13199,497,45937.2,15980,12410,307,3552,3497
372833,4551,89973,3936,328,885,6093,236,74566.6,17328,5154,875,3061,8191
283255,68359,26240,4302,458,534,28691,148,56651,14824,1729,472,870,9700
309648,54880,10922,929,710,949,31902,1818,61929.6,15255,379,1470,2291,3853
142874,12916,8066,4716,658,487,19283,850,17144.88,10725,2895,75,691,4361
18155,0,3897,5550,409,278,2638,611,1089.3,10931,9002,642,3873,2939
476872,47636,32600,2134,935,543,5016,843,95374.4,17563,4620,151,1371,917
311528,73927,46176,5618,441,649,39277,1058,62305.6,16201,12264,1753,4102,6492
384705,78194,8167,5300,440,592,45056,943,76941,17413,12677,590,1139,7410
57254,9663,12816,4431,691,930,2960,96,3435.24,10565,1160,862,4567,5626
294062,67847,21164,2653,913,354,21327,1891,58812.4,14140,7558,490,1614,8356
95981,7225,20429,5986,212,318,9444,1256,5758.86,19884,2975,1961,4631,2208
463929,49756,100537,3355,743,194,41684,406,92785.8,18903,9704,404,2650,7389
40306,8175,8117,3240,554,803,1306,959,2418.36,18746,11629,251,2242,7270
157718,38553,6359,311,629,92,17143,524,18926.16,3476,1481,1748,3913,3680
318987,25993,75829,2430,474,432,21622,1781,63797.4,14911,12723,374,4299,5567
130975,30492,25882,3403,530,557,14202,925,15717,4012,8088,1364,3017,6846
368745,20981,58981,1731,830,26,16610,1993,73749,5324,1617,1142,2832,9378
493951,24143,74868,3457,459,414,53949,488,98790.2,12144,940,1007,904,7728
117512,12067,615,1734,492,161,8499,403,14101.44,7855,11948,152,489,9720
157443,23916,12401,1256,819,843,19762,773,18893.16,15961,6921,1547,2553,8328
480587,107044,116254,4158,624,100,60353,1246,96117.4,15161,4755,1839,3854,5096
383616,111957,41936,5108,205,698,55864,402,76723.2,2530,11948,1636,4099,3018
143121,3815,29372,3934,996,949,10036,450,17174.52,15516,11173,1745,3654,8876
172688,31836,42276,4203,574,472,5208,1609,20722.56,3631,3286,1097,903,2458
375871,49999,67875,5675,291,705,7442,1801,75174.2,2846,670,709,4653,2975
385037,103013,81782,540,810,157,43628,183,77007.4,15909,7227,1720,2771,9640
293076,70309,61700,2255,525,491,21132,276,58615.2,18176,10393,1820,4488,6265
127796,12446,8109,2312,375,968,7045,894,15335.52,4246,13316,1180,3021,1030
301999,30733,23758,5291,623,918,7624,1591,60399.8,11654,11110,1244,2147,1365
202506,53620,23091,4365,174,8,18163,1592,40501.2,4197,11708,173,2099,3007
475910,76000,108592,5871,839,211,56215,1409,95182,19747,12738,237,1026,7476
184088,48632,13317,3103,514,438,16969,1516,22090.56,14923,1389,1544,2668,1051
279544,21576,69001,4203,244,896,12549,1318,55908.8,5602,5988,763,3415,8761
390002,3320,51423,1324,657,823,31973,60,78000.4,11050,3775,543,3134,772
183714,10750,25622,900,714,678,22091,1708,22045.68,10969,9621,495,3223,6749
25151,4698,1007,2629,965,854,1346,989,1509.06,10241,1344,1164,4195,1206
454623,26572,6800,2998,731,785,12982,1645,90924.6,15224,9074,1901,3874,8671
76690,20057,16493,4994,325,809,6929,1947,4601.4,16734,14145,180,1560,827
14499,0,2771,3326,793,991,1847,145,0,2375,12766,842,4279,4140
16295,0,3883,1442,557,110,2237,1549,977.7,18406,12000,97,2406,979
393029,116528,2600,1311,639,840,50193,182,78605.8,4672,5296,309,4750,6008
398215,38826,71054,5924,608,202,37607,314,79643,14570,1709,379,1033,5011
331184,89051,29369,1403,562,759,44445,1900,66236.8,3029,3939,1395,2225,1896
284327,27867,16689,1946,487,64,7351,658,56865.4,6375,12074,1436,718,4601
432515,60231,81459,2000,480,714,56937,743,86503,18776,4133,690,2556,4744
153946,726,38469,5352,362,160,16626,995,18473.52,16281,5827,459,3197,7430
388480,91356,95939,518,872,413,38313,808,77696,5517,13730,1200,3596,2182
42711,11652,958,3888,494,644,2100,651,2562.66,18194,7567,862,1067,3801
277683,72233,60012,1026,725,689,9441,1683,55536.6,9501,8247,936,3819,5169
194423,44678,3538,5885,696,704,1737,929,23330.76,10675,8474,469,967,7902
464483,107561,60021,4913,673,265,10110,892,92896.6,13049,4168,729,1314,9835
189426,12963,23404,1111,495,571,19138,35,22731.12,6923,13364,1002,3122,6894
398207,64360,50782,5756,972,204,17776,788,79641.4,18311,1075,1803,1979,4450
143629,1081,9983,5209,397,666,8439,1079,17235.48,2086,13787,1826,2893,2338
310504,20269,59315,5009,773,583,24027,1064,62100.8,3643,8613,368,2475,2238
223090,37528,24642,4821,474,155,26507,382,44618,10910,8384,485,2991,2578
143272,13436,13467,1883,616,172,20400,168,17192.64,4229,1764,1795,1898,8017
253548,65602,58178,5830,240,307,12300,170,50709.6,4469,847,556,4445,6655
471713,96261,205,4337,443,449,52584,1641,94342.6,16994,11525,1840,2338,5387
188047,25212,27409,1182,690,61,20910,738,22565.64,8596,14933,969,4606,7478
293501,33332,12442,731,673,372,40552,1479,58700.2,4248,1389,1267,2398,9105
129121,25401,26290,4334,808,459,18465,597,15494.52,18966,10570,126,1547,230
87505,13393,5691,5796,798,474,9539,1514,5250.3,6119,1994,1681,3687,8278
12869,0,2045,1247,999,380,1574,1317,0,2872,5630,813,4321,788
267186,2251,19504,5784,818,716,32223,1681,53437.2,4383,10645,1135,678,6170
464351,99108,64270,4207,408,571,11815,1287,92870.2,5721,5315,978,3711,7690
322252,27027,58051,1967,236,85,1854,246,64450.4,16222,13811,1465,3423,5439
122296,31846,6030,3282,307,935,11136,1985,14675.52,15887,11635,270,2763,666
104179,21015,16562,2839,643,142,6050,147,12501.48,14428,11320,1337,2476,122
100272,9583,21551,2413,335,862,5077,1988,12032.64,16323,2416,662,795,4543
48467,1235,112,5307,493,6,5340,440,2908.02,8897,354,1430,722,3619
295472,23104,41716,690,970,294,605,361,59094.4,13510,1315,1876,469,7926
363556,12224,74624,382,890,690,45666,221,72711.2,3094,9571,1945,522,61
490047,60624,46982,1302,665,738,14976,657,98009.4,6487,12492,1260,3355,2478
145059,38784,27444,780,718,518,16515,107,17407.08,16314,11122,161,743,6369
68871,13036,8977,1076,658,651,7071,1979,4132.26,11320,12487,1404,19,8063
425615,85469,34571,4389,689,525,29252,1238,85123,17269,7558,808,4903,217
138391,12392,26415,2054,165,33,6157,1780,16606.92,3654,14062,1484,3048,3500
449430,4141,15389,1548,674,889,55730,1153,89886,13267,6918,1336,2123,78
96416,23350,18682,1436,349,934,6613,1961,5784.96,14626,3024,1304,2594,535
342415,75082,45038,2999,333,751,29016,575,68483,13961,5403,949,2666,8594
316208,70871,72795,3556,458,328,44227,299,63241.6,8769,3748,555,1685,9926
266687,5077,45168,1835,965,831,31263,1458,53337.4,9873,13366,731,3345,1519
211163,46015,12546,3544,657,608,21576,1892,42232.6,4102,9444,1164,594,8285
117450,5611,2154,822,430,779,13225,1385,14094,5852,13923,1077,1480,191
181890,40857,8766,1994,983,637,3633,223,21826.8,3453,9810,1562,4425,6835
448741,59902,11230,2552,307,33,2676,576,89748.2,11372,14748,519,1563,3754
291974,5577,5902,5137,509,794,1215,1510,58394.8,2786,12330,483,221,6504
420645,20002,66758,3909,408,405,18861,1600,84129,14564,6814,1525,1459,5309
410109,50711,27050,577,306,17,15860,1397,82021.8,5219,12708,170,1023,8185
126381,34275,1501,447,574,429,2264,891,15165.72,17195,13270,375,4242,4045
483125,34831,74586,5173,755,427,31740,693,96625,9258,8088,709,1242,3119
57333,2000,3574,5502,928,913,7790,1008,3439.98,8699,1375,1100,3939,7487
144508,30962,11157,4814,170,292,969,1131,17340.96,3773,2282,851,4163,5757
215362,63413,19575,2885,788,902,6628,1374,43072.4,13764,14596,1206,2352,6556
348357,95119,58940,3954,496,579,600,422,69671.4,16506,13787,1727,4121,6197
409111,66830,40244,3920,499,748,37223,1415,81822.2,17959,5121,4,1836,9433
160810,15096,17945,2739,534,79,22325,1858,19297.2,3625,9350,570,322,485
302890,36833,14962,5552,587,85,9524,1646,60578,3471,11051,1260,2676,6163
59377,14090,2522,1239,605,571,2716,75,3562.62,19730,7058,1690,4588,5184
451620,24398,100695,4009,773,47,12708,249,90324,11306,10174,1522,4089,1442
326189,61554,77332,4637,895,690,31300,240,65237.8,2013,3493,1042,3779,7815
370032,50755,24450,5394,695,867,17165,1249,74006.4,3826,9091,64,3037,2695
443006,64994,100382,1523,229,83,61152,816,88601.2,6152,7790,1859,2076,1985
379599,63884,53494,5638,601,606,1434,1496,75919.8,4561,6747,1345,1930,4635
146672,18825,17504,3663,744,307,14852,1699,17600.64,13841,5917,235,1150,5035
235732,17482,45728,3323,690,251,14965,1286,47146.4,12584,1823,665,3895,4111
365323,54225,30041,2117,638,480,25592,14,73064.6,3902,4743,288,1259,2506
181836,9318,10715,3672,792,844,26795,340,21820.32,13350,9045,235,1925,2032
215615,41256,21803,983,672,179,2702,664,43123,10596,13675,748,3340,7117
55714,11241,3370,5807,541,595,3991,495,3342.84,9916,4436,421,1248,1147
460051,108721,61726,1532,723,309,8651,1464,92010.2,19242,4552,390,2094,2592
112946,15574,1908,3685,508,936,16189,549,13553.52,16387,2750,732,1479,6663
381760,113606,37075,916,182,425,56397,36,76352,12189,10809,755,1866,6888
115983,14650,20880,2373,285,485,16915,1657,13917.96,18592,3874,1028,3424,3875
476960,28930,21134,3210,749,661,1977,1807,95392,16197,1492,1160,3559,6502
197563,20171,44065,5407,559,38,13837,768,23707.56,10109,13674,1420,2650,1748
134123,34864,3587,2317,678,278,11469,1198,16094.76,3822,8271,749,4589,5968
421805,11801,95559,4523,240,815,46828,435,84361,9741,1753,935,3942,4646
315628,51360,45153,4808,562,624,33058,292,63125.6,2545,4969,1071,3729,3190
92989,22372,2413,2484,448,375,6077,300,5579.34,3127,11515,557,1141,8628
308356,16559,22555,1657,636,928,43435,1677,61671.2,15355,12813,1087,2220,9768
315669,32334,10952,4966,914,638,6614,952,63133.8,18630,9473,703,3308,1512
188274,39937,3457,3363,222,40,16896,1697,22592.88,8444,8674,540,2071,9955
173707,13288,8464,2768,867,669,1639,1985,20844.84,2619,3929,1553,1109,3107
335352,22398,66686,4220,410,717,8446,1950,67070.4,3958,9472,1693,570,502
305972,76230,32264,4536,839,46,37584,1362,61194.4,8681,12867,1737,3138,7428
421927,12191,47553,2239,461,483,55001,978,84385.4,11421,5177,1042,3085,9136
275564,18051,54359,4156,974,184,19021,1963,55112.8,10548,6023,1199,456,323
368896,61715,9808,350,881,71,51117,1046,73779.2,4378,790,1800,3855,1952
141373,10737,4081,3276,834,568,16434,349,16964.76,2884,13150,1748,3780,4664
448452,65140,39222,5824,314,750,799,848,89690.4,11950,5122,1536,3770,7347
125294,25251,24987,1660,989,573,9939,1089,15035.28,15031,3978,744,2398,2370
469451,5147,8933,4036,484,341,39410,1418,93890.2,11649,9920,759,3220,2503
457456,50508,68207,4102,651,568,64402,432,91491.2,8343,4573,217,4519,2582
134019,19643,31217,4102,881,963,16620,973,16082.28,18934,5753,1997,1033,8474
75726,6199,6387,665,953,242,471,1000,4543.56,10391,2654,1574,4587,417
151564,33314,19008,3255,310,994,2204,569,18187.68,19827,283,1756,2315,4288
387812,103535,21883,3345,539,327,31017,1016,77562.4,17071,6779,1590,211,4616
278246,40733,43401,2303,909,993,7181,28,55649.2,10468,6094,1783,4543,5874
191408,18467,15380,3201,220,635,6259,1106,22968.96,16102,10584,1514,383,536
128015,34808,18212,557,241,981,8330,1499,15361.8,18437,2126,307,4350,7569
226386,67288,28174,3759,510,152,20885,1458,45277.2,2163,8340,1478,3494,1014
264079,58959,6861,344,470,254,18096,640,52815.8,8798,12400,1855,4448,4336
36641,1849,6094,568,394,728,950,1156,2198.46,15697,944,1047,13,282
175656,2642,39113,1634,173,423,23094,114,21078.72,18197,8542,282,3756,7688
173817,1600,24363,971,706,231,3796,1057,20858.04,6517,13036,1769,880,4811
426309,60740,87846,5697,850,528,51525,636,85261.8,11445,3083,1394,2896,9911
469321,112255,39300,3938,552,591,54571,1101,93864.2,11521,2448,1601,3440,7282
375890,86322,54808,534,522,495,18083,274,75178,11177,13965,1729,4942,2094
455101,44565,5943,3507,435,175,4110,343,91020.2,13380,12996,1142,2466,6993
46631,3799,9848,5864,982,550,3372,679,2797.86,7359,8753,248,4094,9869
252289,1132,8793,2700,590,142,30897,80,50457.8,18214,1415,61,3863,9811
82991,5491,5439,1717,744,16,5581,1985,4979.46,7652,4825,1020,981,8890
14014,0,711,5389,883,248,1128,606,0,19464,4458,1423,2137,9668
283237,10931,33971,4670,501,34,30366,720,56647.4,7148,2526,1163,1744,3072
28070,7633,7000,5305,368,800,2386,1983,1684.2,16769,14886,551,3961,4294
307921,50639,42351,3554,634,999,8583,71,61584.2,4265,12699,1241,4545,6508
66958,5009,14411,739,592,998,168,1168,4017.48,2848,1358,1033,1470,8787
92074,26133,13117,5482,367,145,11280,1061,5524.44,10657,8068,959,1817,6591
20729,2113,3131,5267,851,925,2052,473,1243.74,6661,13331,566,3294,8027
240785,1044,56286,950,216,726,19592,1020,48157,9711,12995,846,3713,6166
186089,46691,20114,333,180,164,9377,170,22330.68,6599,1144,1007,4994,5767
207392,35199,19050,3052,471,110,24556,39,41478.4,7661,5313,1112,672,7375
168823,24363,21125,5262,399,646,13056,1196,20258.76,15636,5050,1539,4102,168
115864,1582,28558,3332,715,73,16159,423,13903.68,8111,14208,473,600,943
403002,79910,50396,5227,159,975,20861,1222,80600.4,7515,5003,1276,336,6981
219141,21301,44846,1410,827,667,28002,887,43828.2,10610,14419,1406,352,2506
377654,74329,20396,3581,434,726,13556,1879,75530.8,16570,12220,1046,358,3404
64748,1620,10741,761,302,353,4720,1245,3884.88,19843,9801,1636,4872,4016
15801,0,3204,621,693,273,1713,1625,948.06,8029,3137,560,175,1409
160262,22259,22580,4810,678,942,23003,797,19231.44,18981,3958,361,1186,9534
452905,20655,38973,2174,520,278,35280,1698,90581,11381,4754,771,3901,8076
245362,33005,23574,3339,450,659,27837,449,49072.4,15706,13311,1408,3909,8914
454209,21602,90155,2537,966,30,53741,1451,90841.8,14098,9429,960,1746,1952
39592,4025,658,4321,295,525,5642,1923,2375.52,17924,11618,678,4685,4470
282791,11110,62167,1556,736,534,39446,1471,56558.2,14237,12363,1410,1282,9496
149788,6073,12122,2739,785,509,2678,644,17974.56,7528,9007,1263,3589,5093
229963,10195,43827,4309,201,513,33049,431,45992.6,2046,12187,1848,2868,5660
490761,1537,13335,3540,553,924,37694,321,98152.2,14120,7497,1338,4227,236
258710,17138,54928,4563,851,177,16813,1886,51742,3286,203,623,1545,8872
230984,44328,21677,3602,290,328,10820,1818,46196.8,12140,11615,206,4831,8558
382771,46202,28223,5569,237,570,16005,1175,76554.2,2942,4954,758,2096,2646
342460,40164,29814,3011,576,800,28924,1847,68492,12893,12677,1258,2986,1026
268067,54659,43185,1709,233,687,21042,1068,53613.4,16002,5263,1909,2041,6333
274512,49692,42325,2728,392,171,21546,1019,54902.4,15142,12144,273,3754,2833
87575,21894,7735,2132,255,395,8105,323,5254.5,19287,14663,1172,2805,6728
278799,24845,19514,2324,753,594,4632,411,55759.8,7452,12067,567,4453,2067
247549,30562,56196,3646,504,937,19047,1284,49509.8,19515,1812,691,810,983
80031,8697,17351,5293,170,979,9127,1242,4801.86,4368,14991,1917,4914,2256
479645,83049,83324,4231,155,996,10534,619,95929,10658,12565,1927,3365,4204
494299,68681,25061,3211,370,734,67224,46,98859.8,17763,4729,1304,2710,4222
97922,27818,9947,5257,970,34,5594,644,5875.32,6057,4921,159,1457,1989
458982,62532,81080,4545,236,296,816,1796,91796.4,16559,8603,1911,3245,7773
134046,13100,20014,3513,841,468,3866,1711,16085.52,19519,2440,1093,1832,2117
416619,57705,80331,2463,602,950,55340,632,83323.8,11670,14099,1831,3273,5766
42097,3720,2968,5219,491,494,2846,840,2525.82,6383,4522,1363,3662,6936
481873,124336,23653,1752,542,621,45935,302,96374.6,7572,8731,1264,4977,2242
152038,4067,1579,3053,501,234,677,1213,18244.56,16493,6163,924,1459,6862
134862,36963,31758,3201,395,908,10446,1946,16183.44,2659,7353,708,4431,579
240229,59025,43755,5849,835,38,29803,771,48045.8,2185,11603,162,3558,8511
128834,30728,5992,3371,262,218,13815,1712,15460.08,19815,9070,1106,1949,4829
103848,9244,50,4346,732,216,11175,983,12461.76,15184,2660,1638,3180,5318
62921,7281,6452,605,307,705,2489,858,3775.26,19130,12673,1483,3961,9393
190798,2509,37921,1684,960,674,7232,576,22895.76,5834,4618,1184,2603,7210
136141,21400,15340,3667,386,627,10506,863,16336.92,10724,13326,1890,3831,9663
191372,48270,46668,1874,848,839,2446,335,22964.64,9259,11678,1897,2283,2569
294821,72069,55175,1172,392,672,18272,1878,58964.2,4863,13076,1637,1225,9293
65609,17065,14970,468,315,600,1720,1243,3936.54,13316,2756,239,1895,2962
237897,63644,53452,5878,183,980,26479,1852,47579.4,2640,4370,1965,3629,8224
459877,80206,68323,1903,404,419,65759,659,91975.4,3484,7995,1735,1594,6461
41024,3932,2155,1330,451,652,4760,611,2461.44,5792,2587,485,1197,1140
80313,14595,7019,2034,369,823,934,1142,4818.78,12071,3832,670,4639,7618
399957,59473,54512,4742,181,173,58656,1644,79991.4,3331,2566,1226,1308,9757
194078,45809,20614,3967,918,712,1308,903,23289.36,7452,10678,1859,3704,7002
367429,38328,26190,5130,658,866,46265,81,73485.8,17895,10949,423,2601,4643
418554,36784,10928,1576,631,813,41185,1036,83710.8,9575,994,1017,4060,4469
471243,23723,48425,842,382,867,32967,968,94248.6,3643,10893,1220,766,4707
495988,60646,74134,654,364,112,53258,1956,99197.6,8859,3981,1065,1525,6287
123632,719,11571,5108,391,878,15244,477,14835.84,5710,6192,213,4785,592
483351,74,86117,4336,394,939,48625,298,96670.2,11987,7425,683,4693,6162
422724,124173,48974,3739,169,173,5074,91,84544.8,15620,10049,252,4603,2210
261451,26498,44655,883,359,73,20377,749,52290.2,17776,3905,16,4333,5413
13051,0,2740,810,871,836,928,695,0,8193,7632,1683,3716,5305
189819,20541,46607,1246,575,798,20317,1713,22778.28,10430,9116,115,934,8367
386836,45929,79455,3773,221,636,39701,721,77367.2,9402,1177,1915,720,6334
490358,123199,103716,1498,823,535,50749,1299,98071.6,2318,9288,1227,1889,3930
97235,2149,4499,3171,327,31,4,303,5834.1,10753,12729,692,2136,7218
457237,26028,37677,4295,672,253,65081,867,91447.4,7212,275,811,4330,833
207484,29545,48246,4221,448,496,8471,786,41496.8,12569,12835,1936,38,9332
199407,14033,43862,4473,415,112,7590,1860,23928.84,17779,3802,794,2091,1904
459395,31673,58973,4835,669,194,3019,1296,91879,15787,1857,150,4455,334
435309,30974,52414,3603,644,527,38125,1435,87061.8,14230,14677,245,1087,4215
472894,102511,25602,2747,424,440,18748,35,94578.8,17358,5205,1081,4059,3647
221810,64824,52141,3584,854,488,28975,421,44362,3507,6049,708,1621,9178
442950,23525,29692,1516,972,496,37594,1501,88590,9089,2071,506,908,4666
213687,57804,40422,1590,920,723,3249,1525,42737.4,15736,9923,240,3971,9557
83523,15043,15982,4521,202,619,3901,337,5011.38,4020,14367,1719,2331,7950
246175,41846,51376,801,961,23,29108,581,49235,18325,12135,1115,1618,4343
104476,11725,21760,3171,757,289,13972,627,12537.12,18538,5069,1636,1789,5484
243841,50227,2920,686,965,895,21541,1433,48768.2,9378,4408,1629,794,46
289163,53028,24085,711,971,307,25058,462,57832.6,19988,549,1964,3639,5325
355757,37383,63964,5765,549,303,19423,1536,71151.4,11876,5060,1948,842,4419
232866,29483,22925,2306,563,854,20794,80,46573.2,11471,13278,1421,3703,9075
96672,7265,5615,5513,753,630,9699,1502,5800.32,14343,3290,391,3528,588
83847,22763,4315,2447,805,692,11360,1409,5030.82,2868,6048,45,3358,7428
354894,75652,68319,4168,638,950,16,419,70978.8,5013,2464,154,832,1127
220706,15733,9605,1638,651,37,7083,1463,44141.2,2682,1723,1093,70,1657
38251,9118,2808,652,456,385,5075,34,2295.06,12455,841,1926,1086,7020
113481,9247,3331,5264,566,744,12566,894,13617.72,3461,9105,510,588,484
384710,23840,51330,3488,658,580,53094,794,76942,18529,8390,281,2842,4295
35945,4674,797,1602,679,81,4547,500,2156.7,7627,3696,1449,4625,6967
362996,34929,68382,1146,787,117,10905,1730,72599.2,3820,6012,29,2959,1318
42217,2251,929,5498,815,820,4701,183,2533.02,8962,12898,720,1923,2514
18308,0,3091,5843,155,49,1710,557,1098.48,10796,10950,261,3037,3149
278093,31362,58618,825,571,668,26583,1171,55618.6,3606,12595,1346,1701,7043
193062,20953,12775,2824,600,73,12388,1287,23167.44,19931,2127,82,2984,8942
404366,84664,7549,2178,576,694,47756,1628,80873.2,8973,14640,1490,1209,6276
230552,47356,52632,4405,539,105,6230,839,46110.4,4772,8680,949,3611,2923
110235,12061,19726,3930,483,700,8661,1512,13228.2,11577,5746,1239,4928,6405
84740,6041,9409,5679,597,817,1324,1649,5084.4,12011,11162,1755,648,7655
388496,78209,94520,4109,487,783,36045,1882,77699.2,8975,6245,1826,112,9061
338761,61954,37538,3119,997,598,1624,281,67752.2,12846,6633,34,756,3688
235913,61869,5833,3207,237,861,7249,614,47182.6,12311,13845,4,1984,9142
289040,21059,23386,3377,418,325,25811,201,57808,11137,6187,869,3689,8825
402942,99864,100349,4130,214,683,16502,573,80588.4,11497,6363,1029,1032,5586
187247,44722,33805,1358,827,763,26459,1629,22469.64,8582,6661,1270,3797,1513
148877,17548,6242,2789,213,355,7303,416,17865.24,13986,11926,1116,1992,4817
15237,0,32,3948,419,467,2004,316,914.22,13514,10441,1814,1141,8446
30056,470,1459,5566,806,655,787,1251,1803.36,3350,6559,314,2253,7956
186615,30337,24832,5988,526,283,6520,915,22393.8,14912,1823,434,1739,1380
197628,1468,12321,3564,994,184,2475,1091,23715.36,18012,452,1213,1231,9403
124548,24309,6162,3901,930,153,2767,982,14945.76,14625,10662,1892,584,2512
383632,66344,32407,2593,478,853,42387,796,76726.4,9985,11671,543,3890,5790
144415,24747,4073,974,667,117,16626,1837,17329.8,17999,13117,768,3871,4820
416716,72255,17667,2178,782,266,37848,1503,83343.2,15395,6411,432,1396,6258
456438,81899,16035,1311,570,384,44998,676,91287.6,9280,14761,1249,3513,9750
39375,10591,6732,1093,462,836,5464,1124,2362.5,19059,3862,1259,2451,819
150734,37841,3487,532,458,254,21106,242,18088.08,2368,6682,1563,851,258
26964,8012,2184,3327,963,240,3913,1113,1617.84,8770,5978,1905,4603,8339
123429,18029,24934,5741,995,170,13735,1972,14811.48,11395,567,1222,3700,3278
262764,46660,29075,3909,793,941,8207,900,52552.8,5360,14003,1444,2290,3693
200710,41017,42185,2473,951,616,4611,1623,40142,19855,9962,1564,3443,7927
476882,50281,71031,3684,338,547,55561,126,95376.4,19732,2230,1170,2767,911
226139,767,18681,4906,870,577,6703,618,45227.8,19053,11462,111,658,3100
77215,3895,14781,5903,191,184,2782,833,4632.9,7727,12846,1131,1867,8469
341186,58026,39865,2628,739,901,6163,1422,68237.2,19638,14145,1554,2344,9115
154356,42968,8469,1097,469,701,18207,1325,18522.72,14611,12900,434,4475,5582
213861,40097,45167,5702,806,666,16065,1517,42772.2,4008,10838,1491,4569,5204
487880,145693,81738,3984,594,892,70459,999,97576,19210,13031,372,3873,1977
365612,76870,19928,4787,523,409,40970,755,73122.4,10740,2900,270,20,9473
464605,18174,76521,4777,435,738,12620,1720,92921,3634,7758,919,3176,3607
19435,0,391,2889,320,652,1570,775,1166.1,9908,12353,1896,1123,5572
457556,99189,66504,5001,754,587,5520,1444,91511.2,15623,10237,188,3820,779
185150,40502,10382,4511,412,145,23305,1636,22218,17548,4823,1588,82,2308
350976,36674,70687,808,684,37,34853,1976,70195.2,12304,3537,711,532,2573
61293,4492,10420,1763,953,489,5069,1788,3677.58,6719,2496,1535,470,7934
499197,71805,109122,3662,291,261,73759,1165,99839.4,6448,10623,1138,2734,3248
88781,21701,20748,3410,297,125,11317,1924,5326.86,17280,11657,1722,1691,8163
201475,17194,19691,1347,589,603,25312,252,40295,3007,8045,6,3007,6457
170196,26811,32020,5171,777,795,18232,72,20423.52,15448,8444,1490,3595,3427
236507,43723,43560,5462,742,344,13197,1237,47301.4,19394,10521,1371,3969,2664
316063,75235,27256,5589,565,260,45100,378,63212.6,12965,9961,1099,2845,3893
249833,59238,6125,4735,174,442,24491,298,49966.6,9664,12316,857,1766,2028
262377,2147,4370,468,776,974,35445,944,52475.4,15908,5404,1634,2214,5976
176319,33383,4838,1861,243,878,293,1402,21158.28,15749,1608,579,3961,506
131172,33715,3134,3472,454,107,19580,491,15740.64,7057,918,1057,2429,2051
366902,38445,43199,874,334,968,50723,683,73380.4,6461,7057,1542,791,5769
494963,106170,77092,2042,432,556,60392,1975,98992.6,5152,770,1461,4747,5163
465968,133085,33822,4870,304,879,12454,303,93193.6,5130,7210,730,1361,5840
328717,85617,20113,4316,835,436,16652,1949,65743.4,17869,1248,450,2693,960
69101,16874,2669,2658,834,513,7073,1952,4146.06,14625,4199,1376,4152,2946
298790,53502,49427,4324,815,944,25723,1521,59758,7534,5862,139,3214,61
376329,37755,81617,830,163,712,52494,1765,75265.8,6469,4164,313,4404,8541
33049,8733,5717,1290,965,89,879,1956,1982.94,5380,3274,466,920,4
220677,9479,12282,2420,789,214,7649,1969,44135.4,3630,1053,1843,223,2091
370260,75361,47659,5813,490,626,55398,1260,74052,11337,11053,633,2699,6538
369523,21304,64575,5264,753,318,45572,1253,73904.6,12586,4489,1232,1135,5620
78385,2926,14201,2741,932,603,7978,1030,4703.1,2035,6046,823,3608,5192
136131,40050,16289,2828,883,837,10503,1730,16335.72,19108,14448,81,809,13
443374,81171,24406,2820,622,697,6384,255,88674.8,5297,7215,770,2294,5644
206489,48615,31286,4708,968,771,30541,1194,41297.8,2890,1029,1420,523,3967
33289,4376,128,1761,971,669,4956,1575,1997.34,13041,892,95,419,7700
382370,9490,94463,1251,257,56,49885,1311,76474,3400,6175,318,131,7102
372937,21252,23461,5408,480,558,22334,1763,74587.4,15499,5696,388,4578,7318
281967,6862,20710,1264,689,401,38116,233,56393.4,9919,3816,1688,55,2239
201232,44927,19952,2434,588,221,5571,872,40246.4,6101,8120,1109,4465,3712
314119,69959,13448,4754,858,474,39842,1718,62823.8,9571,3362,370,3335,8798
19540,0,2402,994,861,107,2502,492,1172.4,14596,2900,1906,4796,2418
26364,6870,1647,2544,815,862,985,1234,1581.84,13197,6828,1095,4615,2957
407827,61991,101860,3103,533,811,12831,1885,81565.4,16800,1774,1075,4742,1851
37663,8159,2193,4211,731,179,2421,1390,2259.78,5749,2352,463,3943,938
61991,2073,10239,3324,309,176,3377,228,3719.46,9105,7392,1119,943,6148
198751,22554,20739,1708,581,486,24949,344,23850.12,15618,6837,1284,4130,2506
376326,49853,84054,5537,545,413,48314,1790,75265.2,6703,13786,1891,4362,4584
172049,31826,26547,4893,764,691,7104,76,20645.88,18215,5768,826,2646,1056
104704,10111,20287,5303,637,36,6783,1483,12564.48,2600,10538,1816,4705,2885
59115,6825,3613,3278,897,574,111,264,3546.9,15558,1751,335,4562,1801
363151,77990,51431,761,338,267,10732,1527,72630.2,11751,4879,1879,2565,5368
229295,40736,25476,1917,567,784,30868,743,45859,17179,12686,13,4328,2003
201962,24530,12875,716,492,801,18582,1672,40392.4,6957,1820,716,2376,5192
207459,12516,10686,5886,510,923,21677,1599,41491.8,16578,4242,1494,3612,7907
159143,47058,17536,5901,258,387,11460,244,19097.16,12231,4001,563,1215,6125
200347,40544,34062,1688,998,353,15614,428,40069.4,6576,11395,280,2793,7301
475585,74255,48216,4667,450,813,57511,1114,95117,13982,11926,1242,4673,2432
21938,4886,465,4787,517,269,3153,444,1316.28,8012,13184,1095,1902,6410
438411,126598,31653,2894,404,268,32837,1256,87682.2,9940,11636,55,2277,3434
363824,93721,21673,5120,465,441,38724,862,72764.8,19774,8827,1017,2188,1848
14000,0,2175,2046,854,304,1425,453,0,9526,13773,1233,1094,6395
211660,37387,19629,3801,220,245,6074,348,42332,6286,1667,1316,4920,3750
373186,21575,88636,3159,418,177,2572,1117,74637.2,15947,3564,709,1023,8756
365754,108649,72190,4278,995,66,34422,421,73150.8,15534,2045,389,2000,4186
261492,39643,25063,4790,650,276,22292,714,52298.4,7189,1734,1432,1714,8964
375835,10100,19322,5057,358,207,9923,489,75167,3827,1690,1427,2772,8549
48304,11204,2626,1152,627,306,5708,685,2898.24,12631,4470,790,3933,6407
341593,7856,12693,3590,325,549,34129,1147,68318.6,4005,6684,1592,2172,3528
92986,5401,9241,2011,388,630,8524,581,5579.16,19545,12140,1204,3412,9100
492859,30988,29778,2825,759,537,26828,614,98571.8,8590,9413,954,880,9218
161836,44443,36843,3946,591,517,12516,1256,19420.32,2167,4018,117,863,1050
118940,10912,12651,2330,750,273,17506,1087,14272.8,17105,7833,336,2391,8501
489243,113430,25966,536,913,232,1957,1630,97848.6,15587,369,223,1186,892
310638,87904,9275,1356,641,113,42919,162,62127.6,12192,5035,316,3597,8759
275517,67306,45606,2560,248,133,30106,779,55103.4,10480,900,822,183,627
153233,12305,1658,5991,478,424,13241,303,18387.96,19421,6330,335,1085,9849
107532,9969,6932,2726,475,824,14041,318,12903.84,8198,4741,484,907,9777
364802,12404,14248,1325,594,689,25793,684,72960.4,13556,1150,1299,1878,1363
395777,8989,24437,1208,815,24,23082,1029,79155.4,12323,13420,258,3580,2330
110386,19360,6959,749,444,559,13331,1324,13246.32,14656,9942,1856,4237,6161
37350,3737,1817,868,591,279,930,1881,2241,5973,3245,292,629,4067
103008,26287,8382,3798,944,925,8502,100,12360.96,11376,12229,1186,3800,7566
366441,65472,89891,3160,957,342,35657,415,73288.2,15183,2818,503,4629,1442
35351,752,6015,2626,180,812,1758,963,2121.06,12545,4030,1659,2540,6323
98668,10661,6376,4609,280,810,14414,1383,5920.08,13859,11401,1534,624,3111
124585,34160,18905,1608,877,71,8081,1154,14950.2,14997,497,1551,2746,9438
418521,6789,3476,1017,676,951,37109,894,83704.2,2199,8251,1391,2901,4086
347497,27181,69902,1269,587,200,40914,385,69499.4,18338,709,1020,4622,9054
217869,14385,48974,3645,475,325,471,1043,43573.8,18562,14694,3,110,5209
75953,17061,12458,2785,416,32,4417,1746,4557.18,3724,6093,770,3916,9626
329602,65641,62878,3955,435,96,28812,294,65920.4,3179,13274,619,112,622
292502,44247,20615,3018,440,556,35948,395,58500.4,19251,3949,1296,2513,6039
13267,0,2972,1203,517,262,312,1468,0,17531,11073,1707,828,5719
92745,1946,6548,1750,635,873,7816,291,5564.7,2977,7318,190,46,7122
361732,5544,68560,1755,704,913,50296,1513,72346.4,15707,1640,1001,2841,2564
310657,13275,29559,4530,317,69,16482,347,62131.4,15522,11823,1121,580,387
167164,39753,1264,831,620,812,20033,1288,20059.68,10857,5665,1705,455,476
21338,5904,855,2567,916,292,493,764,1280.28,12264,13180,609,2979,8328
141484,34550,6587,632,319,916,2157,43,16978.08,12715,14277,1680,2230,1654
17543,0,1251,5549,920,729,483,74,1052.58,19166,7781,535,1607,6706
378035,19641,3870,5844,495,206,51329,52,75607,6297,10565,676,3013,935
436712,71749,34094,1621,227,171,42383,1309,87342.4,10038,5429,1281,2810,8244
70692,14485,9217,5923,234,757,8697,1906,4241.52,8732,648,1655,702,3271
230156,15605,49513,4352,810,925,12497,65,46031.2,15159,13653,781,2685,6113
233992,50713,17602,2008,350,394,8552,37,46798.4,5550,833,1417,3249,3821
316569,20390,66141,3826,738,255,41113,765,63313.8,7590,10449,782,1264,2911
48756,9867,5959,700,510,263,532,1829,2925.36,7085,6086,548,632,7940
28888,3981,5427,3930,911,900,2011,416,1733.28,12674,1218,313,1870,7711
176807,9493,13003,3337,714,263,2357,710,21216.84,14265,13528,429,2342,1733
319439,71218,59538,4291,961,516,31193,747,63887.8,18147,9106,1716,57,2022
124352,5782,20827,1778,451,9,10975,1492,14922.24,19343,5809,593,3608,8344
355186,95335,83197,2214,442,270,46831,1078,71037.2,10755,5846,253,4370,2413
95999,9137,16782,1357,443,741,1969,843,5759.94,19108,7315,823,1358,77
27955,600,5453,3293,258,311,2347,115,1677.3,9221,11466,748,2541,4719
309985,22760,51324,341,514,369,12628,1620,61997,10438,1117,524,4261,497
80640,1524,19194,5196,749,566,7171,278,4838.4,15830,9215,1698,116,599
206582,52918,47501,2470,827,898,17018,453,41316.4,18257,13698,163,2822,8894
438127,49402,39042,326,643,552,2601,1165,87625.4,19631,7137,1353,2390,6088
462247,91656,87601,3833,416,649,15639,607,92449.4,16916,14126,504,1601,35
229798,65614,10844,2918,242,390,25312,1072,45959.6,19611,13746,348,3955,5350
410573,35891,84859,1470,834,958,59780,368,82114.6,10824,4473,929,288,8944
435695,91009,90933,3998,213,114,58552,369,87139,8435,2232,535,337,489
71476,7064,13189,1010,577,574,10250,300,4288.56,14541,8990,180,875,1318
316955,45836,43739,3499,787,343,33375,716,63391,8142,13463,538,4410,9124
177280,8417,38733,2723,517,409,6421,1946,21273.6,10850,2564,1480,4599,7209
161222,13362,29715,2318,891,545,5258,970,19346.64,19507,10692,1992,1290,5795
81180,1209,6348,5060,254,377,3065,1375,4870.8,14744,13703,1097,4235,6977
184358,37921,17580,5178,358,763,7866,194,22122.96,8300,202,1163,2036,7666
122856,4898,17596,3198,723,455,7253,1328,14742.72,11075,5477,1678,4352,4661
340594,18562,823,2347,901,422,30595,249,68118.8,10888,5505,1026,794,6248
424568,64510,92008,5502,623,443,53478,257,84913.6,14616,10383,795,246,1428
196141,10871,7084,1858,210,196,5570,989,23536.92,15617,6239,264,584,6556
384032,7610,77991,3894,495,867,51189,1979,76806.4,10906,8204,1446,4544,5298
120448,27382,10607,2022,161,362,10770,1473,14453.76,5989,10318,541,2767,5977
24397,703,535,4352,615,409,3409,1894,1463.82,18625,4346,1592,1976,806
444771,70246,84930,1951,798,763,1179,58,88954.2,13197,7165,790,4264,324
188031,328,10819,5522,344,573,21086,1244,22563.72,11531,3962,1437,3663,2171
403944,46451,11969,2078,223,393,31760,1595,80788.8,11935,2914,1343,1327,3069
453733,86148,63059,983,535,736,56087,1557,90746.6,9414,11219,399,681,1531
129180,6794,17333,1579,285,508,10112,1880,15501.6,17878,2672,1143,2503,8858
76234,120,11700,2594,704,867,11423,1385,4574.04,12870,13886,419,2799,8972
49954,6749,543,2310,585,565,1332,941,2997.24,18259,7992,1309,3845,278
188352,46531,36668,1515,188,670,14416,1076,22602.24,18106,4415,45,1374,3648
89459,17348,11945,2882,692,293,2744,786,5367.54,7400,817,1380,2320,5339
419995,20608,102528,2193,803,881,2260,560,83999,19825,1593,1103,686,3317
205004,15450,46526,613,469,24,6120,975,41000.8,2606,2664,767,755,2638
476152,83996,47717,4294,705,236,69034,528,95230.4,12109,2002,859,2056,999
427682,56017,59426,5792,849,460,52565,497,85536.4,5109,8555,885,4886,7236
440155,57676,101170,743,502,320,5478,638,88031,18749,10048,403,3116,3929
210968,11560,18630,1971,663,99,5798,1020,42193.6,14668,10573,1485,1163,494
438486,50468,106572,3216,632,739,49357,154,87697.2,9343,9026,1132,2733,5830
69163,17580,12813,3566,565,689,5380,1002,4149.78,6041,13812,567,4768,4976
485853,33123,115036,4977,953,407,25475,1810,97170.6,11176,9347,1244,3417,5781
61934,9718,4601,5779,972,154,8939,1770,3716.04,19508,10511,237,3288,9972
205967,61241,12930,4943,519,977,13164,1513,41193.4,9996,10798,1828,3566,4475
435523,62637,4333,5527,492,433,27205,797,87104.6,10682,4844,466,1674,6144
326242,28,70935,3395,474,750,43402,77,65248.4,16528,12588,1232,2555,5213
464137,47599,17839,4860,516,433,46804,1197,92827.4,15165,14135,189,2806,66
15486,0,2185,5441,485,142,336,1641,929.16,5644,14565,960,2197,8645
149407,43662,20195,2164,445,528,9953,319,17928.84,6224,6231,668,3037,5086
359044,107323,27848,1015,173,284,45836,1055,71808.8,4026,918,125,3334,5124
136020,2024,23693,1191,591,4,12566,1972,16322.4,2020,10364,637,2961,2755
112795,13503,14947,4107,253,522,4928,1942,13535.4,17554,3663,639,3781,1354
230184,54943,46729,800,561,719,21533,1315,46036.8,17186,1194,1628,2221,8253
152202,10303,36450,3082,723,435,20382,521,18264.24,12689,4816,1495,244,938
359652,82674,50998,2940,814,417,5934,1338,71930.4,7018,13788,82,341,8560
247027,25345,1854,4802,924,80,17322,613,49405.4,13755,1036,42,8,7544
128324,29505,31558,1653,443,544,12811,629,15398.88,14939,11738,713,4574,7603
332710,59557,2985,1002,392,816,37323,668,66542,3453,10688,1315,2069,3610
207775,1906,43585,2633,491,376,6538,1290,41555,12663,8903,886,276,7219
299336,40167,40264,2494,782,158,39324,1445,59867.2,12321,10551,144,2814,8959
273206,7961,33326,2309,322,785,21652,244,54641.2,15052,7959,181,3156,2877
94076,26140,19280,683,565,626,6252,590,5644.56,19859,1241,1168,4148,2239
99780,25794,1254,2358,252,216,14571,671,5986.8,2935,7827,1183,3132,2663
162617,12031,15667,2623,309,772,6121,1114,19514.04,10426,11543,911,4770,100
31689,1460,1681,1185,406,669,2873,869,1901.34,18418,14404,1330,4950,4475
283318,81218,10006,1891,863,44,34218,1459,56663.6,10530,5002,1395,4519,833
360605,80729,71819,5359,706,631,5105,640,72121,14219,12686,442,2006,6514
398318,28561,45076,4698,725,214,38404,1512,79663.6,5525,5435,766,4666,9147
375177,50568,68861,2551,345,510,33971,13,75035.4,7978,8935,790,854,8209
19348,0,1241,4740,540,127,1872,898,1160.88,13875,6566,1679,768,7694
426930,73302,3143,2083,219,253,53643,285,85386,12682,13973,543,1522,2080
48102,13460,3037,5221,842,549,3024,670,2886.12,14707,4383,1601,3243,4828
84460,17812,12417,5685,992,876,6144,640,5067.6,19089,11895,871,3283,2588
374778,37146,31300,4417,396,721,51207,685,74955.6,6847,5992,1861,2229,8128
99930,7529,18165,2883,478,351,2191,1421,5995.8,12532,9356,713,3791,9757
16801,0,1477,2029,307,605,1678,931,1008.06,14494,10767,993,408,5994
113150,3071,27606,5515,847,540,14610,1709,13578,11316,2121,1725,4581,5940
213339,16939,39916,5864,892,163,24216,1974,42667.8,7334,3069,413,4102,585
189208,24931,7551,562,734,648,12574,931,22704.96,11791,14638,626,429,8965
164697,44460,35436,2931,204,534,10729,1450,19763.64,6530,9389,419,1359,7980
223945,66576,54087,4126,635,130,21208,1011,44789,2238,12785,261,2677,574
241915,68222,56422,2730,392,597,19395,1384,48383,14805,9066,1836,3618,1152
213664,12666,50316,5969,963,695,7619,42,42732.8,17072,9278,800,4028,2568
218124,62119,47680,691,502,503,24819,910,43624.8,14100,2436,1028,3072,4913
447477,132851,67782,3236,559,423,41099,1317,89495.4,12395,6714,311,3475,5610
11542,0,2557,3972,876,748,400,1368,0,6631,5123,539,3802,1400
293821,16459,63411,839,164,183,33492,811,58764.2,16939,2497,902,1648,1961
187804,20710,43901,1415,296,825,26140,1019,22536.48,8474,10665,749,3978,9729
191415,22219,7649,5578,639,670,12451,620,22969.8,6461,14522,1082,3612,6599
49081,5057,511,1183,805,981,103,1265,2944.86,5565,4419,914,1909,2653
203928,60663,41209,4623,174,522,4047,1078,40785.6,5108,2213,829,457,9976
365249,18733,888,2719,760,553,62,566,73049.8,2464,2552,1322,1943,4753
229930,19157,41983,1699,840,234,28445,1869,45986,12226,5086,49,2890,828
291209,35030,57135,1876,482,130,19949,1751,58241.8,13086,2059,1777,1207,2565
224532,19613,29424,2384,323,696,26802,1465,44906.4,4920,4693,1972,3603,7148
98092,10308,8791,5086,924,13,9738,106,5885.52,19194,13789,631,4417,8818
326837,83028,11075,5456,439,813,39352,1336,65367.4,7909,7525,869,1525,7789
299106,86282,22699,5609,719,765,15847,1207,59821.2,8629,2250,1573,3884,9205
38295,5188,2064,1835,995,658,4072,1153,2297.7,18782,2243,1766,684,4876
23807,610,1758,5053,940,379,737,1522,1428.42,3075,6674,1424,720,2574
445564,29680,5413,389,294,59,20030,635,89112.8,13011,12497,722,1803,6741
167504,37825,39305,5558,271,926,9982,417,20100.48,9598,4874,1306,4814,4178
486501,102302,3569,4490,176,291,5290,48,97300.2,19269,2928,164,2359,6349
248067,74400,1242,1954,215,159,34748,319,49613.4,15771,8311,1918,4418,8352
495008,36445,102633,2201,250,446,1819,252,99001.6,13432,5881,262,1762,5952
461070,5796,30085,2979,537,537,12736,1878,92214,7259,12684,293,2923,3984
443478,47218,76023,2470,243,576,26783,1415,88695.6,8490,641,208,2090,5585
178152,39131,18309,665,216,385,11480,1092,21378.24,18125,2262,888,3674,6616
404540,8123,96307,4260,399,69,37551,1465,80908,2657,5441,668,4485,5682
363411,8222,36163,5909,291,381,35663,476,72682.2,11577,9975,306,2275,1595
176981,24074,21615,2672,416,684,18140,1962,21237.72,4614,9017,363,222,5047
230411,29825,57333,5391,701,973,18711,829,46082.2,16629,14541,102,2223,4893
29870,4071,2743,818,364,987,2128,1400,1792.2,2771,10955,1515,3292,7256
437794,107112,8039,5291,638,224,19580,563,87558.8,16770,11742,398,4517,4641
213196,61978,8198,4010,645,507,26793,1568,42639.2,9933,7176,1679,1328,5642
258683,68322,34354,1129,629,664,36421,1555,51736.6,8357,11519,608,2923,3278
244677,56321,49977,2933,792,39,10619,1999,48935.4,4082,6313,778,1841,5618
36790,870,3824,570,639,145,4955,740,2207.4,10963,9350,1952,524,1308
128874,36964,17652,3286,150,365,6254,186,15464.88,18287,9430,351,4307,2781
297433,25988,3436,3838,158,609,4259,699,59486.6,8363,7755,1260,1861,6666
458345,35507,93550,4864,990,247,28670,702,91669,3163,290,91,301,384
234786,23806,40857,5114,529,11,28826,111,46957.2,8941,2964,1918,2696,5584
497462,130364,16057,1307,993,986,71873,1207,99492.4,6882,6078,1171,3884,5066
25485,4133,1310,2617,293,535,1499,292,1529.1,14623,1717,1008,1696,7883
316626,17043,75355,904,989,736,31544,955,63325.2,18285,12726,1052,1701,4829
96188,10225,15465,4773,451,509,10260,873,5771.28,7056,8239,1039,1856,2618
14748,0,1036,476,799,244,1022,360,0,5693,6247,1885,3373,9707
227841,42616,13457,2621,566,974,33166,501,45568.2,2772,6864,1424,2520,4750
150507,9241,477,2014,958,170,20354,983,18060.84,2723,4012,1976,1920,2760
275853,453,60022,936,328,31,41088,1330,55170.6,19602,9632,205,4767,2749
133961,9896,8906,2923,427,625,17434,1820,16075.32,19089,8576,1751,4457,5408
40355,8184,9868,4455,293,720,2952,1762,2421.3,15354,8586,804,3248,9215
196843,21826,18546,3078,488,994,16727,648,23621.16,11473,8407,1868,530,8223
461015,10976,98812,4052,608,814,13606,85,92203,6537,3352,17,509,5198
416332,114176,72855,960,851,428,9782,979,83266.4,15607,3874,1862,3261,9940
166542,33586,33149,4665,480,34,7036,295,19985.04,18994,5969,1915,4648,539
183416,4868,1845,3487,419,204,4828,1475,22009.92,11923,7036,176,4939,2937
315062,81932,23684,4640,336,889,22316,1194,63012.4,11844,6408,1674,3742,4884
324368,97170,29858,5055,815,383,6583,1379,64873.6,15987,13626,440,609,9431
49298,12171,9910,384,321,904,2148,1483,2957.88,9975,12025,720,2134,7778
352363,89647,59204,3970,553,265,6044,278,70472.6,15709,4580,530,4715,5093
71629,920,4629,1206,617,576,747,1894,4297.74,13388,8537,1093,4091,6982
338184,86840,5704,3821,396,442,3356,251,67636.8,10036,14203,627,311,8213
240907,2017,1776,2175,672,609,5188,1031,48181.4,15088,9831,977,2322,4120
300160,7957,57255,4258,708,696,385,585,60032,9314,12460,820,3184,9773
33960,9420,2284,2436,927,749,4233,1343,2037.6,9880,2098,521,1857,1065
305735,4792,31236,2896,978,484,28919,1174,61147,4399,3944,1280,293,2592
223920,55982,1244,1153,260,984,6246,604,44784,19758,9885,1280,550,2554
375477,13237,1333,806,962,469,1735,375,75095.4,19980,2098,558,4043,345
252804,51586,3669,707,452,265,18941,1388,50560.8,8284,6610,1253,2570,4910
386965,81787,83120,5690,622,985,13686,607,77393,13488,14124,666,880,466
470857,19252,50946,823,940,914,37590,439,94171.4,2745,11099,664,1116,3383
308539,10707,55333,5913,441,743,33946,141,61707.8,13512,14173,1241,2716,152
139695,34206,27277,3350,401,108,14422,591,16763.4,5155,13223,614,604,7481
425916,94276,50606,2697,737,488,33647,1894,85183.2,17958,6031,905,3069,4202
306764,3543,1933,3199,324,177,17889,1775,61352.8,8025,12886,1187,3047,7369
244286,44135,33514,627,258,248,3657,1808,48857.2,8061,6634,1965,4649,2511
138148,39111,24357,2135,489,835,10497,19,16577.76,6240,8471,391,2049,2416
292703,35031,62958,1609,997,871,16656,1906,58540.6,15049,12859,992,4135,5037
496261,65747,6827,5018,163,4,60216,11,99252.2,16880,7987,957,318,6247
365540,57851,30844,2835,842,156,17990,1992,73108,3171,5796,924,4768,5941
202714,55311,48965,2341,471,229,29266,635,40542.8,13151,1385,52,2924,9792
217611,46577,25664,2834,933,627,2447,121,43522.2,4722,5824,993,777,6589
293876,65867,792,2492,192,260,39264,1863,58775.2,10874,3259,1498,4584,9011
269747,57196,39695,1055,610,827,27427,424,53949.4,19893,11668,873,3087,5114
101362,8169,17651,445,251,320,1324,228,12163.44,9935,7167,3,263,8338
433570,57894,42510,5416,774,126,10249,596,86714,4263,14330,1584,3118,4547
285987,14591,39137,4122,854,27,20286,1951,57197.4,8886,11412,1647,2932,1673
124065,31711,14800,3874,158,850,18113,932,14887.8,4284,4134,1220,685,4727
343870,48893,84610,1927,298,509,38122,877,68774,12335,14108,681,1283,170
27640,727,292,5223,487,227,2722,785,1658.4,17542,12537,629,2475,8572
62528,11054,6864,2158,373,640,4676,28,3751.68,5266,1637,1098,603,2678
310557,88534,36790,5022,259,540,2894,134,62111.4,8215,10560,1856,3600,3317
269214,10929,30885,3898,503,178,27939,1575,53842.8,11109,5303,204,4433,743
324782,60091,65214,5691,233,675,47563,100,64956.4,11143,12128,1619,2292,9864
455952,94192,76544,929,704,671,34729,375,91190.4,10346,8229,545,4167,4928
120133,15567,12102,3466,215,831,12616,645,14415.96,17586,8849,1376,125,8882
378501,28840,48110,3818,537,909,31928,1939,75700.2,9564,2473,525,3252,7614
209938,52553,43878,4652,770,287,4862,1334,41987.6,8352,11723,948,2564,5815
160159,23831,5171,4214,763,493,19059,1463,19219.08,19821,5894,1355,3106,8912
182502,13265,9589,1204,284,264,18323,1864,21900.24,15133,2525,1226,4118,4328
165576,5424,18077,5855,235,466,16397,692,19869.12,5044,8192,768,661,7131
410330,20625,64874,2917,233,394,47993,1480,82066,3451,13476,1261,3439,6526
351003,79622,72246,3089,376,431,45782,199,70200.6,9087,6013,775,116,9072
371801,29187,85772,407,409,434,49897,720,74360.2,3288,2251,401,1978,557
414191,35929,38227,1342,169,387,57314,1623,82838.2,19759,7560,1412,2881,5903
21023,4548,1562,1688,184,808,2227,1148,1261.38,6279,10182,1918,675,2606
31447,4155,1112,1976,904,536,2010,470,1886.82,6594,3575,639,4552,4539
493685,56630,7048,5798,592,144,27189,1952,98737,17192,13406,734,4502,568
398043,90639,22568,4555,419,174,14640,1045,79608.6,2999,350,66,3724,5405
296103,9215,17545,4495,884,519,4570,49,59220.6,8338,10445,1173,1517,7916
76203,6617,17413,564,555,313,7709,1774,4572.18,3044,8250,1157,4296,4569
391300,87580,94449,4121,657,620,35714,725,78260,6893,11916,855,4327,4100
170775,11926,33746,3097,453,128,12811,1818,20493,11270,10375,1434,4893,5774
19337,0,517,3420,819,513,2468,1583,1160.22,15313,7582,1236,1975,8057
56427,16160,13185,976,434,9,4506,65,3385.62,7260,1965,1572,3680,7966
333673,83096,25358,5194,697,346,20462,1932,66734.6,4136,7694,1524,879,4522
374167,89876,11023,3786,959,116,34675,1153,74833.4,4927,12108,632,3916,4106
356809,24976,28756,5478,178,410,36759,301,71361.8,3834,14531,225,4137,9085
115787,27626,21513,3006,540,396,2663,1350,13894.44,9754,4200,802,3944,2027
172993,32720,11145,5866,565,830,8127,383,20759.16,16921,9313,1406,1739,1791
305451,59789,47259,4269,916,10,34650,1802,61090.2,15476,1154,1571,759,2098
430571,4700,18839,5720,291,397,16712,1774,86114.2,9384,284,188,4035,1419
137016,7860,27410,907,795,607,4367,537,16441.92,15675,8809,1782,3400,2420
276979,7526,11447,5974,805,975,12462,702,55395.8,18162,12641,1241,1118,9170
30159,5559,3266,3725,958,891,2205,48,1809.54,6379,11153,1403,1462,5522
188677,39500,21033,5632,490,92,21101,318,22641.24,12235,9097,1792,3018,9869
393934,68049,75665,2694,394,101,59031,20,78786.8,5954,11733,1199,2844,3408
377760,73366,13907,3159,915,97,45196,1456,75552,3962,5565,210,1544,5734
441304,56096,21637,5196,154,281,51318,590,88260.8,5567,8764,1753,2493,5624
350896,7910,38196,1460,598,964,381,591,70179.2,16523,1294,342,3108,421
327428,81383,22369,5449,415,978,11784,8,65485.6,14127,3473,487,1916,7124
329187,71185,2589,2147,640,806,15024,148,65837.4,5010,7718,993,3317,8371
176619,50248,23560,4357,388,859,9625,1460,21194.28,5863,9295,346,3570,9622
369151,74656,3034,1791,399,667,53296,1907,73830.2,18073,14593,322,4610,2624
92844,1951,169,2321,440,656,3881,498,5570.64,13647,5064,493,594,1443
37532,10165,3239,4898,692,420,3441,1911,2251.92,15739,4516,1510,3952,829
175421,14352,3415,3315,781,363,12436,1078,21050.52,9325,1382,76,770,6593
132402,9746,19952,5610,228,210,10396,296,15888.24,19128,5527,1958,339,3564
128012,28997,11408,4866,670,666,6747,517,15361.44,2556,10677,975,4709,1802
448661,41954,3484,3037,599,753,18583,768,89732.2,17334,3098,2,4493,2671
408929,89719,53987,5764,705,507,19916,1886,81785.8,6725,10145,537,3,2185
66178,8804,14923,2348,883,75,2729,703,3970.68,3851,11141,1476,1927,4099
59407,595,6878,4505,293,322,8787,900,3564.42,12611,4689,950,674,7989
473556,29592,61104,4254,269,889,8038,1252,94711.2,17819,10201,2,4419,6054
60990,7875,4552,1193,714,451,3910,1270,3659.4,8275,13765,1847,3619,465
478888,62665,39612,1387,726,686,44079,1022,95777.6,9454,5292,795,3149,8191
139473,20823,19410,5151,325,622,7502,281,16736.76,17506,10788,238,4779,4669
468761,5972,95533,4448,219,970,36568,768,93752.2,8437,8713,1267,3778,7196
488007,15882,120877,2609,963,929,8162,256,97601.4,10209,1403,426,3911,9727
330285,66394,39952,3900,782,17,11262,1116,66057,15159,3871,541,3325,7562
427009,71055,58945,5721,352,290,32298,213,85401.8,19055,13264,342,3256,7891
328714,23769,5380,3233,950,785,35591,1829,65742.8,16303,13874,1425,3839,7642
236156,25020,50298,2581,329,749,34260,552,47231.2,8092,7749,1540,4877,9586
178964,42748,20710,372,742,197,19700,1691,21475.68,11330,7171,1877,339,6786
11015,0,2684,1680,716,161,631,132,0,2160,8213,620,1074,5147
71813,19838,111,5346,840,416,3902,916,4308.78,13553,325,828,1894,3187
37712,1030,592,783,759,383,2309,1520,2262.72,18178,5301,256,4153,5556
110497,24290,7413,1329,259,199,4937,1854,13259.64,6414,10813,63,1400,751
411631,46073,31578,4081,573,745,23801,85,82326.2,19966,13691,730,3190,9689
252926,75791,14726,5272,814,894,15856,1619,50585.2,12177,11154,141,1914,6691
122816,1447,24563,4079,652,851,13363,1419,14737.92,18220,7161,1320,3848,2330
138778,29195,27015,2131,555,497,12052,901,16653.36,10243,3890,765,2902,8589
72292,2850,17622,5254,786,979,6394,1948,4337.52,12857,3359,1096,4559,3670
295977,28400,71519,2320,240,42,8172,876,59195.4,6705,6342,963,2607,2235
145230,11953,19178,1078,443,81,6457,759,17427.6,17804,3797,692,4807,8613
203752,40874,26990,3775,542,538,3296,871,40750.4,18093,3514,1752,2721,1665
292453,23535,60197,5023,186,303,22168,956,58490.6,11155,2777,414,4609,2162
279114,75536,36366,3577,666,580,39991,1570,55822.8,13902,12564,1145,4169,4558
344618,75039,52955,709,999,198,15698,248,68923.6,10117,4585,1338,1328,5953
489920,81029,99830,1359,811,405,31472,1866,97984,6932,11290,735,2855,4195
318684,4055,41911,2609,465,929,31726,1660,63736.8,3149,3824,449,250,9691
161456,38170,17886,5550,321,426,12451,563,19374.72,4559,10558,751,3079,8909
290161,28251,53619,1900,555,460,38328,288,58032.2,12369,1810,804,2114,3101
348024,4532,44296,5287,411,883,17358,408,69604.8,3067,10310,755,4509,903
115570,4924,22791,4843,633,479,6276,1805,13868.4,17743,5496,1585,2854,765
280846,48037,8301,2533,176,727,6224,732,56169.2,6283,8609,1217,492,1811
403600,78082,100658,1952,644,123,55645,308,80720,14531,5020,525,1022,4174
10404,0,1223,1597,204,527,133,60,0,2922,13392,1422,3301,8382
444159,77926,98529,651,981,637,21555,1527,88831.8,16205,3063,280,3446,4941
188998,13280,35779,5832,398,525,23021,780,22679.76,19934,11475,1481,4737,3992
432405,89654,36894,3522,422,38,63689,526,86481,4982,4232,1371,1533,824
284907,70400,49250,2731,408,198,37573,1334,56981.4,4044,13624,1775,961,4923
159456,42084,5458,764,927,107,23145,1716,19134.72,7813,4053,519,1486,9747
201172,33989,41770,2813,340,267,28470,199,40234.4,9097,10759,1721,3002,4210
370286,101164,22300,3466,724,979,51955,814,74057.2,3597,10465,377,3417,3353
150932,26849,2699,5553,595,352,20200,1964,18111.84,4321,590,1783,2125,7160
245365,10702,29485,2509,651,310,15308,1376,49073,17260,12542,1463,132,2527
352786,15385,40285,855,765,389,5133,1098,70557.2,3317,14338,500,3476,3862
60612,9336,1019,599,542,39,4079,1983,3636.72,19941,14102,909,4799,5645
295718,65421,32471,4166,557,858,31876,755,59143.6,3069,13951,83,1386,733
295668,31225,48671,655,949,780,8773,1294,59133.6,2497,14347,1065,3845,7771
210244,36021,20270,5659,920,580,16243,1044,42048.8,2104,4197,1292,3673,2597
283060,3782,13698,863,822,151,6262,1059,56612,7042,4446,1554,4291,1208
14809,0,1482,4309,832,969,1585,197,0,7204,14493,33,3897,1565
173273,51833,6729,5188,258,186,16614,1176,20792.76,13340,8854,473,2739,3826
194402,24094,39729,1322,801,429,6454,43,23328.24,19367,5208,1892,3000,8951
154528,23866,11171,1490,754,863,18267,640,18543.36,8434,6217,1197,1882,5686
459613,119774,79483,3510,252,456,61442,553,91922.6,8482,9743,1751,3243,5094
393432,84585,60684,2204,375,752,10103,954,78686.4,6629,13709,1396,2666,5473
48765,9951,6013,2336,502,226,6031,1568,2925.9,6647,9326,822,1383,3180
438032,125695,49948,1326,309,427,58028,870,87606.4,9540,14015,959,3722,6721
317250,3513,34725,555,553,203,4176,509,63450,18510,9635,505,4138,8116
326076,13335,19450,2718,856,778,10147,415,65215.2,17110,3575,184,4733,7837
420316,44140,13300,2863,473,117,58642,1985,84063.2,15300,710,199,3466,6581
329235,80373,4441,3251,294,828,37251,408,65847,15258,5068,1983,1525,3414
31949,2072,4819,5631,903,803,1368,295,1916.94,19998,11996,1632,1212,8110
211152,31007,19332,569,614,967,2266,953,42230.4,12636,12153,1156,3460,9580
309888,56947,20115,5947,281,393,17035,1888,61977.6,2098,12891,984,2788,7504
186615,41297,33869,1227,242,973,2110,626,22393.8,3506,14898,1066,3186,5841
380463,93220,87404,363,422,221,14775,1893,76092.6,5475,4265,103,4452,3743
102193,26393,9229,4855,853,896,3098,202,12263.16,5257,3342,1040,4249,5952
46187,8328,4231,5435,683,62,2755,575,2771.22,14566,3109,1112,352,141
148311,22754,13615,1342,343,395,7548,914,17797.32,16116,5413,1513,672,8257
396598,86335,14732,5744,319,4,20432,984,79319.6,18759,2966,1709,3001,7129
286633,9107,25367,5303,609,333,30459,795,57326.6,2235,12962,160,904,6070
199089,5993,45134,4488,160,291,13559,1993,23890.68,6753,1808,836,1295,4651
71877,5021,9970,5168,330,507,1177,1758,4312.62,6163,1890,1806,1963,38
446341,117595,111296,1109,381,144,40517,847,89268.2,9111,9161,1577,2794,4522
322066,52066,981,2341,178,953,25618,1391,64413.2,11391,427,910,539,3614
104074,13546,25841,3388,681,661,2556,1449,12488.88,9699,10786,1984,1675,8255
173121,42942,21554,1946,154,158,11876,1233,20774.52,10808,7542,702,2601,9473
47131,3870,8935,5235,695,921,6817,1621,2827.86,12145,1007,1079,1032,298
446160,9190,81666,787,289,780,55946,945,89232,11009,6560,682,2105,5671
125765,26723,18815,3381,177,958,11127,738,15091.8,2052,747,1617,1388,6229
346107,78422,8566,2047,247,962,42583,1483,69221.4,13221,12463,1989,2379,2559
116884,16779,26329,1048,411,830,7596,361,14026.08,7386,5716,801,3730,9323
135917,28174,6349,4137,907,10,18468,475,16310.04,15003,10284,1217,1699,7926
296429,29086,10728,827,168,68,18855,303,59285.8,14679,923,1488,1592,9438
309770,17322,36214,1467,161,703,21162,184,61954,2190,11453,1909,4715,9110
183880,42596,21545,4949,686,613,18769,264,22065.6,11910,10713,68,4376,1433
491680,125604,45588,4910,674,963,8157,1437,98336,9354,314,1043,140,746
457087,100814,18953,3841,614,543,918,401,91417.4,5472,10642,1677,1804,3316
291342,83569,68408,4772,737,201,15102,172,58268.4,7273,6861,1227,1504,4317
422974,85610,74904,4039,408,265,4747,1751,84594.8,4585,4235,1859,4762,8520
25254,6041,1335,783,173,107,1603,877,1515.24,12517,14346,296,3812,4777
54238,3435,5413,751,157,53,1603,1106,3254.28,2450,9540,1210,179,8436
11252,0,597,4369,377,950,947,1613,0,16174,6651,49,3728,6687
311908,53331,49264,5955,525,337,21965,1345,62381.6,10956,13709,201,178,4094
349853,28942,20156,5494,272,189,50233,906,69970.6,12745,10134,422,2561,7547
440657,113457,13423,4697,239,238,24007,345,88131.4,2481,7882,1181,2784,6859
495450,52389,38062,5971,962,950,72086,1095,99090,17038,11352,164,3033,90
325826,53014,42805,3433,605,342,42368,1474,65165.2,16480,11941,1326,920,8493
331638,32826,1987,2073,373,849,18487,1806,66327.6,6648,13382,1149,1243,8729
91317,11122,4829,5922,885,290,5635,1900,5479.02,18459,4361,1753,2270,106
337359,21322,83905,1298,406,322,22300,807,67471.8,18166,12695,1964,1003,3853
88587,2971,11434,2365,664,320,8208,1676,5315.22,12527,8669,1005,922,9421
16949,0,252,697,982,784,432,207,1016.94,3460,13112,312,1522,394
248897,8314,57467,5402,932,41,33004,1365,49779.4,9501,338,899,3840,3079
327537,93831,17007,2103,967,954,306,1056,65507.4,15377,875,261,4448,8870
214625,9628,35924,2451,297,197,22265,1405,42925,13440,7676,910,4104,6158
148013,42122,30211,2246,536,888,12720,1409,17761.56,3998,10771,620,4651,7939
35934,3345,3389,4017,850,632,23,1132,2156.04,4590,13679,940,2788,4288
426602,117174,9458,3715,848,906,63475,988,85320.4,17303,10986,593,3246,5
266434,15357,41400,1694,587,845,34283,877,53286.8,12659,9458,848,3022,7233
465102,20365,67628,4428,849,283,17335,161,93020.4,3097,2036,443,718,1774
347889,39029,51857,2721,785,806,5407,15,69577.8,5494,11328,480,4692,978
486467,1737,64367,4219,186,181,414,1037,97293.4,4141,9072,611,785,7348
366600,74632,36527,3383,810,611,37616,742,73320,8503,11271,1642,2298,2770
325557,85474,70648,3088,255,10,25999,245,65111.4,10488,4566,856,4086,8136
460016,78218,16937,2144,764,882,15145,1069,92003.2,4772,2547,626,1000,6162
369383,27499,37672,2104,381,744,4985,1841,73876.6,14037,1265,1947,2746,524
314462,46157,1112,1189,295,441,24353,1648,62892.4,2317,13186,332,1460,9149
260875,56247,35545,2803,166,628,7650,1924,52175,18655,10012,287,2824,8455
473389,128411,97276,2193,308,423,43407,554,94677.8,16543,7883,1967,4673,2424
80390,8266,15587,1966,965,499,10380,1425,4823.4,19751,13838,1426,3796,3901
193401,294,10025,4644,431,387,22905,1071,23208.12,9021,12772,30,4373,5211
263490,24596,34082,3365,427,575,27767,1727,52698,12642,5232,1742,2594,3418
53088,11434,3493,5375,274,687,5457,1433,3185.28,5311,6605,955,424,6711
257940,58382,60482,3941,834,453,16833,713,51588,11850,10350,1579,670,5413
375340,38098,79098,3375,569,997,43895,1477,75068,10800,6040,406,3774,6505
443027,4655,11304,1559,469,594,27752,141,88605.4,3092,11435,1511,2697,6984
327623,83029,56625,2520,824,926,13137,449,65524.6,5784,3526,26,1895,7950
226464,46228,7015,5741,864,1,23012,1212,45292.8,3944,14729,501,3284,1597
228441,3771,44885,2718,631,810,12708,1754,45688.2,4871,6424,640,953,5308
292107,74099,71246,5967,999,728,15051,1480,58421.4,11134,4706,1173,3630,5537
327267,56799,12588,3138,816,241,27175,1787,65453.4,15652,9121,1927,3485,3608
135911,17558,20967,3096,473,808,19335,972,16309.32,8604,5051,1348,406,3584
374612,99468,87440,1086,544,59,52277,1812,74922.4,11649,8249,279,3955,2506
233777,58436,24256,3667,922,367,1537,822,46755.4,17817,7470,1659,3534,7438
345621,92103,58348,5235,335,714,35936,115,69124.2,9639,5863,1312,123,2521
286532,32376,25052,2747,615,941,5687,875,57306.4,4138,9785,1931,1770,9774
15569,0,1145,3429,206,39,1895,513,934.14,10480,3102,771,4825,5280
79836,21922,15436,2198,878,314,7803,898,4790.16,8115,250,575,4495,6960
114573,12388,21815,4803,607,556,8376,12,13748.76,5344,7605,1742,1801,4962
439802,29332,58479,3884,357,297,58492,276,87960.4,9681,8431,827,1187,1005
268090,46737,60200,4459,863,630,27981,1952,53618,6686,6222,904,3355,2458
153087,23495,18089,4249,223,916,9479,1275,18370.44,8699,9160,1577,169,723
55002,8434,517,2767,633,642,1750,915,3300.12,16017,3168,1844,2704,1291
257666,51952,17604,2493,234,449,25820,892,51533.2,14835,6566,1996,1327,6521
147326,20991,2506,316,781,394,10438,227,17679.12,14845,8909,201,4795,761
420360,27472,98120,3322,163,791,22871,1169,84072,17281,8355,571,3378,6588
165286,40030,20709,5293,989,561,16557,216,19834.32,18607,13094,1385,4228,5075
221791,26849,44840,5411,790,87,19661,748,44358.2,13010,12868,1933,2409,5334
212846,1541,48904,1566,943,532,18405,293,42569.2,3521,2219,1330,2678,8654
147162,2765,3090,778,198,920,1396,767,17659.44,8048,6615,1010,63,3419
152709,43074,21552,4596,575,387,173,280,18325.08,7144,13910,376,1443,5511
163487,37259,29135,4277,508,743,22605,1189,19618.44,6772,7773,64,934,4613
34071,3083,6993,3844,391,380,3394,1166,2044.26,8307,14681,1946,369,4283
68243,1857,973,4574,983,554,7551,497,4094.58,14050,14969,533,3338,3248
397971,769,21661,4848,202,430,11080,976,79594.2,12284,13327,277,2772,3213
380359,17806,41025,785,926,534,47540,749,76071.8,14655,10321,1497,4513,9641
182312,24982,6092,4388,218,955,2246,1507,21877.44,2736,4524,1471,4636,3670
267218,2972,35674,4973,701,215,19462,1436,53443.6,10337,13230,1406,1730,1853
224879,18256,570,637,845,276,14963,1120,44975.8,12589,5880,1047,2017,4518
373714,103903,12084,1160,794,193,55820,703,74742.8,17283,12941,1565,3649,914
436650,125574,65843,2303,205,726,58306,1311,87330,3033,12850,39,4702,9095
341868,18653,60752,1771,605,178,19475,967,68373.6,18244,9666,1104,1511,2711
387503,103579,69278,2342,404,142,20168,1578,77500.6,8663,4689,1942,3826,4980
347841,86669,765,3728,154,825,1844,268,69568.2,15345,7662,649,860,3819
38732,6571,8964,3420,730,537,4693,208,2323.92,9348,6913,1824,1596,4343
131465,25757,24198,1819,201,217,19635,980,15775.8,8033,6030,1607,4084,9612
414530,103376,61201,1001,478,510,48876,845,82906,6619,2929,772,1226,9208
427170,42399,73271,4688,247,987,40288,1560,85434,11919,9716,1505,1450,4509
67108,11245,16202,4335,310,58,9942,304,4026.48,16175,13539,242,2932,1164
490260,145778,47199,4044,555,345,33660,1011,98052,10577,800,666,2136,9940
490721,27909,11377,1473,932,556,8406,87,98144.2,12512,13091,1341,1234,8530
121195,11095,13274,1905,726,961,13171,1143,14543.4,12566,1996,1758,4938,491
375225,57572,79833,5964,476,418,23129,1248,75045,2513,8704,1944,1604,8229
46668,3959,8036,2179,392,223,5727,1159,2800.08,16233,5399,1473,1246,3222
295205,63767,40364,5417,653,349,20028,762,59041,2664,13540,1555,2699,5165
351396,26469,37443,5679,516,767,27191,923,70279.2,4187,13234,118,4931,2558
49749,1313,1663,3693,923,621,5339,722,2984.94,14176,862,631,3231,9131
140560,7847,12028,2424,873,831,16989,1405,16867.2,8238,14592,1834,3185,6257
376824,50222,85359,5529,591,851,47440,10,75364.8,19924,5977,1602,2289,2767
157979,9166,15077,5291,303,761,20798,438,18957.48,11947,8886,1721,4119,9615
159849,9930,39911,4942,383,76,16312,1033,19181.88,14315,13644,505,4402,6095
234301,3285,19631,1746,801,794,32503,314,46860.2,9157,4175,424,1763,6158
61745,3095,3500,3606,482,598,2513,64,3704.7,10499,3247,231,3688,9401
380608,16704,67446,3701,644,761,29400,900,76121.6,13661,2394,575,4503,7185
101865,18705,732,4083,264,207,7043,591,12223.8,13025,6572,869,2680,3268
384572,555,19897,2672,518,158,17561,1491,76914.4,13556,4195,1325,1707,7453
222890,21323,37377,450,482,523,21565,915,44578,3993,1931,443,4396,6302
33624,5432,4456,1959,279,224,1483,1627,2017.44,2703,12025,743,184,3736
33321,1386,3335,1178,327,357,3311,644,1999.26,8638,3101,910,4729,1386
413704,53915,57320,2619,244,812,20669,1647,82740.8,2354,4627,1562,1297,862
294718,10619,72592,3183,466,383,23697,194,58943.6,2546,5768,1209,796,2038
408456,72390,94486,4295,250,543,9737,1437,81691.2,16973,975,151,1099,2257
184293,42964,2753,2715,345,565,13953,1622,22115.16,7136,11907,1954,1185,2543
413694,114337,31941,1815,951,503,48187,1697,82738.8,2109,641,1558,3651,928
269127,59274,14234,3687,357,449,9688,1904,53825.4,19882,3248,519,772,5100
196717,7637,9636,889,756,241,12974,1909,23606.04,5671,610,1915,3573,2178
422478,21225,3376,887,622,368,24648,1883,84495.6,13375,10652,1237,4425,8627
390975,111266,30783,2919,764,626,38126,0,78195,16944,8500,1679,3989,7455
193868,26739,41249,5787,157,470,22943,367,23264.16,9952,7869,1989,2680,2212
145504,10618,16447,1495,285,287,10418,1946,17460.48,2465,13032,1510,384,9499
105257,3793,20329,4653,759,398,1090,630,12630.84,15691,3373,1980,4212,8360
74291,7373,16713,2626,410,103,9808,375,4457.46,2176,13992,1900,3275,419
220176,35281,4858,2905,296,310,14583,1789,44035.2,15675,13173,1011,1796,3976
200471,20187,19472,2838,607,808,21186,1214,40094.2,14272,14956,1721,72,5904
399744,67863,59834,865,846,126,25563,289,79948.8,15273,6068,412,3378,7177
482930,97927,82060,2056,587,39,26691,862,96586,7056,3136,1790,848,4841
322572,84085,4539,4375,562,71,1591,799,64514.4,19866,13964,1342,1692,8330
228803,39220,18857,1660,649,746,15458,627,45760.6,8409,6982,1689,1961,8492
403518,7642,5364,2868,381,881,5901,1222,80703.6,15598,8278,904,3664,2904
485774,79971,65985,2673,250,944,9034,234,97154.8,14312,5029,1426,4941,528
403271,55556,59169,1495,296,981,36417,1253,80654.2,18810,6026,1862,4206,6335
121317,33760,20830,2431,866,246,15116,1249,14558.04,3527,10851,623,2491,3705
149789,38192,21078,3188,656,805,17949,1453,17974.68,7250,1926,1816,3186,6350
399593,4381,37574,5943,707,246,52761,195,79918.6,17158,3365,535,1263,106
300843,19558,869,5900,253,311,35697,1490,60168.6,7952,683,1062,211,5452
83686,4782,6079,1867,485,33,721,440,5021.16,16790,7114,686,3336,1861
77661,21944,7307,3710,595,128,1804,789,4659.66,18470,7163,1724,3961,8233
54247,7460,11756,2667,883,9,4419,156,3254.82,10584,4339,612,692,6867
255121,19462,3659,3643,593,167,654,1019,51024.2,10947,1539,737,2800,5954
157820,2983,36370,3397,267,783,8336,1505,18938.4,8303,6401,1180,2386,8322
377257,56411,58185,1560,666,215,47877,353,75451.4,9943,806,865,4659,9025
276765,55206,43751,1633,872,941,22837,812,55353,17651,5461,787,2699,6648
156106,31933,19337,4628,716,407,20623,1708,18732.72,10974,10829,772,2881,8164
268930,46950,5131,4944,680,751,13229,834,53786,6641,7130,235,4618,7629
408342,2523,1358,3636,237,525,27287,532,81668.4,7780,9861,419,283,4998
146194,9677,25614,3384,908,601,17276,1531,17543.28,16294,12222,477,459,1643
290174,75828,57371,3687,778,934,27140,404,58034.8,7640,13944,1402,3332,6787
354982,15089,82307,5013,625,17,4290,699,70996.4,8183,8826,1725,2417,9393
356861,4581,79139,5401,831,339,28130,796,71372.2,9933,4418,689,1470,788
458874,136681,16246,2731,634,680,50812,288,91774.8,18874,3261,1811,3920,1240
48638,2001,832,1316,811,567,3546,1702,2918.28,19432,2017,650,509,4488
339211,50539,41209,941,444,675,46667,1725,67842.2,18582,4921,124,3243,6155
128033,22936,10219,4362,869,663,4913,89,15363.96,10562,1151,1492,1375,2359
115977,33988,9720,615,530,89,10968,1405,13917.24,14378,3006,1171,4011,4612
98869,29506,20577,2603,432,284,7350,966,5932.14,10590,9267,773,773,8126
115186,13163,18222,740,993,533,9328,1324,13822.32,18843,14553,1708,2505,3548
306818,59758,42320,1438,835,266,2523,1465,61363.6,13438,9900,281,3587,1818
176926,46057,11301,1214,788,808,1660,1525,21231.12,6668,4980,150,3135,1638
56271,12537,9515,5543,305,432,7630,584,3376.26,3293,3494,1412,102,1299
345832,22419,891,2603,329,757,4512,1617,69166.4,12951,7065,920,2201,8831
441734,121211,21972,4442,236,650,34626,1408,88346.8,12583,14779,1500,2717,284
383220,74599,50457,3721,555,51,25286,1546,76644,19582,12496,3,4993,9462
151339,834,20932,5542,985,66,8329,1525,18160.68,12156,11809,1882,3949,6435
231897,32214,4192,2378,645,596,11752,981,46379.4,15306,3145,1929,3694,8839
11062,0,2356,4450,416,249,808,1272,0,17382,4417,1185,1016,3229
257736,2413,24837,2500,743,330,14071,1695,51547.2,8273,12967,1626,659,7356
60448,9505,2340,4851,213,903,733,1642,3626.88,11365,13809,1465,4878,3323
105462,22377,18177,335,268,414,1851,1993,12655.44,10357,7732,775,4763,7161
409445,102802,22778,1117,490,122,6520,1968,81889,9416,7693,125,1983,9682
460009,133177,43130,2246,462,201,58697,1114,92001.8,12921,3087,1971,2370,1014
255885,68104,16708,4256,312,5,5291,752,51177,3691,9524,115,1154,5805
57915,9330,9177,4651,654,848,2517,715,3474.9,12814,3083,1890,4150,2833
276776,58408,24232,2525,442,485,15106,1949,55355.2,14530,4838,539,4799,2640
114592,33560,24498,3625,839,198,3327,827,13751.04,4415,1345,1160,3107,8297
144668,14195,4782,807,526,735,6124,393,17360.16,10818,14810,1011,2722,2590
381923,112205,61196,4045,691,12,13431,1995,76384.6,4305,2318,673,1405,7543
409384,65131,26315,4416,550,5,51218,1381,81876.8,13598,1398,186,3159,6374
118099,15762,10052,4177,822,962,13095,1172,14171.88,3131,7660,1501,3543,4052
17561,0,3137,5114,549,410,246,474,1053.66,3644,11938,1424,375,2230
477010,116854,69434,759,548,120,68674,773,95402,4294,1944,1403,4504,925
92152,8526,17219,5597,636,556,341,1701,5529.12,17585,10151,32,4096,2705
135036,15898,4154,1705,664,361,14227,1916,16204.32,5217,3290,1847,3848,2992
396193,63079,35546,4395,173,537,28344,1651,79238.6,7196,10144,828,1148,4361
36734,5193,6409,5456,208,3,2434,441,2204.04,4085,11556,988,2679,5659
409587,1214,78059,2336,898,804,49493,7,81917.4,14679,11872,1904,540,1376
36069,4419,4313,2977,389,788,107,1252,2164.14,14879,9468,804,4909,4582
220977,48114,22030,2044,460,283,21477,69,44195.4,8803,9413,12,158,913
22910,5886,1837,3283,470,721,1425,702,1374.6,6216,1191,1948,2265,5994
345623,32980,40376,2658,821,799,46381,1697,69124.6,18720,786,1319,3278,2952
480951,67194,85641,1531,630,358,59140,1712,96190.2,16097,8011,1277,4982,7387
91264,12270,13717,1477,721,692,5226,39,5475.84,12923,8949,358,4764,7867
33275,5024,7911,1061,901,764,4680,853,1996.5,19643,3686,822,4254,2713
82274,13039,11864,5078,563,928,10716,1052,4936.44,18110,9963,13,911,5104
484665,125266,109518,2654,471,281,51536,1544,96933,4416,9547,1287,1278,6931
372920,22301,78412,5923,551,656,28107,276,74584,10245,9033,159,3715,1039
201076,5141,18055,5014,208,951,10552,1311,40215.2,6376,4974,906,1671,6815
204053,50946,33684,4026,202,627,13465,1607,40810.6,15647,13754,738,4455,7797
487875,104292,87508,1843,213,348,5920,182,97575,14536,4083,1348,4554,8714
195625,57448,25493,3977,782,979,8800,938,23475,9164,4386,1713,2084,4413
58447,13777,9325,2233,268,29,5923,521,3506.82,18970,13857,1700,3670,9881
437745,38346,36775,3468,435,888,5468,688,87549,6452,8256,1068,4509,1142
398538,54703,51057,3861,167,753,15125,1622,79707.6,2486,8176,452,1943,741
85703,15051,20373,4402,154,516,10833,83,5142.18,3708,3393,833,3528,4875
348234,28469,36253,4157,986,373,40464,1420,69646.8,15356,10798,665,1102,312
289404,3845,51884,4317,541,773,43307,85,57880.8,15746,6184,797,1212,3144
122581,23290,24098,4744,309,617,2739,1320,14709.72,6006,4077,332,109,6471
275956,30699,17705,3264,291,123,13845,1742,55191.2,6302,4241,891,4505,8798
431240,44252,44676,1330,546,445,61675,1310,86248,18273,2952,1573,1151,1631
199728,33146,36122,2847,167,393,5060,1132,23967.36,19321,3385,1008,3044,6262
388292,3293,91640,2822,729,837,56192,543,77658.4,8239,618,103,1047,21
430501,118017,79045,4919,263,649,57554,940,86100.2,4031,4818,154,4309,2404
495652,119496,7101,2175,683,617,10662,1036,99130.4,7899,2434,80,4680,2625
126421,16608,29727,889,681,724,8685,1400,15170.52,12200,13589,1202,4235,953
11605,0,647,2580,924,811,1017,1432,0,5636,7949,398,2704,7098
474374,16619,8951,3401,610,55,3490,724,94874.8,12749,1010,1341,728,3908
82303,12470,7014,2714,759,131,2884,963,4938.18,6921,7854,608,2522,4614
168211,49863,36180,4197,766,780,2814,1653,20185.32,5863,10031,29,1289,3659
480365,14779,56977,3978,435,121,42949,617,96073,16188,3104,1183,2421,8394
197210,51040,41908,2143,154,201,14680,14,23665.2,10252,2974,433,3532,7725
271949,56325,50918,4451,278,719,37682,1855,54389.8,7248,1853,1030,2950,4091
348269,21630,8219,2238,820,786,10558,724,69653.8,4017,4300,1830,1147,1830
154990,40039,7163,2494,912,965,13653,187,18598.8,18453,5985,1468,1635,8386
488871,115436,2470,4759,648,601,26232,233,97774.2,6780,7143,783,2421,4054
168518,12178,16543,552,425,701,24299,1908,20222.16,12863,4598,714,3091,6466
134040,19935,19276,5672,232,264,19448,1799,16084.8,17744,2175,932,2038,5731
154118,22784,36881,1766,981,557,16973,734,18494.16,9624,10396,1332,1459,5877
428034,63722,78950,1035,267,823,41594,457,85606.8,7271,14625,589,1446,1638
241966,23027,7749,639,178,841,28616,724,48393.2,19638,11001,662,4474,8407
276468,57853,24182,3887,507,39,24783,144,55293.6,6369,6698,1401,4287,2781
348467,67359,77450,1676,799,578,18617,516,69693.4,9425,12689,186,4624,675
281255,72388,21383,5019,306,112,25552,1164,56251,18616,5249,1374,536,2946
441326,78608,78578,1004,180,338,26640,532,88265.2,3187,10083,1051,2121,5573
26389,2941,1570,4024,992,61,1313,1652,1583.34,7423,5414,489,1485,5983
132177,15111,25412,4718,435,226,12541,891,15861.24,6980,7958,964,18,3141
313571,32312,13181,5559,814,173,17354,1138,62714.2,8999,4990,1021,3955,6762
482795,24161,44898,3208,485,133,37474,1067,96559,6898,1025,1367,4361,7235
169818,39287,3405,2274,719,284,6589,203,20378.16,6805,13679,690,4334,3212
132883,1777,30868,1768,462,786,16289,1496,15945.96,19232,5308,1745,3809,1258
228958,50374,10862,2442,748,625,31715,1332,45791.6,10105,12161,1529,2674,962
248213,24014,54679,852,272,107,9362,1947,49642.6,7925,12484,1219,2548,5474
403333,80308,28688,3791,852,142,13171,1345,80666.6,17646,629,254,604,4587
397952,46389,48017,5933,520,568,3185,1428,79590.4,12493,4113,214,2261,5143
122221,18161,12939,1089,954,293,7264,360,14666.52,2691,6004,1736,4429,7831
487687,107800,112271,1473,463,276,25975,1149,97537.4,15755,3921,114,4353,7480
285378,7490,39585,852,177,491,15529,1143,57075.6,2007,1581,650,2315,6509
270669,24502,22942,3722,304,562,39218,213,54133.8,17548,14327,802,3648,3301
244936,35757,44539,4511,379,934,16582,1848,48987.2,4082,1955,1162,3825,2884
325585,41111,5272,931,698,470,36016,1334,65117,3703,11141,1734,4683,7486
10846,0,791,569,155,275,1147,641,0,7227,14307,1552,1355,8691
20954,1301,4092,1160,622,233,1180,605,1257.24,13571,14649,1078,2681,6017
351383,59055,81560,590,467,241,39518,1088,70276.6,10331,14527,593,1408,5319
254761,8998,31899,1757,374,257,32029,365,50952.2,12394,3871,537,563,247
318658,28906,69283,929,182,748,4706,1228,63731.6,2658,4800,558,993,9439
360380,101026,9297,774,238,31,29592,898,72076,6661,13808,509,2282,3309
369723,70192,64005,4932,483,366,30574,186,73944.6,15534,5687,1520,953,8176
147541,36901,1607,4380,189,347,4035,723,17704.92,5437,3111,1561,2502,7045
433321,91271,59183,5080,830,759,49008,1016,86664.2,9514,6093,312,4413,9919
314245,52021,56305,2060,524,131,26858,702,62849,18229,1618,1232,837,3824
74323,1242,16450,3382,447,774,9917,1284,4459.38,8527,4682,1143,607,7655
101922,8539,15535,5008,542,770,9509,833,12230.64,2851,5263,457,1380,5762
199139,1831,29355,4274,167,792,29456,89,23896.68,4708,2152,1245,2908,2606
190448,50721,7645,3698,676,367,3968,756,22853.76,5868,10493,1614,3178,9956
186659,28511,42238,2623,281,761,11281,988,22399.08,13370,2230,502,4117,3546
440192,72782,69694,3861,439,264,37822,913,88038.4,9509,11126,1967,3036,9567
245659,18302,41773,2692,979,214,27004,392,49131.8,10534,1178,1817,4993,8015
399678,55568,16786,4144,955,214,50993,1173,79935.6,17683,961,1064,4553,7951
339728,3232,40693,2715,358,281,23671,411,67945.6,3786,6353,1691,4086,9475
114537,10972,26578,4104,476,999,4863,1467,13744.44,14863,6106,1426,4029,3568
350621,100128,46408,5730,652,831,14431,1163,70124.2,10973,334,0,1059,2954
251983,10683,4166,5126,428,529,6174,292,50396.6,5748,2820,1791,1458,5143
52533,7280,2925,1924,531,983,2144,1489,3151.98,8646,2773,33,4619,5278
273972,33172,15076,1808,937,858,26069,630,54794.4,3338,2505,869,3384,5463
11917,0,1086,4410,458,1,704,1270,0,7306,13917,1367,429,1399
292762,64340,64808,5153,426,512,9960,1121,58552.4,5796,6787,424,1240,8191
42254,5316,771,303,225,815,1069,169,2535.24,19075,2548,1879,3960,5475
271987,11017,11440,3747,447,463,26859,1333,54397.4,5878,8155,1088,3574,4255
377436,36613,26245,5788,974,446,40496,1449,75487.2,5916,5345,1790,19,3150
57362,11384,5713,5884,527,362,6480,889,3441.72,2658,5762,1609,2671,5589
292272,30348,67092,2880,582,215,6428,1090,58454.4,7933,5310,515,714,3553
395925,16448,1151,4091,261,163,55429,55,79185,13444,11403,1421,4243,7912
252353,9491,21698,5381,927,702,8960,1581,50470.6,2402,13757,958,608,2665
200455,13112,17601,1460,221,586,15030,1540,40091,17821,7343,1044,3288,9089
75545,11785,12534,1133,466,537,8451,567,4532.7,10427,10078,831,1047,3061
92180,968,20328,2298,170,510,6646,150,5530.8,2605,7575,153,2856,2865
97958,368,8039,5635,337,773,6735,317,5877.48,2622,10080,869,416,1950
413081,73960,47427,5787,270,793,52095,1164,82616.2,7845,4923,243,4513,152
405435,35010,71839,1502,491,220,48394,1338,81087,7708,6544,1092,1742,2294
311953,54154,58049,2475,802,554,26163,983,62390.6,11765,11644,1998,2903,3884
388892,35851,19053,1681,453,633,31741,1819,77778.4,8506,580,919,3918,281
15287,0,2972,4473,596,640,83,976,917.22,14859,10322,1545,2820,2243
267665,30936,55413,3088,865,776,20889,5,53533,11168,10208,1634,3358,4124
437603,78858,65958,3121,870,282,5275,188,87520.6,11151,6246,1488,662,2126
18512,0,2021,4477,645,70,2375,316,1110.72,13370,13685,31,1790,1916
142414,37493,11985,641,670,884,14273,730,17089.68,4334,13154,584,4618,5472
466292,10292,94243,1661,334,373,22624,1708,93258.4,13476,11782,414,1909,1615
118872,26841,25106,4491,957,258,11590,1628,14264.64,17957,1338,232,994,9057
422432,28365,68908,4916,481,444,60981,523,84486.4,19270,6646,398,538,6076
257754,17207,16083,1295,862,200,20131,1186,51550.8,10885,341,1201,1024,8228
103070,3431,22420,656,725,641,895,1853,12368.4,10372,14302,514,446,4169
89767,22912,1942,485,499,379,8852,1391,5386.02,19896,4823,103,1668,1144
107829,4151,20189,1993,987,841,5040,516,12939.48,9921,5467,34,4431,1566
429830,102517,91352,2890,469,592,11041,1089,85966,6393,1724,626,3549,9977
439474,80771,75486,1642,686,765,39591,714,87894.8,3189,13898,309,1920,8481
497005,107293,49050,1991,561,414,67673,1347,99401,13927,6093,716,1342,4660
52078,779,97,1382,305,64,6631,1877,3124.68,5976,9444,853,3075,5458
378432,109346,34247,2357,882,377,13107,1216,75686.4,7004,6603,1135,562,9828
93524,19276,4626,3204,953,657,1840,1388,5611.44,13665,13448,710,3171,4628
237645,5534,26408,3495,800,645,28240,1393,47529,6078,12601,761,3453,9623
22219,1893,2585,4751,682,101,2910,1359,1333.14,12379,2255,851,81,3679
272379,35670,5443,3717,651,41,33510,577,54475.8,8109,3575,1124,1746,5951
315073,62147,79,2680,635,878,3160,1704,63014.6,13566,14790,1433,355,3300
137309,32563,31282,316,303,195,17700,666,16477.08,19618,14619,594,1864,8976
339588,36486,38345,623,217,359,37309,587,67917.6,11844,13507,1245,2329,4909
149639,21,12901,2370,641,771,7681,772,17956.68,2009,7383,1377,2689,2275
373978,34268,67759,1230,190,98,23391,1156,74795.6,17232,3574,1826,3291,7217
474008,107338,100873,4854,676,387,14295,853,94801.6,7048,12262,667,4140,9393
206513,15799,42732,5879,940,64,8108,1164,41302.6,9286,6439,610,2770,8490
356699,26336,79304,4952,318,296,50883,335,71339.8,5702,12609,1788,4200,528
345842,3641,17507,1744,795,426,42615,857,69168.4,17242,4521,1761,2536,2781
396594,87132,81785,4336,860,222,56561,498,79318.8,17796,12516,239,873,5041
258320,32959,61155,702,899,756,17951,648,51664,12499,8979,1648,247,1946
146487,13306,35391,3702,261,694,18194,175,17578.44,16780,9739,378,3340,3623
177231,46182,34171,4852,612,914,7874,799,21267.72,19161,7486,1167,567,4751
53925,8587,2578,1806,201,148,5123,850,3235.5,15526,7538,1967,4280,76
147023,31359,7485,1821,798,508,11208,1059,17642.76,7508,233,242,1351,4558
97388,21498,11800,3398,404,441,9686,987,5843.28,16575,8141,479,1691,1561
18007,0,739,2744,776,413,604,142,1080.42,6475,5624,1872,3937,2524
267802,27197,37748,2487,307,115,23664,648,53560.4,4379,9466,1367,4193,1728
445048,108775,3878,2868,449,902,37473,527,89009.6,11117,1744,68,1304,4000
68596,12641,1949,3093,576,452,141,1785,4115.76,10356,10572,715,1915,6459
393245,41964,85380,391,925,319,47765,1527,78649,5267,7733,917,2880,123
433739,30028,20881,5247,456,769,4655,5,86747.8,8106,11655,1035,4842,5554
361005,54646,51306,5663,248,882,51250,583,72201,6334,727,1116,4251,4415
265266,8536,9958,5240,270,450,30927,672,53053.2,6089,3458,1593,4432,6127
358884,56747,59185,5062,751,895,43530,223,71776.8,11990,6527,486,2159,1404
25524,4752,505,2053,179,78,1531,1901,1531.44,6114,7560,806,3712,9920
422498,6273,87160,5354,379,742,28602,355,84499.6,4285,3355,1443,4059,7313
165002,6284,15493,5384,800,356,5389,937,19800.24,7006,1095,773,2449,2527
403293,91228,42801,5192,403,118,50438,1850,80658.6,17701,12394,687,4481,7646
135501,8817,21199,387,553,585,807,1007,16260.12,9583,5713,1031,4422,4796
292755,85914,65792,1941,643,520,7388,1059,58551,13578,5280,69,1772,2175
158056,41182,34488,3262,180,278,20189,545,18966.72,18581,12150,1590,4154,7932
24060,743,5917,5713,311,781,408,1921,1443.6,13083,1726,1373,2993,3281
224057,11539,46009,2442,581,565,31401,524,44811.4,2193,803,60,273,2880
487272,46219,49002,850,305,891,85,1962,97454.4,9640,9194,1277,1286,6588
315447,14692,23731,2746,472,44,24107,1737,63089.4,18515,1285,338,2236,6123
200279,18120,7076,5473,778,224,9988,1080,40055.8,8518,2280,861,4477,7498
216118,13334,1071,2251,340,527,14439,1030,43223.6,11285,12980,1929,1731,893
170359,28615,34390,2590,325,723,25035,1466,20443.08,2766,342,303,3728,6335
496925,7903,67602,5529,666,711,30395,1338,99385,13960,11804,1345,4804,8477
49711,12143,9261,4137,994,240,2508,110,2982.66,12985,9777,1901,3430,744
153026,15629,33665,923,673,613,17528,1139,18363.12,4418,12610,618,2060,1661
345484,58008,54327,4057,720,481,15711,1330,69096.8,7988,9913,1175,1124,603
475317,99318,94948,5096,982,94,63927,770,95063.4,15394,5434,1399,1475,2006
474736,141932,61072,3592,969,364,53816,1690,94947.2,7557,2108,283,4824,6730
228134,17438,31835,4132,960,184,22216,1741,45626.8,7585,5676,1057,4574,7798
112974,1764,8273,2911,911,135,13442,309,13556.88,13836,9809,1336,4238,4165
159646,6009,38549,461,488,24,4266,93,19157.52,13591,3775,1602,4123,6165
412400,20842,53096,2292,754,936,42313,1215,82480,9113,6935,281,1226,2347
160168,42372,26578,2382,468,317,20514,801,19220.16,17579,14427,702,220,6206
77728,16012,9883,3313,260,332,9416,1302,4663.68,11005,953,661,122,6833
175088,33435,42139,336,967,913,1191,559,21010.56,13440,14900,479,2877,3065
21246,3370,2935,1145,956,561,1532,1078,1274.76,9546,7974,618,2217,3446
448774,38744,87753,3176,622,680,15870,16,89754.8,6546,4559,931,3091,7996
421597,116082,10707,5596,997,801,60661,1358,84319.4,2486,10433,1229,1959,9235
399940,57442,13140,3646,166,99,9439,1085,79988,11882,12575,548,1299,9162
439671,129070,11093,4354,369,369,63828,636,87934.2,10870,10899,642,1823,8641
102263,20454,16500,4500,636,592,10809,748,12271.56,4261,1460,987,1717,7787
407234,121670,72043,635,960,11,5921,1596,81446.8,11299,1733,1881,1977,3726
21302,421,1654,3397,454,719,536,1980,1278.12,8170,1794,743,111,4086
339650,3650,5830,2643,666,76,19895,555,67930,8963,4120,1993,4973,6565
51157,12349,4561,1860,278,586,4639,1350,3069.42,4241,3446,1087,3206,2318
64917,9894,9990,5281,984,973,5741,1916,3895.02,15873,1795,363,2169,6105
233810,52772,47287,4464,773,681,32356,1151,46762,2556,3440,1241,3336,4530
106646,3190,24511,5746,173,822,13461,1523,12797.52,13539,7419,1639,4385,32
355266,48113,33427,4546,690,347,40792,1011,71053.2,19350,3499,406,3638,4708
296663,8789,28395,961,281,442,24256,258,59332.6,10483,7615,966,4966,9596
490703,32125,109839,5739,705,690,22883,712,98140.6,2675,2579,1081,627,7331
460035,130000,112306,5152,470,87,48916,834,92007,15444,3135,1931,3662,5477
353054,17459,17970,4039,646,948,45800,1647,70610.8,8035,3709,1877,2416,330
392574,35418,70218,3483,868,464,30671,1011,78514.8,18564,13547,1587,2551,4086
343468,47085,76475,1785,531,776,40927,866,68693.6,18744,7700,1290,2105,4920
277552,18768,23371,2709,365,493,37396,903,55510.4,16459,298,264,3576,8511
69379,17193,5249,4598,905,221,6516,409,4162.74,6258,12628,900,2044,8392
35053,8047,2811,2834,692,996,3483,887,2103.18,11004,12981,1349,442,2976
412662,27885,27315,5899,927,514,60667,142,82532.4,2492,10127,1606,2627,6892
141994,21885,18268,303,160,117,10130,1924,17039.28,2470,7358,621,4541,9248
108723,28314,9710,5548,231,135,1015,396,13046.76,19764,5586,1169,4029,913
61356,6895,8813,3397,305,977,6157,1742,3681.36,12394,6351,1998,3813,1117
282933,50311,45537,3148,315,186,39126,1382,56586.6,5330,1797,64,404,316
369864,89494,79697,5372,357,541,51735,1675,73972.8,13493,12370,367,3280,4431
338800,67067,75265,326,173,578,5139,738,67760,16435,5720,590,2722,9239
316172,71017,22184,5461,956,310,17311,1342,63234.4,14513,3092,1845,3472,9920
336628,23932,23279,1264,840,929,42471,647,67325.6,15341,4267,1416,976,3914
42154,4976,10186,3396,481,378,1737,969,2529.24,5293,6228,1862,3020,7429
223942,54847,43030,371,711,810,13632,801,44788.4,3039,9245,1003,2199,4171
274480,38931,62245,5901,668,411,3038,711,54896,12181,3381,1467,4436,4377
375821,55823,55467,3247,660,420,7219,1301,75164.2,4765,13683,1160,3323,1874
339923,38032,35133,2615,761,216,6500,1841,67984.6,12455,9985,683,587,960
291173,81426,43805,4197,742,669,18105,1675,58234.6,2611,9247,1162,4621,3316
331345,18807,43998,4790,390,70,29278,1685,66269,12775,2661,130,1389,5459
42265,11767,854,5264,985,829,3419,1114,2535.9,14720,5204,716,3163,7675
375060,8071,81088,2711,330,109,2825,1721,75012,8701,3279,772,3288,4902
253322,53413,2728,416,442,284,23054,1105,50664.4,6071,11404,1695,2139,6985
184944,26149,23557,2511,232,882,10926,18,22193.28,15103,10802,661,3358,8111
56197,15540,4938,3224,715,769,8410,1402,3371.82,19974,10815,821,1469,8443
397877,101212,96738,3137,239,601,41481,644,79575.4,9585,3847,1972,3253,8174
458396,70248,65667,876,588,872,16788,783,91679.2,15979,6139,1981,1532,5325
164782,26201,25692,1071,864,568,21522,368,19773.84,14228,4173,433,4956,3587
170558,44958,19977,499,692,952,25155,1704,20466.96,8893,5646,106,3225,3100
81907,20267,293,2055,342,297,10046,457,4914.42,18828,2173,25,3866,1590
401020,85435,92800,479,637,498,31013,18,80204,3854,4573,578,4916,2793
212967,19787,25575,2705,761,560,6158,1276,42593.4,19100,3462,181,3364,614
336579,20982,80263,3623,498,696,20805,1387,67315.8,7387,8895,1960,4866,5558
312775,22606,76024,5048,238,710,37834,1216,62555,11160,10149,638,3827,9205
401182,10150,20069,5073,272,529,10027,1301,80236.4,6101,12566,377,4169,8437
242604,46936,24400,2601,523,197,32925,1680,48520.8,4595,10367,1671,2399,8112
292247,8593,24146,3288,196,506,22295,1058,58449.4,10829,899,1047,2116,408
74772,17358,6846,1902,582,488,9813,678,4486.32,4618,9051,999,4514,6648
136108,16607,23694,1419,295,743,7043,1267,16332.96,5551,4390,268,3919,3850
24382,4613,5356,2514,152,26,1797,1608,1462.92,18503,1850,330,1484,3456
94291,23161,16670,5360,679,117,805,1846,5657.46,7059,14988,1253,2781,1477
373339,90347,30996,2211,463,53,25881,644,74667.8,11039,8052,108,3210,2405
144828,28074,32125,3201,476,503,10386,1096,17379.36,19258,6977,1211,3997,2440
292753,20595,59682,1385,230,151,40003,626,58550.6,16681,7681,746,916,97
157550,44194,22970,473,302,736,16887,1290,18906,7984,7571,1165,1283,3120
242050,49377,10895,5672,551,478,24110,1357,48410,12056,876,1069,1526,1985
442882,26853,38071,3832,969,161,5183,621,88576.4,3320,8613,242,4027,4006
347827,73719,52268,5019,637,661,19023,1191,69565.4,11930,10350,772,4211,5362
396858,20661,22258,1538,960,215,8957,727,79371.6,6020,13258,1774,2598,1395
140330,41169,23354,3610,216,830,16620,1363,16839.6,4675,6930,140,2677,4930
81315,3727,8444,5134,238,419,4491,96,4878.9,18351,6289,1175,41,8618
349978,13703,75147,4113,284,347,42964,899,69995.6,11563,5029,399,4913,7503
398349,53080,76064,4116,351,339,38728,1918,79669.8,16263,5541,540,4634,9768
24153,6239,1235,5070,577,828,3210,1615,1449.18,18658,11044,18,3969,8797
86325,19187,999,2273,328,849,1799,728,5179.5,12869,14061,592,3392,8338
250773,58453,3760,4082,488,553,3387,697,50154.6,2068,6773,1979,4365,8491
416215,88478,36884,2544,228,351,16025,1984,83243,6404,3505,1981,4203,5145
65318,10218,4411,1957,746,672,3999,882,3919.08,10769,320,1502,946,2965
404030,33161,87477,712,682,585,1446,1087,80806,6271,7928,1199,2709,5765
387177,55991,26022,5875,527,904,32899,1602,77435.4,16913,13545,220,3920,8740
86077,15992,10362,3710,314,374,6369,95,5164.62,12440,12617,287,945,3012
362618,107339,43881,4392,689,536,38360,1569,72523.6,17377,3650,1581,2728,4074
143515,9716,26521,1682,898,908,4213,1392,17221.8,16118,9983,1616,799,4301
479209,33349,62278,1423,949,302,29309,1368,95841.8,13390,11598,582,2208,9672
216988,47098,47750,4629,846,241,26620,1002,43397.6,8856,11323,1765,82,6311
345463,132,29639,5481,971,377,32630,441,69092.6,17851,6511,324,58,375
135885,3385,31449,4312,304,684,12626,450,16306.2,7758,14741,983,3146,5322
381921,36538,13079,2543,272,388,34226,1926,76384.2,11366,11938,951,3312,9097
27368,2268,4135,2889,748,286,2022,233,1642.08,3184,9185,634,1014,8060
156400,33743,6895,2078,351,158,1948,1698,18768,18613,7963,1440,803,1182
198014,40373,27979,1429,189,353,22989,1180,23761.68,9098,10514,495,3734,6648
101751,7213,19374,944,318,729,9812,792,12210.12,12137,7457,22,4857,8847
240203,44223,45703,3822,219,454,12005,27,48040.6,11037,13120,461,3356,5476
299450,68371,12552,1857,941,936,6861,1495,59890,5788,5930,378,316,4394
488667,68274,92930,4801,479,626,40039,1604,97733.4,15781,11788,1633,4102,8314
180987,42317,32276,3073,589,941,10353,922,21718.44,10618,7639,188,4184,3338
309363,4134,33630,3085,548,240,40635,1481,61872.6,7935,2322,1667,719,1654
221951,39601,4527,2006,642,819,15630,843,44390.2,13345,4432,448,890,1447
205716,8353,12247,2901,503,211,28977,1361,41143.2,11619,2508,641,829,8082
70279,15690,3795,3943,477,362,9949,741,4216.74,3954,3483,348,2326,9792
325172,1909,45564,674,647,597,4718,903,65034.4,3056,6207,697,2868,3257
376407,91239,527,1912,568,132,36918,1445,75281.4,15037,12018,840,3936,8346
10126,0,1753,754,652,779,523,374,0,4640,6953,27,4167,6100
324473,12062,50314,4597,688,508,35249,861,64894.6,4914,9189,672,3555,2216
37632,9850,846,1775,494,276,4285,1672,2257.92,2513,11025,1302,3578,9101
206382,27701,26693,1153,792,264,4484,623,41276.4,6427,11948,1619,4977,7928
119945,34731,6959,1023,938,604,8537,298,14393.4,17961,1767,1910,216,4435
327320,5153,42730,1691,526,602,35080,1048,65464,2532,4511,798,3618,5988
260869,10481,19667,2687,444,656,23399,605,52173.8,16619,5080,1071,1932,8414
227138,66425,26401,561,437,359,23655,65,45427.6,5926,563,1581,109,3537
185399,19445,3323,842,403,663,26274,528,22247.88,14591,14602,1406,828,8181
472120,104470,445,850,583,666,6892,1644,94424,4911,4526,1018,2545,1036
144869,28205,17409,5725,650,135,7776,1414,17384.28,3277,8370,556,4675,8907
188954,23351,9963,4097,234,764,9313,277,22674.48,19250,582,1241,4844,213
154790,16006,15437,937,670,427,19267,9,18574.8,9929,12722,1630,2431,14
44560,11381,471,464,711,829,5065,1369,2673.6,18107,2401,927,1912,4522
348733,49112,81947,3105,662,28,47668,1164,69746.6,14662,5356,306,4362,9772
294260,10940,10847,920,665,594,31340,1833,58852,17682,12145,814,4695,2932
439460,59010,3236,1523,665,329,43404,27,87892,7800,5632,828,3789,1831
142717,11258,13487,3642,646,919,3460,1123,17126.04,7143,4307,1201,1086,2343
188595,24485,11848,350,751,33,18968,1210,22631.4,4156,10613,546,1991,3324
134085,23763,13155,788,311,503,9348,1802,16090.2,12449,7592,1934,4470,9007
389862,105584,11255,5442,816,827,15637,392,77972.4,11625,2402,1998,477,8876
291400,1067,1979,964,676,103,11224,719,58280,4049,718,1444,2334,3823
110158,20607,27292,1546,514,926,13412,848,13218.96,12013,5297,1079,3968,7353
194245,43883,21305,5640,693,493,22931,1334,23309.4,12982,435,1594,3583,4593
178502,9018,9007,3010,574,370,1307,260,21420.24,19518,5357,1944,4023,2194
442498,15187,35094,4661,724,387,15580,1092,88499.6,9753,6263,1555,2181,3191
391863,102911,35098,4468,513,744,45124,37,78372.6,16547,4593,687,3918,6319
466590,3985,89566,4252,257,236,68388,1089,93318,3976,1467,85,849,9243
340388,43052,33770,2891,163,734,36212,1498,68077.6,17989,2370,659,878,1451
152766,19563,9734,1180,172,904,12832,1517,18331.92,11448,9907,910,4959,2006
328408,47322,71984,734,772,89,47404,1770,65681.6,5013,8273,573,4042,4117
478276,51514,39605,5484,470,332,50403,466,95655.2,6983,10737,1629,65,6625
67545,18608,12396,2284,659,376,9863,63,4052.7,14498,10369,1037,2219,495
311368,67262,55619,4752,821,239,17779,746,62273.6,18590,7218,1128,1877,2078
370089,92118,27881,5331,190,729,25590,1688,74017.8,16993,13552,1940,4628,9306
23224,5791,2529,4413,943,181,645,1203,1393.44,6160,9680,177,2635,3332
50738,8073,1430,4170,453,256,6542,677,3044.28,19406,3379,208,733,9215
428366,73994,36680,5985,805,743,44174,844,85673.2,16211,5545,1092,4936,7580
335875,17221,83452,2922,564,188,17140,1810,67175,4524,1397,910,1542,126
190760,48506,31239,2092,599,840,26607,98,22891.2,18355,11568,1015,239,1873
249690,20968,44084,3098,949,414,19004,1560,49938,16330,4132,1086,789,2140
476725,127677,34189,5391,543,855,63543,303,95345,11656,6681,1194,154,6849
149649,17070,13510,3812,814,254,13956,1096,17957.88,17078,10109,794,2299,7437
18070,0,390,5428,743,44,2429,1980,1084.2,6388,1828,381,1573,6102
136161,37415,22152,1793,514,827,14233,1570,16339.32,8380,7998,828,269,4538
18666,0,2818,2979,887,597,470,946,1119.96,7845,12608,1333,1703,5684
329905,86338,26445,1925,578,200,42191,1166,65981,10036,3101,1722,1740,6118
308512,43601,76688,2719,301,358,36792,213,61702.4,8565,9943,747,4708,4324
147855,10420,5617,3317,408,342,15078,1740,17742.6,6525,3188,166,4145,2352
51914,6642,1195,2147,979,211,34,304,3114.84,11711,8935,1747,4554,9727
211579,19775,38997,3546,740,630,7433,1437,42315.8,6388,8815,1023,2079,7035
137738,28754,25433,1838,856,297,13263,1940,16528.56,4842,3617,628,3265,1408
482242,69893,5305,5549,372,980,44431,1752,96448.4,11472,8346,232,1110,898
256965,48367,60571,1616,415,154,23671,344,51393,7532,11569,162,2308,6610
339670,13201,58860,2019,379,697,40668,743,67934,6476,14397,592,2681,6349
474051,133811,73613,2250,588,196,27573,1621,94810.2,18608,1193,503,807,9119
448981,13231,48648,523,299,848,43542,493,89796.2,16108,14198,1288,3015,278
292100,42495,63090,2326,606,481,1062,1704,58420,7413,13368,1898,2522,4074
228967,21168,31385,1847,285,712,9782,1922,45793.4,16855,9923,1901,765,4074
318384,32624,42113,4078,784,929,40862,1148,63676.8,10798,14861,505,1281,7630
393152,10635,42642,4023,548,777,26441,840,78630.4,17012,3203,634,807,8419
440364,9964,33062,1823,771,378,41006,407,88072.8,14730,12778,59,504,7146
104270,27785,6097,5509,292,747,4841,1259,12512.4,4655,4626,1085,582,6933
276901,82797,41604,3003,219,705,30079,1902,55380.2,7401,3715,1790,433,6718
29097,2870,3633,2272,203,366,3988,991,1745.82,15231,1772,1129,405,623
151467,11392,6678,5491,993,536,1653,656,18176.04,17472,5853,1859,902,9103
157313,12336,32121,4828,552,770,16428,616,18877.56,14554,2132,1167,1916,6030
376036,77475,48503,5767,701,929,37138,343,75207.2,13798,1111,399,364,2633
168768,27412,21404,5682,858,70,20148,775,20252.16,4977,12193,988,3490,9702
256726,75379,5743,5690,176,27,32853,1669,51345.2,2800,14109,1771,2211,9860
342624,45591,16494,4904,991,392,11368,1544,68524.8,2992,4611,1887,2257,4586
56163,2686,8775,4903,448,522,1613,1550,3369.78,16843,13553,543,921,1140
29816,233,3225,916,841,348,3291,63,1788.96,8256,12116,357,3534,9040
453056,62672,9678,4815,707,117,8779,1713,90611.2,9484,6046,486,2359,5085
243619,27228,37632,5491,803,379,16151,501,48723.8,17883,12422,246,1877,7086
324997,14429,46235,4469,469,207,48294,1659,64999.4,18105,7015,1255,2648,4084
165989,18758,1648,2921,594,422,23165,1034,19918.68,4025,14814,37,4082,6293
106731,2272,15677,4541,247,92,3516,606,12807.72,6777,8050,678,3672,9246
162638,17350,22765,2393,275,140,17640,1655,19516.56,13218,6503,445,3672,9372
216524,50041,2381,2064,207,354,10353,429,43304.8,5256,11703,1470,4005,6288
72823,20247,16489,3476,326,522,3035,1324,4369.38,2693,7213,1640,2520,1041
161878,22538,11745,1432,868,802,10609,1004,19425.36,11875,355,15,1831,1956
216592,3400,5818,4516,434,750,7516,1269,43318.4,14099,9320,53,1899,3643
11759,0,1694,3870,815,775,974,1612,0,14753,7087,1789,3666,5404
267164,57378,33149,1366,176,774,21670,93,53432.8,19407,11873,748,1173,6888
445165,37310,27312,2446,600,68,10311,314,89033,11657,10427,1934,4397,9434
364518,101827,37124,1005,472,581,4955,152,72903.6,10218,5656,17,4118,2665
143554,18147,1316,2658,824,696,10592,1263,17226.48,2771,2929,771,3411,4440
296586,68827,70990,5633,399,882,13322,139,59317.2,8463,10724,548,2977,7418
436935,99862,60046,3834,849,123,152,1620,87387,19577,7753,1319,4490,6549
461282,38889,78643,4112,519,418,13473,215,92256.4,3615,7098,1598,810,8757
103501,18660,4074,2770,995,733,5909,793,12420.12,4466,14893,1091,4126,972
274223,37207,64042,4367,239,522,27009,369,54844.6,5187,1897,1424,4836,8528
405933,50255,23102,3760,280,677,51890,971,81186.6,3998,11065,976,2505,1638
69676,7520,16126,4068,959,602,138,1316,4180.56,16404,9269,1505,3040,1971
431168,91531,106958,2234,674,759,14541,240,86233.6,7406,5741,887,1507,1152
227516,5409,31957,2619,178,340,6239,980,45503.2,17018,2515,687,2233,8425
183532,42438,12872,3172,926,973,17109,1558,22023.84,9774,11387,18,2323,2926
100397,12106,17326,5521,693,304,5700,320,12047.64,13208,5212,597,1870,5420
82847,11934,14951,509,811,802,11734,44,4970.82,4508,1314,1958,2639,5904
103607,29823,8349,5134,235,156,2365,1609,12432.84,3002,1519,746,1890,1651
230178,7869,55567,5441,207,87,14847,1954,46035.6,2148,11402,1472,1213,9608
159521,35724,19693,3107,206,227,18,613,19142.52,12432,556,308,2004,2649
436752,56862,50478,4554,543,936,42396,1967,87350.4,13496,11384,145,1845,6240
74077,10766,10909,4262,174,364,1961,283,4444.62,6257,10337,806,2850,5195
310402,19768,60012,5136,339,991,10646,1920,62080.4,7577,11771,1979,1639,7914
189374,30794,10760,2253,225,645,18235,1607,22724.88,14840,7365,1115,1391,6762
267009,26145,11584,2690,520,265,39880,1576,53401.8,16497,8709,1484,3873,654
432081,75622,2106,5819,886,83,21905,1814,86416.2,16488,10252,1442,3712,2509
147717,43203,13669,3825,655,211,16484,1235,17726.04,10571,14389,328,8,1182
391915,26442,25223,5094,332,217,25168,671,78383,9605,9732,1360,3176,9825
48000,28,11514,3514,303,852,6838,86,2880,10056,3099,1441,4189,1409
36737,8897,2938,2744,418,748,5274,1030,2204.22,12005,1219,782,3604,4709
283629,25596,68019,2883,427,150,14464,1482,56725.8,19084,6645,584,4117,2425
310709,75791,61585,440,489,685,7135,182,62141.8,11341,7600,870,4441,8832
428738,42406,27482,4635,172,139,6029,1351,85747.6,9873,13071,1810,3787,1004
391758,40524,60369,591,581,54,12653,298,78351.6,17276,9379,1098,1950,367
337299,23332,34143,3164,675,140,2509,397,67459.8,7319,9828,983,2596,5640
196240,44624,24240,4477,755,73,13472,13,23548.8,7344,1273,1108,2302,262
62487,15764,10015,2907,492,134,1955,99,3749.22,18964,8752,702,2794,1581
402092,27563,82164,4236,201,996,9846,755,80418.4,17551,13001,337,3043,2980
284486,36370,63023,3217,488,907,7078,168,56897.2,14226,3207,793,1455,7801
312950,5062,51500,2518,190,828,40311,231,62590,3269,3773,176,129,4784
320914,44645,63925,2097,825,920,26264,1134,64182.8,10603,3757,1781,4836,8967
88623,24455,15060,1276,667,641,910,1370,5317.38,11988,1069,771,2353,374
375321,7244,92973,879,556,743,6163,1363,75064.2,7643,14750,1473,380,5619
403170,6372,49631,2873,287,25,45601,613,80634,12795,6481,1168,3862,2092
347773,85501,76190,2889,248,487,24377,728,69554.6,9257,1076,246,517,9457
393137,117450,63652,3583,490,434,6715,239,78627.4,3485,3964,1152,3772,2980
193675,44997,14253,2099,885,580,22526,239,23241,14656,13347,588,3875,5427
399088,16956,54909,1761,465,61,39373,732,79817.6,19679,12186,713,2529,1756
223046,40473,11565,4717,691,199,32461,269,44609.2,18170,2019,1104,76,5842
115947,13894,27597,4368,374,489,16988,539,13913.64,4191,10823,630,2732,6942
298543,69586,65623,3247,987,492,18754,1309,59708.6,9244,12966,1236,2359,8102
138177,16709,9432,1013,410,968,10202,334,16581.24,14807,201,1392,1707,9948
226454,15210,8764,2723,396,678,12327,1589,45290.8,8233,10084,1130,1885,2866
484460,102081,65714,2190,228,467,47055,442,96892,12615,5115,648,3287,2870
119575,34489,26301,3867,846,115,13221,724,14349,10068,7876,1118,4324,9592
383048,17733,49314,5675,960,370,16586,907,76609.6,5045,2389,1122,3867,6665
217606,20080,35408,1978,841,650,16092,1526,43521.2,5265,6371,905,4611,7480
458322,124476,41965,2447,622,231,13870,369,91664.4,7917,2504,688,3459,9355
302822,58971,67957,1217,226,447,33010,1143,60564.4,16841,3202,47,4429,4730
86218,6941,10947,2566,411,213,9721,74,5173.08,8750,14323,175,2134,7305
73230,13464,1217,2824,890,207,6231,422,4393.8,2510,3257,398,493,578
255756,52960,35242,2106,151,101,3740,69,51151.2,4368,8127,44,2158,4231
346199,103550,929,4351,166,809,19105,834,69239.8,3499,14359,1281,1577,6468
459589,85765,106262,859,493,9,41672,744,91917.8,8958,5292,313,3839,1635
172552,51729,34270,928,161,472,12087,270,20706.24,9518,3356,165,2243,7317
488446,48137,98724,3366,843,122,28519,131,97689.2,2855,3514,1538,1472,5763
472052,118922,13580,5748,995,786,50712,1121,94410.4,6027,5525,1753,551,5007
344402,46412,20742,2211,156,3,8687,101,68880.4,18745,12402,1015,4349,8100
49986,11108,1449,4062,395,466,5408,1451,2999.16,16773,5080,480,73,573
165232,29011,30885,3851,306,258,22942,1190,19827.84,16176,12925,880,902,2171
357739,73664,71347,2108,323,720,43622,1128,71547.8,17936,1494,1495,726,3633
111358,32450,8619,2686,636,909,2575,1989,13362.96,7068,14071,698,1313,7706
482327,84433,89791,2195,990,777,23892,597,96465.4,7090,678,608,3957,4787
337073,73704,13527,4230,995,773,1082,1572,67414.6,15291,7925,190,779,2503
83506,6861,16223,1306,842,286,2753,1465,5010.36,9401,11459,1885,3855,2409
44911,8990,106,348,430,30,4994,671,2694.66,13464,5496,42,3207,1249
359271,61914,69585,2150,458,687,52110,634,71854.2,5992,12907,771,1705,3613
435037,63888,41057,2229,386,520,8735,923,87007.4,12801,5077,682,3589,9432
216111,13750,1903,2432,306,715,11255,1667,43222.2,14795,4011,236,3534,6437
463751,61293,44261,1825,400,619,10094,1289,92750.2,11082,4770,1724,2186,3598
385597,82524,70912,5965,370,123,20698,1818,77119.4,16312,3658,1877,4082,8091
94458,2979,42,628,487,749,11363,851,5667.48,3695,9259,816,1622,8264
22175,4916,1577,2957,372,921,994,419,1330.5,11007,7621,1983,4625,6276
391379,88720,77918,4829,360,129,30651,260,78275.8,9378,14781,531,3656,484
326915,33365,22449,887,486,745,34918,976,65383,2498,3661,1876,625,8614
399301,58876,38653,5668,283,515,6103,1457,79860.2,3680,1605,684,2181,2407
131300,23704,28859,3505,993,479,17267,415,15756,13452,9890,656,3151,2427
96925,25089,8576,1898,920,731,2677,1378,5815.5,11528,5853,577,3713,6455
254446,5622,45874,4151,644,773,36743,1942,50889.2,14741,733,1249,2512,7184
76358,18261,11663,2772,696,541,6,1484,4581.48,2248,14443,1941,3993,4242
420543,110468,36345,3117,332,950,27011,700,84108.6,11888,5031,433,1800,385
57057,1699,3238,4907,964,923,7645,1408,3423.42,19042,4642,453,603,2127
278294,79332,69428,1708,310,828,38168,542,55658.8,17118,9614,1816,349,2335
276569,66201,4321,5807,754,76,4191,1298,55313.8,2688,3502,1150,2877,4517
264726,32694,5776,1311,536,182,5623,982,52945.2,12469,11897,641,4654,4595
288176,22995,16119,5868,346,365,2293,1333,57635.2,2223,3603,1789,294,5985
12198,0,1897,4959,976,291,1247,1919,0,3759,9751,426,1151,5358
463716,80141,38596,4698,867,969,20593,929,92743.2,18437,14765,1424,826,6627
194466,17463,33063,4344,633,713,27167,1155,23335.92,15347,13196,72,3538,2781
423295,8419,98717,1629,651,388,37193,1711,84659,7684,9649,1171,1731,2942
177292,47952,22340,2904,638,156,11766,815,21275.04,19083,11832,420,3442,7236
445090,70799,75723,2323,501,99,61384,48,89018,18969,5317,435,4791,8263
154931,40719,6668,4807,679,907,3224,443,18591.72,6384,13290,1614,1269,4757
453676,45687,80880,3485,383,633,15848,884,90735.2,3451,14288,281,1871,8048
172491,34131,8195,4903,994,917,14607,171,20698.92,2310,14692,408,3765,8448
391009,37276,82097,4451,727,826,15759,929,78201.8,15867,12002,319,4254,1610
411921,34523,102658,2893,905,109,7517,989,82384.2,16386,8320,1438,1220,9509
446096,54615,57995,3641,558,678,30980,1847,89219.2,19506,14247,925,2704,1718
270910,10514,38250,495,425,641,3590,1353,54182,2341,14737,368,2263,1279
33236,7233,3271,2090,860,269,716,5,1994.16,14850,14624,393,3077,1853
97955,1102,23071,1406,608,137,8455,1611,5877.3,11174,9730,1445,4982,9489
226586,66133,43442,3089,602,687,6944,1227,45317.2,18012,8561,620,4938,9041
113145,19657,5392,2484,562,63,317,368,13577.4,7423,3708,1659,407,3142
156430,45009,27106,838,167,642,18591,893,18771.6,16206,9709,1620,1811,7385
240785,6256,14309,5084,221,506,27100,721,48157,11841,7712,1519,12,4591
104914,23642,24809,1018,816,839,640,1571,12589.68,19966,8267,1495,4918,885
375014,108684,693,4295,527,699,858,930,75002.8,16601,11826,1121,603,7861
217990,64800,33937,605,831,976,4243,280,43598,15230,7547,1947,1758,946
388387,94937,94769,5730,983,963,30518,1712,77677.4,18299,6851,1395,356,8587
24596,588,2477,687,504,788,1470,1078,1475.76,8784,4595,996,3346,4561
436788,72090,74159,1024,943,349,15437,1192,87357.6,10556,7902,1175,302,5665
481973,128845,106086,5310,300,146,25550,1336,96394.6,19552,11453,1948,2299,8406
142351,24386,9174,2896,410,334,8243,917,17082.12,10336,3985,1104,582,1980
204269,4846,11352,2735,229,531,28929,1501,40853.8,8310,12564,1894,2882,5960
383640,26205,52196,2640,255,825,1019,427,76728,3066,7590,1040,2141,6950
402417,25570,71066,478,672,553,24284,1535,80483.4,19355,12300,1636,30,3019
465732,21182,4992,2203,552,861,32371,412,93146.4,11768,12675,1093,300,3876
148155,39373,23354,2004,869,905,13234,838,17778.6,9182,9154,511,3567,8587
130674,16043,3312,3683,279,406,6357,47,15680.88,14416,1099,831,4405,9035
392451,45532,45833,4475,320,343,21595,1639,78490.2,14341,2890,873,328,1664
267529,65936,4318,4842,555,651,7772,1026,53505.8,13978,2725,1892,1121,7872
250469,19239,46827,5161,182,520,14567,1620,50093.8,10324,5356,237,3541,5939
420987,10416,99992,5484,685,590,53890,684,84197.4,13837,217,414,410,5757
433191,3412,66003,5791,346,924,36669,787,86638.2,3266,14378,56,51,9444
448864,81976,27192,4965,195,849,28684,328,89772.8,2209,4044,1427,2614,5244
266713,24406,37489,395,423,659,11708,232,53342.6,8526,5872,1453,1050,6376
451501,1875,107507,5952,892,704,7670,1699,90300.2,13473,3107,1153,2912,6017
29063,4543,1677,1583,282,770,1549,59,1743.78,11005,13421,616,684,8396
77642,4298,14785,547,413,135,4934,589,4658.52,5449,13849,593,2474,8451
100093,3768,13679,1281,746,38,2666,529,12011.16,4131,14607,49,4649,7570
227215,5752,27445,4663,516,319,2453,1120,45443,8127,5971,1979,3827,5292
440815,14691,45310,1865,974,286,41247,1089,88163,16998,10341,469,2821,5280
192992,4311,17870,2441,154,878,2473,1054,23159.04,19893,1949,808,2351,1296
169601,48075,25992,1035,418,967,16819,981,20352.12,12150,1741,484,3610,9912
45954,10794,11038,3687,882,462,989,1773,2757.24,8225,1668,1881,3231,4871
37856,2934,3749,2959,855,890,3559,776,2271.36,8944,13989,1521,4437,5235
12573,0,2503,748,570,661,1205,147,0,17545,10895,331,1523,1647
481560,75930,73391,2135,495,351,41214,1683,96312,17067,5318,965,2740,6041
45367,1209,11329,5015,218,4,5972,46,2722.02,3228,12606,144,1306,8488
247804,26872,23439,913,949,235,34602,1267,49560.8,12754,9863,205,3819,2444
371752,41708,11101,1733,507,235,39810,1280,74350.4,6211,7735,905,295,7890
332918,20800,82319,5928,837,825,28837,1501,66583.6,5418,4772,89,93,4247
33752,8625,4382,1176,535,968,464,1618,2025.12,4448,4262,1906,3532,1736
327173,37909,44917,2875,474,500,20735,355,65434.6,6394,8972,1474,3005,6589
158757,21352,26809,1433,900,104,16806,653,19050.84,14797,5202,169,3305,8799
402426,101975,83459,5170,630,206,46292,1664,80485.2,3007,7301,1261,2202,9280
323837,93848,80562,971,328,238,29228,452,64767.4,10403,12352,462,277,1438
126739,15438,8428,1930,405,830,5933,521,15208.68,7228,3160,1423,2552,2193
328105,88921,23569,3618,568,828,47986,1992,65621,10097,10715,1189,2026,3581
248009,44999,54062,660,360,51,31244,176,49601.8,16287,14374,653,1815,576
266028,18482,41887,2692,888,107,15411,1933,53205.6,6070,12579,419,150,3441
217980,32471,20893,4201,733,356,25864,955,43596,5893,4226,396,2228,4914
266609,47279,55304,1097,516,32,38840,209,53321.8,19777,1888,1210,3590,531
398822,109413,32399,2083,726,21,25924,1065,79764.4,12768,2615,1690,4118,8541
346676,54213,25236,366,315,306,554,1147,69335.2,11455,10969,1287,3078,7219
354138,13026,85870,3334,363,10,49158,186,70827.6,17059,10932,1110,4407,4860
328277,85184,49531,5977,678,638,18149,1048,65655.4,11204,3751,1256,2709,4216
333412,5435,80570,2390,997,441,2091,1187,66682.4,19179,9316,308,604,4157
495417,139565,96621,2576,322,561,27749,1886,99083.4,19587,11786,714,2821,9226
441459,59321,9442,3815,278,197,50809,1005,88291.8,14372,9962,132,1640,553
198456,2763,12643,533,152,528,9003,34,23814.72,7892,4397,1668,2504,1272
41653,4005,2301,1522,909,941,6094,1276,2499.18,17854,4566,1496,4440,88
167729,31498,7710,2844,219,43,7463,474,20127.48,5372,2554,1873,2687,5622
443168,63755,38560,1355,201,184,51114,758,88633.6,2420,6730,303,4137,6316
425396,101545,58070,5368,586,388,49642,469,85079.2,4257,10716,1782,4709,6117
238504,35825,42427,4854,527,550,8509,906,47700.8,8079,1156,1785,1548,4536
131829,16934,7216,3647,920,506,12505,521,15819.48,2061,8650,1778,922,8870
138377,5574,11712,1469,900,441,18932,263,16605.24,19930,4220,279,850,6695
481627,130698,70441,5776,243,495,38867,1128,96325.4,7973,3818,200,591,3296
11622,0,1903,4401,708,504,552,1243,0,11942,13433,490,2094,6534
58756,1587,11546,793,736,136,3094,766,3525.36,9554,4815,1994,3512,8657
50809,10014,8607,3479,752,988,2263,406,3048.54,10370,1655,1741,3821,8555
26725,5920,599,4143,235,278,1066,645,1603.5,7609,13258,297,2453,3239
202468,54412,7288,5334,667,942,28008,1229,40493.6,16008,11773,1160,3812,8610
61226,11688,11266,1663,891,163,5744,635,3673.56,3410,4754,447,1152,5833
91182,4409,15586,3698,579,542,2790,1239,5470.92,16722,9271,196,1202,7894
485781,127159,61518,1356,978,851,59805,63,97156.2,12791,7753,1913,4209,525
39402,5783,7921,442,192,22,3489,968,2364.12,10527,11663,1114,4670,6866
14263,0,1567,3615,973,951,1673,813,0,18190,14163,1930,1626,6130
237595,26751,47878,5131,859,710,31336,871,47519,17619,13018,731,1185,221
187900,38174,1094,3073,519,506,18747,37,22548,15008,3673,1672,2076,6280
57924,12041,11135,2184,553,685,3723,759,3475.44,18594,3193,1868,4806,6212
346326,23227,79044,2564,452,509,36269,664,69265.2,11859,13596,60,4920,4902
234137,35201,45113,2224,331,569,23026,221,46827.4,19838,3293,850,4555,3692
462268,36069,58791,4345,318,931,63720,1365,92453.6,7030,8626,71,2413,3807
414880,82190,9684,2781,352,707,48016,769,82976,17955,2021,822,1495,8871
307881,26370,71727,2190,855,599,20517,472,61576.2,2440,11289,451,3173,155
373476,95018,83378,3425,692,443,47365,1559,74695.2,10846,4685,1899,118,6640
361707,11586,58552,1241,251,141,28093,356,72341.4,14534,13640,1816,3489,8387
170445,50231,8046,1915,725,280,16595,1529,20453.4,8504,5712,1662,103,6820
177469,5322,4934,2268,495,966,3529,578,21296.28,2667,2711,198,49,4571
400719,65294,59556,3522,752,206,13961,1784,80143.8,8159,2788,823,4949,6372
489361,79468,46806,4450,591,683,62430,234,97872.2,12629,6149,282,474,7575
111371,29299,1354,1771,399,301,6349,601,13364.52,16683,2276,1778,4814,5025
48709,8795,6473,1358,332,396,4100,93,2922.54,17263,10572,1174,3662,490
202192,5257,29816,1306,451,317,13930,860,40438.4,12192,10138,1063,4950,6164
160322,46501,2963,3490,429,786,9458,838,19238.64,5622,733,370,112,7110
31172,7982,2848,1520,866,907,147,188,1870.32,16381,3960,476,3639,7591
21555,5176,3042,4961,238,879,1709,648,1293.3,3393,2895,57,753,6251
490626,140849,95777,5166,954,857,31106,1708,98125.2,9569,14394,547,2279,3421
481833,142321,105277,2097,574,47,69526,15,96366.6,8637,6425,1276,2670,6451
63276,12881,7139,5273,434,672,7854,1398,3796.56,19939,11315,713,4972,8770
67492,9587,11226,3171,820,974,3836,363,4049.52,5414,7351,415,924,6560
194074,28264,39698,813,279,676,14256,743,23288.88,8276,9995,238,3476,4106
266010,74327,38108,1917,397,389,4523,1421,53202,5389,9967,383,1536,9558
361743,107009,70647,4817,801,378,33136,409,72348.6,14555,9506,406,1600,3496
475571,138905,68617,4912,338,216,61324,173,95114.2,8736,11103,1191,2224,7512
232320,47013,29815,4057,240,628,29319,1636,46464,13218,8101,110,1126,7399
427978,117341,7802,2332,717,848,50622,185,85595.6,8367,5395,1455,3195,5424
21046,4905,1270,3510,887,938,3093,1993,1262.76,11103,13746,1943,3896,8379
238071,63620,56679,1004,995,250,2597,1053,47614.2,2971,1876,1748,482,1503
388165,15754,63372,1973,988,867,29210,469,77633,9408,2735,1702,265,4111
431985,107584,54020,3999,314,433,60697,1403,86397,5847,14969,1319,3162,2771
194374,12577,17913,2391,697,755,1302,311,23324.88,17908,6772,284,4358,9223
426366,96631,17465,5253,479,941,62583,1885,85273.2,18820,10315,300,4493,1347
471463,86784,7994,3148,690,758,68060,799,94292.6,19968,1670,1900,3810,9117
276997,35282,3531,4614,229,584,7484,1101,55399.4,9156,4872,602,2446,308
497829,24124,9343,4963,318,283,58627,534,99565.8,6312,13666,1532,3378,3566
130900,4566,26298,2077,694,482,3356,528,15708,14858,3998,545,4790,7616
492615,133268,99020,4653,242,706,22600,121,98523,3595,14982,1113,4459,5786
425008,61527,6229,5932,773,266,33870,227,85001.6,12317,2097,1523,3999,2526
69129,17173,16588,5356,528,915,1067,988,4147.74,19726,12626,1550,2234,9996
247091,11345,23168,5796,358,598,33512,1431,49418.2,11854,5550,581,4424,8405
215550,59008,44789,1192,343,245,3074,1198,43110,13470,10481,1752,4640,4230
254883,34077,44069,1271,413,157,30858,1930,50976.6,7441,10675,849,4831,9167
124130,864,4094,402,396,356,2862,552,14895.6,12836,1692,1094,2628,4506
470514,12055,87402,1407,779,547,27654,14,94102.8,9344,14109,641,938,6722
435203,103693,9524,5445,597,235,58226,213,87040.6,12549,6691,353,2733,9527
156922,19747,22538,3546,889,759,14189,602,18830.64,7883,10637,640,1405,4689
415328,44484,86762,4012,670,459,55107,51,83065.6,12132,7712,632,2503,4365
131789,11978,8103,5841,860,99,2560,929,15814.68,9059,14597,181,730,4480
165130,24599,18402,3717,628,738,4791,1339,19815.6,11199,9803,1148,3127,4114
186492,35771,15090,5717,426,118,3834,56,22379.04,15017,3305,109,1832,2370
48890,14174,8709,5474,278,353,2774,1312,2933.4,10080,7360,1409,2410,853
76017,13772,1438,4451,451,707,8268,1172,4561.02,3035,9697,1769,3370,6830
188376,17615,21511,5410,723,87,19498,407,22605.12,17052,4668,163,1587,5096
173993,40727,15029,3959,663,35,14235,531,20879.16,19533,9213,1987,4399,8384
142596,39349,30831,5226,509,313,13531,1392,17111.52,16683,6754,1563,3851,988
110424,29377,23531,1219,992,539,1012,1347,13250.88,9239,1436,1238,2146,9478
287192,49573,53520,4852,506,550,37053,1636,57438.4,10631,3548,102,4651,9544
438327,129344,70053,4527,615,321,36324,356,87665.4,2785,7933,403,2194,1010
178976,11760,21961,4888,321,426,14976,699,21477.12,16323,12159,1188,2275,3295
327056,25762,26835,5973,906,516,2325,1453,65411.2,14495,4516,1594,1418,3641
44008,1834,8973,2457,237,987,1725,1056,2640.48,8617,10025,1067,2915,351
403276,34332,1244,881,649,652,32406,1566,80655.2,3358,11014,1163,4699,3151
215738,40100,2416,1095,232,739,20372,673,43147.6,12316,13474,1055,1004,175
93559,4944,15293,3497,666,8,2354,1813,5613.54,11365,4849,248,4987,165
65337,16057,6490,2183,700,358,6693,873,3920.22,12811,3008,805,3699,8615
382760,13877,77219,3667,471,477,11419,1309,76552,2212,309,542,3158,9042
285494,29990,5839,5598,614,56,18778,516,57098.8,9742,10636,529,4514,6752
34354,10139,8406,1109,962,282,4521,680,2061.24,10220,8335,1692,3131,9847
55186,1308,12170,3233,736,444,41,1708,3311.16,4944,11323,1761,506,6820
38145,2986,9327,3568,762,460,4733,726,2288.7,9680,6041,1842,337,8946
437236,115074,56249,5168,290,489,18232,1852,87447.2,8216,1148,412,3572,5353
96123,22515,11967,5520,754,358,10316,116,5767.38,5739,14919,1626,61,7247
216258,58505,37777,3284,780,689,4191,766,43251.6,16330,652,990,4118,3835
226541,3258,50734,872,949,987,13024,268,45308.2,11441,11915,830,4393,4241
30581,6121,6120,1506,770,593,1646,1787,1834.86,11815,8122,879,1189,4694
98929,4811,8924,5204,704,929,6893,1928,5935.74,17421,8498,1782,3057,3511
295195,22958,24260,5274,285,596,13599,717,59039,16081,204,848,4153,2275
61474,6697,10455,3380,479,64,3334,720,3688.44,9877,5463,531,446,3488
101748,20317,18811,2760,878,428,3659,1186,12209.76,9923,336,1694,2490,2988
135995,15775,5721,2041,544,854,17038,1809,16319.4,2084,9184,1054,1534,5331
255690,76575,41191,4305,305,801,9584,1918,51138,6866,3712,697,3604,9594
341770,94633,4930,5225,188,867,28244,139,68354,15554,14701,998,3042,8097
279104,34207,4353,2913,431,456,24459,1910,55820.8,14692,14159,1876,1585,8823
438988,55,7832,2015,989,135,21755,1704,87797.6,5114,10055,390,2945,6025
424736,118012,49554,5545,687,761,5452,143,84947.2,5672,7432,223,4850,1737
190553,23161,22951,1869,693,605,21223,221,22866.36,7924,8806,1526,4364,5285
46408,105,4865,976,195,47,6438,780,2784.48,3373,8168,1803,4315,3499
366150,101505,57298,5340,817,931,31361,891,73230,11655,11902,982,3088,3838
269568,80720,51389,2133,393,611,33279,1937,53913.6,7011,6723,956,3884,1800
329278,66205,73306,2813,696,849,44015,587,65855.6,7952,8588,1578,3380,9829
161563,12663,25525,1100,599,193,20508,629,19387.56,14308,12057,508,3052,6001
142413,25318,16556,1441,427,116,12003,1633,17089.56,2296,8171,48,2529,4413
185695,33734,15094,5511,903,778,3078,434,22283.4,3130,9911,1386,1060,544
100327,16691,7935,3352,555,819,4637,1568,12039.24,10908,8987,807,2701,2699
403554,18522,68211,2331,920,163,59606,1477,80710.8,14923,9917,709,3184,703
212503,11656,31280,1808,195,478,29298,1873,42500.6,13376,14687,1951,2984,9212
153326,15893,11240,1410,898,286,14299,1090,18399.12,18027,4996,1726,3255,4683
192932,45857,4005,4629,669,535,12215,1845,23151.84,11499,922,1765,2899,7145
21344,109,637,1212,921,493,214,1029,1280.64,6426,10467,1038,2454,4669
404966,3632,17332,5543,420,404,29859,1827,80993.2,11053,7427,345,415,372
457972,95872,26836,5622,705,95,60585,1264,91594.4,16620,8485,1491,4838,3154
77957,23112,14388,1355,387,496,10460,1078,4677.42,17089,11438,779,3414,1468
115423,13266,14959,5970,316,253,5119,382,13850.76,17799,3094,1768,2430,4157
330197,61607,1694,4489,525,413,35076,433,66039.4,17608,12601,492,4179,2661
474071,16940,86677,5941,737,632,70655,1493,94814.2,11289,13328,1902,4586,94
156968,24003,22666,2050,818,583,22120,1094,18836.16,18954,9539,238,2861,4529
196833,32872,47521,3471,350,864,565,1629,23619.96,19698,9966,665,2598,3190
203624,34815,49294,4453,895,370,28267,1473,40724.8,11139,14438,925,618,1926
261147,30869,38769,3312,381,575,12090,479,52229.4,9971,10696,860,1486,5033
87454,16529,6652,3728,595,242,8992,1166,5247.24,14345,4308,925,596,672
267594,60107,37855,3862,873,638,28206,21,53518.8,6595,5035,76,3328,238
362744,82793,1460,5438,567,372,45701,560,72548.8,10922,11657,232,1189,8937
394876,16682,47646,656,303,38,23575,1445,78975.2,13035,2801,1469,3937,2786
431151,19622,41252,5555,517,896,5084,647,86230.2,7588,8300,170,924,5046
47641,14024,9835,4691,874,352,3504,1415,2858.46,18709,1408,533,1729,6920
39711,8837,837,4920,236,425,991,1766,2382.66,14121,2282,746,1259,4901
342486,64210,8463,5520,679,76,29300,611,68497.2,11575,6892,1000,882,9362
379040,15407,13336,1917,852,981,14062,467,75808,13473,449,272,844,6497
153254,29309,26534,1923,969,509,10717,1316,18390.48,18243,14150,1942,2106,7979
97833,6382,2369,5524,203,516,5613,711,5869.98,10746,8329,1048,2799,4413
328420,93190,25381,1965,877,139,10621,845,65684,13396,446,756,1418,6890
291685,18895,25407,5945,191,251,22901,120,58337,17065,5982,837,2390,808
366601,99087,62552,3499,498,668,43560,738,73320.2,3587,7806,1269,2595,1590
485526,370,35939,4796,379,770,39673,1944,97105.2,2452,3705,548,4379,718
54813,15908,10383,1895,891,316,376,1461,3288.78,15894,11629,473,80,2446
178270,486,2040,2289,843,946,8142,750,21392.4,5074,13814,1336,2631,3549
149892,23762,23116,3086,585,419,17488,788,17987.04,3112,7987,1492,435,7610
296214,26613,26170,828,290,878,30337,1124,59242.8,18265,11812,1378,770,3757
472984,3196,71908,2904,437,748,55898,894,94596.8,3074,12615,1861,1292,7245
414338,107856,22369,3495,998,74,10339,1006,82867.6,5524,3941,1813,1888,9914
352703,94937,73098,2707,471,985,22058,186,70540.6,10671,10379,1744,2326,2658
214615,35029,44544,363,743,897,5242,1182,42923,5318,9764,1482,726,9697
486657,76349,5900,4260,591,28,68383,517,97331.4,4933,3507,515,1689,275
51786,9148,7965,3112,316,40,3467,681,3107.16,5794,6977,57,3844,742
236006,8572,21700,3121,995,540,8214,1910,47201.2,11365,4082,171,1927,6212
240876,28225,41233,4327,715,491,15454,1203,48175.2,13253,14909,1353,2940,3232
409953,45853,589,401,612,99,9110,1454,81990.6,17667,9648,272,4566,8347
308206,49390,60044,3648,605,319,10171,1235,61641.2,15809,5218,1253,4534,2228
457453,72379,65311,3598,222,569,33144,1947,91490.6,17664,11432,145,1563,6819
323715,1105,57926,3394,874,722,15384,1000,64743,16297,4359,1460,2017,7345
297654,59896,70599,3191,832,649,39202,1699,59530.8,8686,5325,1298,3847,9979
291570,43209,49008,3435,419,522,25826,639,58314,4294,8231,853,1770,5770
47265,9719,1258,1480,368,902,1196,1831,2835.9,9402,3046,828,2939,6777
421066,18051,79134,5809,797,844,26246,729,84213.2,3355,1427,1592,1298,6833
259321,77400,2866,3186,696,875,24004,652,51864.2,3194,1731,1358,2188,4715
76150,1996,16955,3028,807,188,11332,432,4569,3498,6942,299,3993,2079
97312,1425,8736,2992,332,449,11544,643,5838.72,4889,4452,146,3378,7190
99613,27388,20606,698,227,93,11102,1889,5976.78,2515,586,920,2316,6316
347054,57175,29404,704,457,853,22869,762,69410.8,8798,3880,548,3568,9745
324519,6849,65223,3173,914,180,29541,889,64903.8,3671,13358,1020,2099,3881
131826,36015,637,3568,477,320,1356,100,15819.12,16271,13731,1937,2552,1439
45435,2592,8232,2994,570,282,1766,319,2726.1,7399,5529,1081,4342,3542
368587,99794,15828,2382,385,390,21889,1121,73717.4,5042,7475,1291,2902,3639
460348,56866,53544,2767,983,320,10556,847,92069.6,17670,3997,31,2083,2356
220017,47078,26196,4772,998,569,28552,278,44003.4,2693,6491,1945,3961,5546
485266,31113,101976,4615,738,24,52396,697,97053.2,8352,2967,409,4202,2897
498618,15401,45097,2221,611,815,11463,1878,99723.6,15636,5377,430,3984,3954
144055,12884,32022,4259,734,259,11855,1166,17286.6,16285,2304,1961,2034,764
161734,18824,32202,1840,688,989,14410,1368,19408.08,8861,8462,1624,3212,86
295654,37563,28704,2689,187,903,22431,1884,59130.8,15037,8888,221,91,3349
219259,34414,25875,5148,915,496,16351,355,43851.8,9658,12747,50,1206,2145
182070,16142,23641,2763,575,212,1620,894,21848.4,13795,13869,808,4301,3042
460062,71492,37479,3668,747,114,14968,1614,92012.4,16796,7401,997,2927,1487
104071,13928,13235,3285,583,451,8723,868,12488.52,8197,1707,1485,3684,7808
278784,75257,22027,979,508,699,29120,1378,55756.8,6488,5672,704,2088,5104
316691,76693,42912,1047,180,771,40596,429,63338.2,10435,2952,1888,702,4018
326764,35135,71474,3153,354,647,48134,1062,65352.8,5745,2103,572,3409,5161
156389,6696,33348,1621,854,489,17272,1326,18766.68,7835,4192,894,2568,7987
125608,27862,24795,4048,891,601,16776,1572,15072.96,9311,8820,458,2789,6622
279708,5190,56738,4450,330,732,36225,424,55941.6,4949,4437,802,4755,2543
168417,4663,37242,5089,906,527,24052,1371,20210.04,10482,10048,596,613,4311
123824,4331,9941,833,189,658,2363,428,14858.88,7736,13947,1301,3608,6078
497439,44648,7073,2118,990,384,27436,1309,99487.8,10322,2501,1476,1770,8672
264444,28549,37827,4500,572,612,33085,454,52888.8,19798,10180,1063,4033,7356
89273,16246,13457,2641,306,417,6537,1347,5356.38,14565,5071,1589,2333,9329
347003,25761,37096,5306,317,988,12666,518,69400.6,8070,12803,977,583,4029
221837,3262,50546,2722,819,218,8896,1376,44367.4,5928,9713,1188,3608,7038
120017,7036,921,4845,791,879,15129,1838,14402.04,15700,5975,939,93,7319
477254,87858,68309,1768,231,556,13785,1326,95450.8,17218,4034,246,669,1069
133618,19131,4462,5811,817,62,15371,209,16034.16,17418,9582,1820,1484,8830
455609,4677,86496,5207,836,349,39653,590,91121.8,7865,3884,337,4126,909
469297,130334,30268,4785,949,389,43469,893,93859.4,10584,4646,1908,607,1699
135341,15329,19818,1535,749,803,4006,866,16240.92,13365,10481,523,1315,3417
301574,50617,42078,3014,251,376,12002,1892,60314.8,17683,12889,1428,4668,8156
216604,20493,1865,2008,909,870,27600,443,43320.8,17251,4686,39,924,1475
37788,2211,724,1445,867,65,4790,1156,2267.28,12673,2635,1053,2031,7197
236577,60148,30511,1775,238,118,21026,175,47315.4,12735,13607,831,2820,1915
451759,46926,33479,4223,494,745,51279,1110,90351.8,11751,11430,296,2707,6463
417135,75271,40478,3221,949,973,53765,760,83427,13245,1681,846,1258,8823
341490,34457,26401,2155,459,7,13950,1481,68298,5197,14713,1762,4380,8967
368266,42531,28502,3524,757,706,29763,216,73653.2,12544,3001,302,4610,5983
49974,7727,5080,4264,589,738,2749,1429,2998.44,11607,8106,731,4435,9634
379453,73300,13394,3679,308,26,24584,862,75890.6,12861,3060,1283,4632,4071
26371,5147,390,5979,263,289,3228,1430,1582.26,19413,7654,1947,232,7198
317228,63171,9262,5715,685,27,20038,603,63445.6,15863,10918,605,4420,620
432845,119229,4487,5238,312,158,47567,1452,86569,2848,13045,431,4732,9377
192256,52693,27341,1904,435,144,27269,1742,23070.72,7484,2685,1336,1320,6532
334060,45771,13570,5701,204,466,42283,1255,66812,11522,5877,888,129,7523
83972,818,6066,3579,725,745,5439,819,5038.32,19409,9640,241,227,5523
203259,47207,37262,5347,182,107,10488,1734,40651.8,13421,7372,730,4282,2703
285128,37289,26723,851,707,890,35371,1453,57025.6,17263,14645,1551,3930,874
305183,33892,69108,2304,880,438,5747,1061,61036.6,3222,9658,863,1388,4694
95431,5660,12670,5515,950,202,3533,423,5725.86,9931,3422,1931,3172,7306
355835,95057,60098,5492,345,776,23949,1422,71167,13214,10958,491,2619,5744
330750,38409,48707,2136,914,989,41352,880,66150,14462,4609,310,1581,2415
413832,115817,49028,1424,597,824,50403,964,82766.4,19952,11254,931,4370,8918
374809,34470,56921,1682,947,300,2966,907,74961.8,18791,1059,1934,734,3516
115373,18385,27992,2070,897,901,11320,1612,13844.76,16527,11740,658,4113,6942
191144,23296,10249,4163,740,909,25742,578,22937.28,3108,4454,145,3952,6874
296718,61716,67847,3700,241,926,30911,184,59343.6,4903,1200,729,4511,8412
406646,89152,97547,334,757,437,43526,1400,81329.2,17675,2402,1994,2274,1228
260195,26382,43839,2504,377,10,7571,274,52039,15008,8785,989,1247,1516
153748,11139,3642,5299,435,836,19391,601,18449.76,3071,3343,923,2362,482
414032,121019,6338,3644,384,606,56965,1309,82806.4,8430,848,1975,2112,2620
42733,6035,2609,3314,251,641,192,1371,2563.98,17852,8018,150,992,2440
226752,39291,9622,4791,913,102,31202,718,45350.4,5355,11311,462,779,6961
12050,0,1913,4602,289,784,24,529,0,2376,1057,1903,2220,9724
119996,35169,6240,2080,984,485,12504,1012,14399.52,3851,1785,10,4533,8206
43933,13030,7806,1928,804,109,4837,755,2635.98,6840,6444,426,3843,6423
34951,9481,757,1629,901,803,4025,1854,2097.06,12458,6921,852,3150,9928
42413,11957,10326,1859,415,642,4362,6,2544.78,6152,9350,895,3351,634
175873,10067,21470,1104,491,702,4257,187,21104.76,6209,1882,300,2070,6607
196691,46144,6220,2809,722,810,14622,1997,23602.92,7849,1465,38,4440,1302
436129,61772,108408,4647,684,92,53925,1623,87225.8,16810,13627,990,4825,5622
384717,79360,91851,1590,672,800,41845,1139,76943.4,9235,12759,590,1733,1683
443816,13444,54754,4604,165,717,18678,498,88763.2,16130,5963,1488,2681,556
198847,45647,27793,5350,710,869,6317,62,23861.64,16393,5624,984,2156,4214
231888,10974,14316,2886,485,540,17416,440,46377.6,13578,11501,1175,3814,291
271044,38383,22505,5230,539,918,1471,1367,54208.8,11291,10419,1018,2762,1928
231165,2956,28288,2850,319,698,5113,586,46233,12542,7038,940,1828,1450
253662,8077,8956,1255,268,848,31507,378,50732.4,3647,7893,1315,2333,4540
176472,36490,19109,4909,191,506,22074,294,21176.64,13847,1939,1888,3358,917
407710,110363,3497,879,159,176,59988,1706,81542,10056,11548,875,3360,2692
221760,55612,9864,2237,579,438,7739,1255,44352,16328,13755,515,4972,8803
132744,34938,31510,5567,617,842,1148,439,15929.28,17198,12265,704,4171,5084
361575,36159,87562,2297,198,667,24616,393,72315,2001,348,613,2297,1227
215763,39710,8774,1965,926,757,22864,1783,43152.6,18060,2886,695,2814,1570
53001,1616,4766,2430,356,710,3756,1898,3180.06,17047,1131,906,4980,6403
77364,13806,14039,4040,828,510,7408,736,4641.84,16276,2223,596,2944,3280
397132,113096,21017,2800,663,108,11602,1299,79426.4,17871,1542,1688,3180,2516
317172,78345,1821,1942,729,871,11158,873,63434.4,8155,497,1785,1904,337
248506,6458,50337,5607,969,71,13303,703,49701.2,10649,6264,561,4935,8264
238731,35524,45485,5012,359,488,23047,1190,47746.2,9491,6414,347,3399,5197
440789,40477,83557,1797,288,732,36564,98,88157.8,6786,4892,1905,1255,9717
141878,32222,10372,4902,186,280,3447,882,17025.36,17945,6993,563,2585,9778
396487,18320,93938,3504,367,902,8276,411,79297.4,10732,8668,261,427,9378
197710,28618,5797,5690,605,888,28878,1251,23725.2,13355,5271,1325,2602,2319
138301,17352,16283,921,661,213,11610,413,16596.12,5442,11014,709,48,7402
398439,72833,40857,3444,427,456,56984,313,79687.8,10120,12576,1749,179,3330
170829,27940,7597,2251,329,586,12737,325,20499.48,15357,6420,1806,4422,7229
44636,3203,8002,1759,666,417,2163,1085,2678.16,18337,12358,1653,4767,9246
221169,39267,6107,592,279,986,4457,128,44233.8,18759,10558,1468,1641,2176
189352,37941,25760,954,794,753,21754,1785,22722.24,7155,7161,288,4208,8509
296406,82809,35561,3284,760,509,11151,1475,59281.2,11728,12770,848,529,1184
352579,25368,76674,4143,821,661,10422,1432,70515.8,18566,428,1404,3194,2729
203283,11650,35268,3104,897,322,10915,422,40656.6,9761,13647,395,4026,8612
458058,30984,31608,3014,808,177,68175,650,91611.6,13934,10853,286,4277,6707
400727,41941,13138,1921,508,687,25606,229,80145.4,4876,8358,994,4592,7409
460195,801,106665,4314,776,103,13698,1594,92039,9216,12610,545,2643,4130
255596,47965,37693,3553,153,118,13681,676,51119.2,7043,1934,31,2730,4782
484686,85269,83000,3146,748,711,63011,1535,96937.2,3822,10469,1558,680,9570
441413,35969,21248,5180,707,581,13050,715,88282.6,17175,12505,1637,4999,2177
313988,82269,18632,5162,232,56,27235,1948,62797.6,17192,10462,1604,3043,6571
336898,32449,47547,3805,303,408,47182,609,67379.6,4992,9453,551,2994,3657
437373,91679,12100,818,655,577,20193,337,87474.6,6397,6339,1985,4231,7817
349273,25705,47930,2985,658,911,30294,245,69854.6,15011,12212,1402,3661,331
312186,60303,66861,327,967,57,9785,1672,62437.2,3088,7615,1054,4640,8377
71665,9972,11369,565,943,116,5531,557,4299.9,3492,1584,1419,313,9111
256584,33351,53025,1606,988,424,32222,203,51316.8,18016,7909,1894,3293,4079
126953,36145,10340,4353,949,818,15017,904,15234.36,12611,13630,1005,349,8469
486072,87948,78944,5375,772,20,26257,1216,97214.4,16875,6117,297,4178,5672
168448,24078,19369,3754,778,78,1924,1862,20213.76,15905,7311,1939,4969,4739
196626,22580,18460,1110,246,823,2440,1382,23595.12,7596,14995,1293,2698,4817
155271,14855,26105,4976,431,865,3442,1577,18632.52,19737,2321,842,4580,2069
128533,36169,31384,3690,850,558,17591,673,15423.96,16497,782,699,329,3643
484628,125074,1461,910,749,885,58510,735,96925.6,3427,12398,1502,2927,485
454164,54437,42362,4588,968,682,65018,1277,90832.8,17070,12760,1650,1952,371
83781,15738,72,2574,748,595,8253,283,5026.86,2642,9895,1248,444,9389
475966,137844,28610,4846,687,107,8354,217,95193.2,16976,3596,1625,1111,2182
76262,19731,6030,5601,578,798,4647,1635,4575.72,6960,7729,1537,3342,5255
318744,10131,20995,5327,692,270,14514,572,63748.8,19297,10406,414,1564,8459
86898,788,19180,5746,275,687,7402,1575,5213.88,5869,9339,1462,1766,4490
465699,81720,7717,502,859,829,49019,181,93139.8,8240,10262,1058,2061,3301
159369,30897,13331,701,450,475,9275,1594,19124.28,18208,8117,26,508,3606
40448,2889,4516,2327,692,69,5347,973,2426.88,16825,14520,644,548,277
298316,9569,51645,4150,516,386,43575,940,59663.2,14808,14542,1098,1239,7852
446090,87193,29550,1189,978,165,10985,1246,89218,11097,2975,946,1072,2069
17657,0,4231,478,893,854,2131,207,1059.42,2992,12988,742,4003,7206
487602,85192,3576,2279,194,57,47640,422,97520.4,6591,13579,603,2809,1832
266689,77470,40868,2810,642,450,25814,1193,53337.8,12562,7984,1423,2012,2103
428641,108073,98039,3182,465,244,28552,138,85728.2,11424,2677,1395,516,6978
429901,88822,46380,4284,338,44,32439,202,85980.2,3326,6890,935,3052,1147
384999,7612,5728,5965,201,683,10456,253,76999.8,16119,6372,345,1836,9487
427794,51644,32800,5321,713,775,55784,1189,85558.8,6012,1579,1367,4992,657
169903,32069,10886,5822,481,382,24726,568,20388.36,14114,7998,195,4385,2444
17906,0,4373,2344,648,577,1397,1658,1074.36,4720,3305,1483,999,8213
333557,55897,47236,5812,467,838,34561,1419,66711.4,18793,6223,209,3064,6152
64028,13934,13037,3283,559,700,6956,425,3841.68,7537,4233,1654,4231,9070
279431,10095,32532,650,472,784,25206,1470,55886.2,7197,11723,973,4055,5512
305804,91494,28688,4582,740,70,45477,1529,61160.8,3069,5157,1872,237,9233
478974,102544,11063,3718,710,864,29317,1160,95794.8,16099,10276,1707,3637,4799
332648,18706,23089,5828,379,547,10159,1429,66529.6,8051,7708,1960,86,3808
200792,43516,33585,4130,493,238,24491,933,40158.4,9695,8080,527,2275,3122
112979,31472,6203,2267,520,579,206,968,13557.48,8394,8841,628,2852,7993
44701,1861,9852,4704,705,107,2822,761,2682.06,6551,13915,1321,4525,3861
93300,14142,20946,2524,441,207,9025,568,5598,19324,3261,403,3345,619
251249,20431,53875,4822,586,788,27211,578,50249.8,8115,9016,189,4858,7196
158746,40088,2438,3087,396,721,23091,230,19049.52,9727,7976,1395,1603,6838
93560,11367,23212,4926,368,301,4321,994,5613.6,17107,7373,106,597,7800
252615,38015,50362,4643,683,429,14114,1267,50523,4657,4631,667,2538,5065
427090,100038,72177,4611,791,347,59201,285,85418,9127,10283,443,3479,6367
53642,15001,599,5108,668,106,6833,1656,3218.52,15164,9292,1320,2084,7437
337304,70199,14026,737,933,891,22633,921,67460.8,12946,8044,1408,4295,4881
289746,38677,50998,2658,621,527,19531,1991,57949.2,13677,592,527,1491,709
375464,12818,55744,4154,499,750,37379,53,75092.8,16620,2215,1411,2090,8145
98801,22686,24245,682,193,405,1846,1823,5928.06,10852,10988,1333,1304,281
298075,63001,51039,5376,901,901,31667,789,59615,7929,12910,1052,2801,7282
104377,23977,17063,5690,214,733,12474,1415,12525.24,4943,5894,711,2705,2322
301336,49832,34603,4516,395,951,40902,1900,60267.2,2305,7606,1217,4859,4933
318686,40931,77758,706,734,255,47635,577,63737.2,4941,3521,1773,4397,4225
399159,83990,67713,4640,220,300,55570,1293,79831.8,16850,8064,663,2762,3283
314664,78894,13105,365,858,953,3719,388,62932.8,18832,446,808,333,1229
336916,72204,67182,3289,850,923,44994,1036,67383.2,17126,2799,62,1277,8160
461978,45784,52147,527,307,144,45703,342,92395.6,4794,4260,1847,853,2755
322250,9921,75400,5277,624,675,18449,1659,64450,16912,6407,493,4332,6068
91121,2191,13666,2484,991,523,4380,1612,5467.26,19614,2982,269,2382,3300
35559,8859,7378,2541,174,561,2979,338,2133.54,7498,9537,1972,2820,6268
377739,89506,58001,5101,999,826,13301,23,75547.8,18865,13130,1661,112,3208
43742,8872,3667,5053,732,359,2952,1058,2624.52,17982,2034,1195,388,262
341813,84766,58397,1812,974,523,46823,1997,68362.6,8417,5444,1706,4984,820
483415,26708,61415,1229,372,483,64339,1859,96683,8424,14334,1152,4785,1230
162826,18847,16960,4336,309,189,16321,1945,19539.12,5068,3307,885,1426,8154
145044,27105,27607,2903,967,295,6400,585,17405.28,17744,4403,352,2721,3696
342975,4922,81838,1480,224,92,42202,1509,68595,7053,2433,639,4047,2553
122217,4392,13010,5353,287,129,10883,421,14666.04,11352,13972,650,1044,3716
51873,3183,4779,1339,628,860,1967,1313,3112.38,3192,8410,147,1972,7766
497877,126913,40955,1401,702,989,18788,1313,99575.4,6325,3159,760,3602,9541
378676,13541,78565,2399,452,483,49407,1042,75735.2,3517,4017,1102,2850,4014
398411,19551,56908,813,536,875,27231,1794,79682.2,4024,2341,1243,1873,7660
413119,19381,64067,5139,621,408,29969,1651,82623.8,16259,4014,404,13,4969
144092,35995,18429,3432,483,340,6477,1315,17291.04,19683,13866,1110,614,9569
313899,22948,76676,5801,458,213,26412,1795,62779.8,5723,14409,840,2269,1281
358100,92264,14847,2132,677,329,40303,377,71620,16537,8519,403,4784,6536
96988,26304,14423,4938,850,894,6140,1177,5819.28,12911,10754,116,3549,4499
55648,2024,1488,2757,689,798,6158,1738,3338.88,19469,8381,501,3074,5972
135991,16713,28774,2502,312,174,178,1666,16318.92,12359,8183,1680,2151,4860
412732,2486,9127,2980,978,443,56764,127,82546.4,4859,10420,1641,3738,4283
387149,66691,28205,2398,204,200,57091,432,77429.8,11372,6725,1982,731,721
12396,0,1714,3466,935,616,1426,776,0,7408,6090,1614,4084,7732
94082,4477,1802,2227,604,742,4183,813,5644.92,16209,10337,747,4760,6876
422345,84105,81163,4750,454,97,39005,1985,84469,17633,2083,1924,4978,5489
138322,7086,32333,3416,251,102,11658,1293,16598.64,11793,11938,173,2799,7503
142663,2317,18689,5624,703,552,27,514,17119.56,2144,13909,1129,3854,7959
21303,3621,1995,3187,924,945,2033,1281,1278.18,4208,7609,1843,2205,9921
171633,4491,8009,4643,537,150,14410,1365,20595.96,10480,8370,1120,2746,1222
343863,15916,61829,4928,832,267,41013,501,68772.6,7471,3898,477,1964,931
259690,15248,38230,3830,357,838,36398,988,51938,2533,11615,1871,1204,2852
495324,24226,111364,1089,464,351,27881,416,99064.8,8268,10043,547,2637,5265
269820,25025,56049,1600,198,466,30467,99,53964,2180,4265,1636,4396,9370
109616,7848,3458,2247,721,277,13541,1417,13153.92,5032,2758,872,3931,6877
396309,14274,36498,2542,667,567,5921,878,79261.8,16765,13773,560,3271,1768
96231,21788,20749,1394,297,15,12016,1076,5773.86,13082,960,1445,4362,1118
279458,54545,28820,1658,948,953,331,427,55891.6,14657,9093,1751,4173,9490
29623,1293,4906,3956,360,455,1717,677,1777.38,2929,13990,1624,2670,9712
208747,35233,32795,607,521,733,28119,148,41749.4,9963,6847,1434,1749,9888
468298,16304,113812,1750,811,178,33084,674,93659.6,6514,13220,1348,4323,7247
486840,11294,85411,2423,746,133,69087,450,97368,19347,2503,1969,3494,9731
115228,26425,6423,5182,821,257,6098,1618,13827.36,8920,14827,880,2592,7291
436346,68711,54453,3142,196,61,60252,533,87269.2,9384,11748,1492,2453,8179
192828,40617,12453,5944,823,481,2917,531,23139.36,5156,13652,1450,3082,3720
369768,110777,50325,1964,648,476,7792,867,73953.6,4840,3926,1378,1088,280
167364,27775,9260,5581,304,999,8339,722,20083.68,9504,9704,325,3433,56
383929,9425,49993,4248,379,634,15348,1389,76785.8,5898,5152,8,1456,6468
358350,91549,45706,1694,449,41,46978,1347,71670,3479,8535,1004,1089,90
79274,12222,16677,4372,307,372,7463,863,4756.44,16624,12572,1114,2692,3
143541,41212,25898,3934,822,372,9924,1543,17224.92,9651,2939,704,678,8724
63947,8210,6558,514,396,298,7574,818,3836.82,19360,12588,285,78,7626
163606,2759,5614,3372,717,51,2628,1689,19632.72,5427,11700,1166,4828,8606
204692,16091,31843,4354,300,378,20957,1586,40938.4,18464,11881,415,1458,8827
58874,2,11286,4772,448,953,8048,245,3532.44,9289,8596,723,2452,5328
59708,17643,11683,2759,203,915,1209,1472,3582.48,6665,6121,1923,3237,8454
84553,8190,11687,4006,372,311,169,153,5073.18,11848,2374,955,3853,8936
78344,20707,3801,3571,915,578,9759,245,4700.64,3071,7300,950,2464,5744
321282,15248,41048,1506,729,58,31157,814,64256.4,17268,11414,1825,4167,6258
195374,5773,40144,709,714,303,20780,1066,23444.88,12904,7216,1655,165,310
57638,12786,12558,3769,616,34,3435,392,3458.28,11016,8157,1084,3886,8798
88249,18952,10148,515,906,647,1877,162,5294.94,5084,12794,293,2478,5827
378009,15037,82819,5147,635,587,20436,465,75601.8,5851,14795,339,768,9736
12719,0,1744,648,701,753,987,511,0,8367,12228,878,2857,6969
163962,39828,22480,3951,593,492,3248,1170,19675.44,2987,2424,818,4419,108
480452,40612,18637,3178,287,490,53025,1967,96090.4,7483,8118,185,1997,2333
439725,13450,44621,3965,927,799,8714,847,87945,10382,9118,1115,1560,6615
52534,9491,11152,5049,799,220,3552,1179,3152.04,8845,3476,1254,4463,4463
102241,18722,14663,3369,441,812,5605,514,12268.92,3023,8591,1560,184,5225
422003,74804,99937,4294,359,596,2706,145,84400.6,14755,13000,1162,2227,4095
136209,27757,23385,3412,833,122,16219,1535,16345.08,14315,7536,881,4998,4156
452061,119498,56172,302,846,706,32668,1292,90412.2,9606,633,775,750,2294
199004,41907,25437,1417,960,101,2532,1434,23880.48,5294,13976,801,3513,4518
102124,6791,8149,1382,901,794,821,1267,12254.88,10051,12248,1818,4213,6411
101659,7171,14671,4802,360,886,3508,295,12199.08,16026,1487,1899,649,337
174134,28314,37469,1817,812,514,16578,806,20896.08,5663,13066,661,4971,5572
85713,19115,13349,5146,537,312,465,313,5142.78,12277,2084,189,675,612
228335,65629,33781,2195,545,505,2537,568,45667,7745,4413,1607,3958,7795
498972,101291,16279,3879,273,960,32867,279,99794.4,9531,4381,352,642,2811
463677,9967,68835,2933,710,493,8307,476,92735.4,19540,12722,38,2380,6923
85418,16218,1506,5283,273,758,12667,1142,5125.08,15651,4617,1096,4492,3318
469888,43220,4803,2679,217,659,54866,533,93977.6,11903,6601,885,3033,2735
138232,8627,17361,1312,624,198,10302,1586,16587.84,14797,6360,21,2690,3430
438048,56131,60805,4564,507,632,35791,473,87609.6,10354,14096,712,1598,4019
173038,23178,18201,3123,892,680,13739,211,20764.56,6399,11112,30,3086,7404
475761,28876,28634,1148,605,512,55214,727,95152.2,11068,10916,1313,2032,8708
416203,88444,14760,2004,495,329,18977,587,83240.6,7546,1956,835,1665,2802
178383,35912,10826,5336,670,620,6518,1489,21405.96,8893,4989,1901,1978,2131
303719,19971,45775,4393,927,971,37707,1739,60743.8,7161,5683,1101,778,6138
335996,62539,74676,505,786,899,37161,1189,67199.2,13921,6962,1466,2882,8527
268722,49228,6798,2192,982,326,7139,479,53744.4,9782,11341,1799,3862,3325
142079,8959,567,820,773,9,14828,1406,17049.48,3654,9339,1460,607,6614
212053,55705,11624,3876,647,981,7224,60,42410.6,2797,7468,1384,750,8255
86242,8297,12215,5413,477,126,2926,1840,5174.52,10901,11252,725,540,3897
188589,39462,7966,2651,479,984,11405,1302,22630.68,2024,968,53,144,2301
39257,2873,2258,2434,715,668,2666,771,2355.42,7060,3095,370,990,5528
490488,134418,40888,5138,576,230,34594,587,98097.6,12936,594,1605,2722,7220
445423,56176,49047,2775,592,14,48205,208,89084.6,7114,9181,96,1711,383
154353,11340,29753,4845,750,786,1025,36,18522.36,14392,14185,884,3412,8316
333390,33012,45955,1085,244,486,785,604,66678,11648,1096,529,3068,2579
273579,35393,1982,4397,911,441,31114,1157,54715.8,11427,6676,1671,1110,4072
239947,25557,33864,5497,600,877,27865,1774,47989.4,6484,8757,1670,4062,6786
241758,64204,55762,5743,466,948,5186,411,48351.6,9436,5112,1887,1016,9094
101357,7737,13582,3090,636,557,7236,647,12162.84,15502,6001,1926,3892,4354
167732,46792,19954,5517,827,273,15583,734,20127.84,5366,8995,1417,1280,6058
408300,110304,39265,2457,888,617,57704,1171,81660,15251,7288,1059,3304,2283
485413,106637,46313,978,797,2,39369,911,97082.6,4064,7636,317,4469,5932
416723,17276,44350,3828,726,325,61733,1420,83344.6,6538,12717,1393,1619,2260
213667,54639,15378,3859,154,252,19781,1275,42733.4,3016,7205,1074,1904,4863
93807,23635,10864,670,781,533,1226,1526,5628.42,16302,10177,286,1605,425
448755,7310,69815,3237,520,54,36417,506,89751,7690,6571,649,610,7353
388097,35167,27924,5441,880,885,47400,1614,77619.4,13615,10123,1619,4261,3635
148563,37408,17057,1021,704,447,5637,1267,17827.56,4425,3413,242,4594,9667
268778,10391,7312,4700,337,296,35971,829,53755.6,6496,9323,1314,4405,8112
191264,56477,30353,1223,175,621,9992,972,22951.68,6218,4991,412,2014,8331
483611,141964,113744,5691,928,372,60740,1390,96722.2,5834,3486,221,1935,6706
395941,76733,86450,1135,311,734,40003,449,79188.2,9546,14092,1968,3687,3041
336032,78586,16192,2793,894,468,7293,119,67206.4,5543,5365,1054,1295,5254
83609,3374,17450,3279,279,759,9608,1332,5016.54,10302,4310,1888,2330,114
281221,45679,5432,2625,682,135,24234,633,56244.2,13974,9758,1655,2659,5562
258512,41615,57225,4224,559,832,30748,211,51702.4,17727,8527,871,1813,39
263973,47553,65604,2724,789,898,22322,283,52794.6,4252,1857,1776,1069,3505
293097,79071,10295,4821,737,924,34729,1277,58619.4,13272,2943,1091,4597,109
480135,122611,6774,3426,222,245,843,1553,96027,3990,5586,993,3683,536
386826,70658,12190,2676,382,69,49145,1286,77365.2,14139,4190,784,4408,6079
340033,9852,31286,753,255,480,26216,276,68006.6,7152,13172,1505,4421,7522
164893,5387,10789,3759,158,529,20524,1064,19787.16,18061,13109,95,1731,4651
440783,127571,94450,5159,780,489,62689,1446,88156.6,17181,3682,224,4611,2048
125374,31759,6891,3801,199,502,10501,968,15044.88,6603,2022,1572,774,5712
34860,7631,5593,3847,671,697,764,1532,2091.6,6629,10614,734,986,5547
162267,39994,30351,1448,774,116,9892,1387,19472.04,6313,12988,1369,2360,5433
87475,5108,10316,822,591,256,10531,905,5248.5,6377,4143,222,2949,7468
494090,116912,55256,4877,927,789,64723,542,98818,6400,1545,990,4515,7609
359410,100414,58630,421,739,606,7403,1833,71882,3218,1075,1307,3444,5282
162499,33725,25654,3918,185,918,21013,460,19499.88,3449,2615,1277,3400,5795
372876,72682,62771,4976,351,903,1604,452,74575.2,3587,9167,1701,4039,3625
299227,560,51715,4022,973,924,42229,1338,59845.4,12412,4104,1771,3772,4097
228118,56565,7466,3383,267,427,12862,1653,45623.6,9837,4704,119,1033,6929
329516,1312,17637,2472,851,114,45292,359,65903.2,2396,11224,137,449,6122
133786,18205,3209,3006,903,493,11594,1257,16054.32,13929,14181,327,663,9493
447280,125882,36317,5496,954,61,59856,933,89456,19127,607,877,2977,4918
17813,0,614,5113,318,786,1252,1066,1068.78,11645,4006,739,2481,9134
41598,5646,3078,3607,661,826,3941,1251,2495.88,4017,7994,594,3402,6175
267951,21329,27299,3942,379,496,12414,1921,53590.2,12859,7109,539,3699,8176
103106,5374,3490,3117,709,635,8849,645,12372.72,16027,507,1732,3588,228
299226,68187,3543,4801,299,79,42824,1356,59845.2,14975,4358,1111,4506,777
301385,75542,51052,5662,357,658,21617,668,60277,12145,10500,1396,2054,370
237286,35645,28947,1784,210,484,5792,1515,47457.2,18745,12994,633,3172,101
447785,87502,22064,576,992,21,32723,205,89557,2399,12743,1414,4595,3242
21745,3270,1712,5888,266,594,2486,1949,1304.7,5654,8468,339,229,6662
298173,87310,14425,1548,388,323,43415,88,59634.6,10986,12417,1537,1792,6388
154097,4083,11811,1424,197,516,14924,935,18491.64,18946,14398,824,656,4684
242732,33513,17578,3201,597,260,19227,1122,48546.4,9802,4246,1770,273,8086
395539,8749,72317,1957,906,920,40557,1060,79107.8,4064,12577,1289,3632,2762
155360,30783,21290,2053,617,791,12003,373,18643.2,10411,8167,81,921,7138
99186,27877,17762,4902,442,128,12234,1414,5951.16,12691,564,865,1347,2183
409756,82861,81099,3958,574,625,19622,1457,81951.2,4016,10218,397,3716,4566
369912,53175,25888,3702,666,283,38052,1509,73982.4,2625,14807,713,1597,9315
223030,62709,27491,4632,761,46,2689,1937,44606,11856,13136,357,72,8969
209950,17323,47565,1051,354,852,11525,391,41990,17464,9690,799,2265,8587
51846,1610,749,464,329,187,6707,710,3110.76,5341,2159,180,3661,478
348076,88220,21676,1992,678,18,36100,993,69615.2,18447,4335,1538,2293,7626
158554,34493,300,2256,239,598,17582,1379,19026.48,12183,14709,1014,2737,9124
295555,58328,37463,4160,649,653,6954,54,59111,17511,14010,559,4008,8345
454191,12213,110478,3075,257,762,31089,1640,90838.2,19280,12084,1159,4589,8196
463761,97367,48990,3589,339,837,63015,943,92752.2,17848,9057,1288,2879,8114
350941,46930,86544,2068,329,991,39818,754,70188.2,9367,12813,202,563,5806
324451,27713,63627,2723,910,881,21645,585,64890.2,18384,3788,783,4644,774
406309,107157,20221,5851,912,991,13057,313,81261.8,6801,9116,1505,4161,1315
480474,32583,114965,4826,169,7,42150,1127,96094.8,18105,12770,1879,4071,7686
294186,79944,72843,3996,508,36,7870,1756,58837.2,8024,11635,286,1115,9638
62930,15160,2161,1082,758,597,1342,15,3775.8,3682,13805,132,1207,8445
258656,68950,29251,4078,883,71,4753,1432,51731.2,2562,3727,1120,3862,2403
447629,115844,46586,1254,805,380,25564,28,89525.8,8992,8605,1117,2246,6897
254459,19510,34157,2292,156,997,121,775,50891.8,18641,2206,1910,4839,3253
234695,12120,8882,1959,471,265,2214,355,46939,8665,8480,93,371,3028
370027,99847,53884,440,417,66,52143,1402,74005.4,14477,1806,1742,2359,7158
305900,5295,52620,1019,576,652,41793,694,61180,9006,6165,1318,3447,578
63268,14963,10040,1950,445,806,2069,563,3796.08,16983,4679,1039,419,8294
442430,77116,71677,3873,662,63,54547,510,88486,6093,1392,473,896,1293
222943,27328,45878,3774,719,29,10076,346,44588.6,14792,13313,959,3331,2042
268916,21605,5969,1315,536,899,12248,844,53783.2,18761,14436,1483,2146,4440
431818,110901,13162,4683,413,556,1962,921,86363.6,15517,4730,210,4254,7140
194403,44813,9131,642,239,645,20407,1641,23328.36,19232,8077,558,1020,2020
58901,13603,13970,3483,637,15,8599,1526,3534.06,2779,2855,442,426,2254
372130,108241,5037,3001,736,277,29153,24,74426,5411,518,98,3306,9711
204488,47598,22378,1275,410,730,6442,91,40897.6,2865,14554,19,394,3479
173268,6722,14693,2883,637,276,22804,328,20792.16,5639,3365,20,1055,4345
400530,40969,92162,3420,943,220,47919,1912,80106,17920,7737,1204,3438,2357
277770,36912,59090,2123,490,192,18753,1561,55554,9091,5372,1508,3845,7809
148496,38374,2451,4726,478,669,18703,971,17819.52,2538,5160,1870,2651,1660
285001,72302,65560,4760,550,23,40724,601,57000.2,6029,11436,693,881,3417
251531,62784,5962,310,506,831,5555,1710,50306.2,11297,10868,560,282,6290
256693,49882,35324,4904,904,140,1892,341,51338.6,11957,1746,1423,1099,676
423198,15928,96951,2927,648,733,39175,896,84639.6,16803,11327,1295,3084,6624
480177,21274,89552,1768,983,25,46541,1471,96035.4,15468,12592,1046,350,8287
405196,34416,16444,1413,584,97,15213,395,81039.2,16275,7889,107,546,4310
189362,20612,40443,921,268,275,14774,1943,22723.44,8222,5028,835,4061,2762
36431,2130,122,1200,196,572,3838,541,2185.86,9707,12829,604,803,6292
357120,29047,38384,4047,317,891,23893,525,71424,13455,14555,1700,660,7006
248360,43356,43062,4364,497,242,1489,1525,49672,9143,13343,23,3183,3385
354855,37134,24248,1771,653,901,29753,1430,70971,13876,1187,1852,2358,3106
36385,1506,4089,3403,688,938,2052,1153,2183.1,9214,12742,775,3226,3379
441374,51310,68008,626,445,432,36777,1154,88274.8,19280,13129,1771,1419,8990
426235,117604,60309,373,662,8,15982,1541,85247,8488,8815,452,1225,1868
290783,80758,43237,550,323,895,26476,1746,58156.6,5595,7614,1642,2585,4329
95530,12363,7450,2797,544,868,1821,1172,5731.8,10594,6489,1564,4060,7378
240983,44563,35732,5301,828,932,27486,1299,48196.6,4301,5401,114,1196,8329
293707,30628,8104,2702,679,271,12552,1684,58741.4,15326,10953,393,3973,559
442557,69672,83230,4928,752,771,42846,1575,88511.4,5048,6134,951,1543,3557
387816,46246,90266,595,452,31,11058,1219,77563.2,4584,13944,1905,3276,2884
408992,11161,34980,597,351,851,8888,408,81798.4,6258,574,619,1704,6398
439660,89110,74990,5747,682,604,50921,882,87932,12302,13247,1608,1422,5486
472132,2810,39560,601,305,478,19225,1659,94426.4,18626,13406,1685,2642,1099
411927,59860,9554,4907,163,127,43209,70,82385.4,4350,8438,777,4169,748
215390,11663,25513,884,169,748,24325,1222,43078,11331,699,595,795,5593
355114,71688,45987,3924,905,16,44084,544,71022.8,12559,6850,1427,484,6958
253373,65548,30985,5513,606,552,35132,818,50674.6,19429,7958,1842,3224,8362
357697,62363,48167,1934,322,472,28320,601,71539.4,15775,5443,1626,3406,2076
171779,11162,40428,5305,594,300,5363,1488,20613.48,11678,2592,1012,4770,4597
180182,22322,1702,352,271,783,16300,1991,21621.84,11156,4724,1125,3919,540
202860,7999,49542,5915,646,787,1117,1113,40572,4665,13276,265,1060,6907
92879,7219,17038,2576,333,41,7447,884,5572.74,16321,5750,82,4762,4570
442043,70864,22219,2987,969,777,60507,846,88408.6,15129,5351,936,2820,8398
248260,3621,4271,3144,729,51,17196,1811,49652,13599,2233,1757,4026,1507
408871,118371,27397,5186,954,187,32805,786,81774.2,8526,5082,1743,2753,347
317003,89792,74491,5923,999,943,2460,1734,63400.6,7245,9561,1319,1895,1470
456841,66188,29602,4890,820,150,53490,951,91368.2,17075,4063,1995,4976,907
324242,54951,54471,5248,198,243,47054,1591,64848.4,3394,3190,245,756,6040
156323,16182,31545,3018,330,800,20103,1772,18758.76,16744,11057,1284,1662,5255
132413,36558,23116,4235,956,490,9046,0,15889.56,11020,9508,810,3067,7796
272670,15659,6674,5490,543,126,10440,1190,54534,4896,8637,1010,3578,9983
340904,34413,17469,962,542,716,35122,548,68180.8,14737,3612,1730,2933,2423
57837,10435,5446,307,497,408,4042,1809,3470.22,14814,10076,1175,1503,6640
270550,53911,20760,3983,625,817,15329,967,54110,2375,503,1397,827,8543
283680,28067,1963,3387,290,868,33461,590,56736,16300,2224,1369,3519,6532
38541,5874,5177,5061,679,611,547,1265,2312.46,5990,649,670,1567,1170
89083,3688,11160,968,801,343,5976,133,5344.98,16861,9332,1518,2447,3146
454243,1379,102876,3464,733,965,52449,1275,90848.6,12283,11592,1850,3948,5399
44531,4243,7543,1585,620,590,3986,868,2671.86,17813,733,1141,1238,3237
280856,27624,39278,3920,903,694,4368,1045,56171.2,11077,11007,627,2169,966
376245,91500,29607,460,922,97,3023,1802,75249,8259,2671,706,3908,7727
337599,88427,17221,2698,412,67,8975,729,67519.8,5706,6381,1982,2374,1922
84744,16330,3323,3545,292,845,9401,1095,5084.64,2994,2778,1397,673,2251
262859,57745,52105,5332,856,899,9522,520,52571.8,4489,8282,128,2289,4569
139749,38379,10615,317,295,27,9953,908,16769.88,4661,12169,1226,969,8935
277253,12516,66968,2833,443,28,39428,1922,55450.6,17363,2852,1860,631,9986
321412,79422,23238,4746,687,849,14176,1986,64282.4,17344,10297,198,1621,5492
241809,24843,40423,2875,658,633,21433,1670,48361.8,5515,5177,766,4372,4261
326759,5912,63830,5267,571,211,18605,1730,65351.8,7010,10654,928,2962,796
92503,21514,8431,5854,720,687,2742,1994,5550.18,7515,3958,1100,4009,9447
264346,57032,8330,2617,713,616,1096,1837,52869.2,9920,4097,1470,3884,2992
432975,28797,44153,3218,566,479,24575,1593,86595,7076,1152,1449,1368,8698
95708,6449,8611,5487,810,71,13456,795,5742.48,18612,14791,1694,4778,7413
201184,1725,13872,1353,256,490,21387,500,40236.8,13403,14017,507,3922,5849
112471,15870,16687,615,467,109,13975,1822,13496.52,14102,12229,1075,373,2890
264225,9304,34930,5132,208,112,18487,1331,52845,8585,13943,177,1502,4453
167661,7522,6486,2511,407,396,19126,250,20119.32,16910,9890,1804,1217,6681
171087,13663,36870,619,942,231,4729,904,20530.44,3294,13044,1472,1131,8937
170081,4784,23258,5433,574,42,15229,1626,20409.72,19932,6558,1136,1667,8806
355453,75008,48716,4827,680,264,37067,1227,71090.6,18900,11683,1259,755,4219
398590,115920,66704,3015,315,807,20046,7,79718,15231,3775,1910,3182,9499
203118,28952,415,933,174,45,8207,107,40623.6,17903,11491,1189,1919,6527
378805,75591,76441,2005,153,569,49277,1768,75761,16516,14851,1574,1329,923
167215,29508,5243,5432,152,224,15125,1877,20065.8,13247,13260,1888,342,8651
16154,0,149,5120,567,951,1901,1809,969.24,16868,1113,297,3374,2751
162876,25192,27020,972,511,651,15787,1655,19545.12,5009,3237,379,16,5522
444904,119304,88444,2579,518,100,54826,816,88980.8,10163,4255,1634,3925,9299
74288,4725,5899,3847,688,280,4174,522,4457.28,7557,12396,166,2615,8805
61195,14769,838,770,495,237,8980,1396,3671.7,10416,3479,1577,1723,3758
292725,57632,9888,3531,880,600,21882,385,58545,4250,13476,361,3254,6995
455864,73741,45299,2907,193,245,39175,1948,91172.8,17400,5285,840,4358,3119
302231,16365,58765,3632,873,911,35120,182,60446.2,13173,8160,1477,4376,7958
191002,256,15935,2920,713,690,9703,1332,22920.24,10327,3693,503,498,8657
174053,50873,7466,4997,302,891,6883,921,20886.36,15795,14020,1640,1372,3038
79298,15704,15095,1682,351,975,4220,1202,4757.88,7152,2222,758,3374,2436
318311,50575,76729,5934,470,742,28293,1741,63662.2,11244,5960,456,4268,9543
216376,29902,1320,4675,613,98,24656,1014,43275.2,8588,5487,858,2460,4650
446624,119641,46032,1485,160,726,42604,1627,89324.8,19777,1150,1321,2530,8731
49499,2990,12227,2210,729,199,174,1250,2969.94,18310,9254,924,2182,1609
397960,1195,17907,1215,376,255,58019,1541,79592,2370,13678,707,158,6893
455485,53517,38002,1917,782,436,41307,1891,91097,11113,10022,1688,620,2579
179631,34012,44838,5777,482,493,10104,1035,21555.72,9657,10434,1807,241,1603
255198,11415,38912,1983,618,435,25966,1273,51039.6,19660,4264,184,3259,4973
477535,21686,552,2725,164,706,50710,1441,95507,8629,8979,417,3255,1986
252997,28743,20140,725,206,891,17822,1400,50599.4,12678,9662,714,2653,5662
498533,32161,85591,2087,479,23,2925,197,99706.6,10793,11870,776,2236,3249
106347,28545,16865,2884,213,362,6986,1662,12761.64,12257,9074,1698,3659,5587
320931,2402,48737,4948,379,981,31293,1471,64186.2,18592,11844,794,4543,3114
307632,63190,33367,468,160,269,4819,36,61526.4,16862,1527,1958,265,2904
346585,52551,80634,814,782,789,5371,892,69317,16570,11683,940,1433,8751
215735,13275,24061,3735,373,737,4703,420,43147,5206,13992,122,1092,7891
32431,909,6478,4825,886,227,3792,1031,1945.86,2210,8685,1260,4694,4840
333825,65908,80336,2916,786,127,23096,164,66765,13815,9249,1467,3400,6260
204555,22620,42124,2677,809,542,22761,119,40911,18656,11231,603,2301,3050
132720,34112,25579,990,889,852,16741,743,15926.4,8287,4549,1450,2852,2843
59153,8515,1982,3504,691,762,3397,1760,3549.18,11918,11187,60,925,3550
278512,2431,35765,2804,655,57,9280,371,55702.4,5579,10883,1732,3585,2680
430640,86590,82606,652,671,324,292,232,86128,12973,1112,911,2243,1736
384504,62175,54681,1417,203,658,5443,1453,76900.8,9501,8372,91,1885,7416
186076,51936,34527,1705,847,105,9182,286,22329.12,10693,9580,897,4745,3301
487085,32624,63474,4239,868,436,44362,737,97417,5825,10710,233,3614,9933
229724,61264,39791,5714,916,84,2576,1418,45944.8,12065,8073,969,3589,3408
384899,113766,29513,4474,306,1,39046,1443,76979.8,19493,11433,530,3785,9815
66985,1695,13892,977,790,436,819,451,4019.1,5064,10203,1855,897,1480
322213,49932,23618,850,719,450,44450,656,64442.6,5151,9061,1017,3575,4241
324470,44225,51632,1119,554,814,20609,1785,64894,16128,9303,787,1416,5384
118737,1403,15409,513,548,882,6712,1295,14248.44,10143,9971,825,4688,9464
222133,38636,9529,1966,856,564,14857,1309,44426.6,15465,1922,1019,1871,9740
164470,10839,24154,5064,552,440,21072,1062,19736.4,16634,7499,1979,2383,5217
239465,65546,32882,5384,737,221,27565,1579,47893,19733,4454,1765,3642,2435
60861,6330,12149,1193,238,993,1924,1520,3651.66,15042,5616,826,4827,8746
348041,47829,82488,4554,742,24,5751,964,69608.2,10200,10946,1653,4748,5854
222977,9230,15701,4376,335,34,29285,1511,44595.4,5499,10003,1391,261,3546
137118,40232,9745,4205,987,668,5614,371,16454.16,11305,8777,1260,1470,5144
340721,101307,68225,3086,929,971,37402,548,68144.2,13683,5839,1714,1210,4311
206713,29256,2988,2548,228,342,20740,1002,41342.6,15314,13589,1314,4838,9291
19078,0,3151,321,294,987,2656,1433,1144.68,17285,5938,1384,3673,5972
428219,97919,48426,3613,790,365,59028,1279,85643.8,6587,5359,1161,941,7835
334912,39963,52167,1561,163,656,17634,475,66982.4,9874,6960,623,2293,712
61047,13662,9013,1472,780,335,227,210,3662.82,9161,6661,241,4752,1091
343770,13739,39113,5180,151,432,36666,404,68754,19060,9985,291,4478,4164
329804,63294,3574,5998,665,951,15096,603,65960.8,4772,1550,436,4005,4976
245458,48356,32480,2354,905,456,26881,1554,49091.6,16244,11879,1911,1757,6668
453002,1789,7838,5652,215,898,32720,611,90600.4,3383,12348,759,2624,9300
405141,19420,93899,2192,395,789,58603,1418,81028.2,12434,7966,1077,3432,7825
225048,37606,31368,3115,751,478,6567,1682,45009.6,2498,373,527,847,1160
246293,38640,32228,4974,579,397,3460,580,49258.6,8711,8750,49,3288,7001
127832,37067,17992,5496,839,898,2514,1153,15339.84,11832,10081,793,4719,745
402550,58420,49711,4884,721,805,37052,24,80510,3854,9201,798,1005,8491
135150,17357,28639,5321,381,342,5504,626,16218,18087,1142,188,2809,4634
167087,39851,14823,2087,585,788,22446,1113,20050.44,3069,4729,937,1110,5288
43320,5494,7126,2290,502,690,3169,1821,2599.2,11787,628,1536,289,5469
337025,76853,38333,4617,837,279,17048,1296,67405,14019,12043,681,911,1439
100827,25875,4435,2760,828,351,5337,340,12099.24,10538,2144,1200,1380,4677
374359,21534,38418,2931,532,812,47817,211,74871.8,8589,2555,218,1647,1751
429505,91270,57955,2568,859,196,50335,913,85901,12414,14169,658,4036,5672
269931,32872,59507,2476,209,224,29100,1646,53986.2,19212,9806,719,3824,1177
406605,105737,51033,5662,619,939,14911,1999,81321,16134,4573,1279,4009,1635
428899,7689,86089,5591,560,46,39507,1371,85779.8,9464,3428,824,1291,676
416845,69103,72972,5922,232,184,2632,587,83369,11667,8095,357,3012,8419
333694,86268,47219,5899,223,914,48699,295,66738.8,11636,10813,647,1622,7361
34826,4390,1709,1176,460,161,3065,1413,2089.56,4698,4463,189,4679,6428
110734,23195,24244,3792,603,642,1889,1111,13288.08,5906,5755,1871,4074,1897
167702,37412,1692,4558,175,294,13278,1009,20124.24,19007,6713,1483,1762,1255
239834,47734,15523,1254,575,91,27694,426,47966.8,18541,11267,1032,3199,3315
187235,44098,32326,4419,526,586,12510,965,22468.2,7821,11632,879,2127,264
108511,22257,14322,4588,392,955,959,912,13021.32,14246,4243,774,4179,7070
469651,22228,42205,1177,984,649,15406,1193,93930.2,14096,7879,1703,1437,1492
283797,77924,125,4785,777,167,34775,1170,56759.4,14296,6722,1011,3889,3170
169033,11319,1199,2844,472,257,721,1902,20283.96,4636,10516,1508,2550,3676
91941,6475,6092,5359,329,749,7700,1263,5516.46,12231,768,1212,2570,8849
215209,31555,16375,2476,923,556,23902,54,43041.8,13052,8229,1046,356,5043
305806,83694,2711,2900,775,998,14654,1627,61161.2,6190,6442,296,160,7325
108818,14728,9182,3407,415,922,1254,764,13058.16,11492,2410,327,3066,8586
459662,29545,93177,3828,699,308,67881,1692,91932.4,7068,8225,1686,1922,8472
162360,31100,29530,2708,529,648,20924,880,19483.2,6212,5594,979,1520,6809
263627,61756,40950,5160,226,614,32872,1973,52725.4,19863,11356,1775,3315,9944
105081,3239,5502,2273,763,128,1661,1990,12609.72,3442,7324,10,563,3721
46877,5931,5760,4248,673,672,4978,1786,2812.62,5989,14932,1024,3260,588
383706,36821,84418,1538,963,549,5418,1799,76741.2,6902,11228,1200,3991,7839
418529,30615,2565,2634,198,568,17475,1543,83705.8,14086,543,811,9,8860
221957,13746,23373,1067,403,160,27296,836,44391.4,17805,11443,1348,681,1698
82715,20921,10789,2716,529,175,5739,1322,4962.9,2550,11519,1165,526,8755
151398,22745,5024,5888,398,770,6960,1633,18167.76,12643,13030,518,676,5235
120091,1245,24691,5294,221,287,15955,561,14410.92,12343,13541,1146,192,5755
142632,24853,33799,3845,596,972,1571,724,17115.84,12382,2783,443,4922,907
351292,27632,66777,5480,655,404,35783,3,70258.4,15204,6951,1559,3127,4271
93186,12856,1742,2609,858,835,7006,363,5591.16,12785,11621,742,487,6130
429961,56893,104013,5183,402,656,19830,1315,85992.2,16194,3392,899,285,6406
172962,5105,22383,4506,448,937,17813,1412,20755.44,19207,353,1262,1267,2758
161094,35690,11830,4536,883,579,15593,752,19331.28,3106,11309,154,834,8276
395773,68049,28975,1044,209,339,13819,1022,79154.6,18180,7449,957,1299,6894
455795,58182,53242,2882,506,267,16625,1494,91159,18109,11824,1030,1122,1603
80316,2801,13778,4474,306,217,7086,1554,4818.96,13961,11320,437,3581,6316
487063,55654,92087,1817,491,812,40106,425,97412.6,18745,10307,1495,3211,5775
38380,6038,8160,2856,351,163,2888,1901,2302.8,11955,12819,1480,2156,6750
120198,32031,23267,5366,928,847,6887,398,14423.76,14419,7644,1472,2290,3152
274500,55381,4897,4461,184,690,37903,953,54900,4957,10846,1761,1064,7836
80326,15082,163,5929,916,390,7450,1805,4819.56,9086,4421,615,3791,6376
364591,14648,52540,4283,684,416,33068,303,72918.2,16944,5603,862,2098,5657
124994,364,17379,1694,605,47,12452,839,14999.28,17124,8003,614,1376,5065
230971,34568,47759,586,314,193,5377,1736,46194.2,11612,11032,1878,2127,4686
292193,79646,30030,3547,177,800,38475,103,58438.6,8337,2070,962,346,8862
478933,7436,55313,4518,521,717,35168,1354,95786.6,2463,8158,102,1758,9639
377505,86713,29870,2902,463,83,19542,363,75501,19762,10882,659,1338,3196
288226,26754,29482,5399,714,612,34317,1389,57645.2,15484,3452,1209,4695,257
272805,60194,31058,303,433,666,14256,1105,54561,9507,6140,687,4991,692
178484,24544,26871,711,447,46,7965,1854,21418.08,12432,12649,1945,2696,9934
275064,60180,64930,4645,624,233,6902,566,55012.8,14281,3747,417,4067,54
494410,63295,50500,4027,746,852,72545,799,98882,7549,4107,1951,453,8343
255378,12638,63793,5906,498,961,19464,1771,51075.6,12626,9776,1376,1309,6811
463531,69409,26379,2217,785,298,3534,675,92706.2,15288,11987,295,89,1797
351705,83106,67787,1656,594,847,11799,1900,70341,9635,12617,516,1319,2471
281090,17157,23674,457,356,146,7791,1108,56218,16099,10720,521,1542,6607
235314,45565,57170,1900,566,195,9512,1242,47062.8,3795,10271,1507,2503,3830
448716,65888,6590,3184,588,905,21720,367,89743.2,17886,7206,1245,3002,1654
245612,56095,31432,3789,314,21,14563,1897,49122.4,14088,8004,1608,1162,4289
288453,64947,40426,5859,708,971,19220,724,57690.6,17788,1675,685,1923,2300
65230,5344,432,5373,569,193,6313,714,3913.8,19178,4201,1567,1788,7415
383966,4507,87663,2682,520,385,18501,824,76793.2,5067,9549,1980,4769,9866
433243,103134,38015,5657,817,363,42094,1835,86648.6,13479,4134,1620,444,833
475757,43988,73251,452,415,865,60504,1265,95151.4,14543,5190,1961,2480,9352
384484,98421,69353,1929,428,273,28673,1185,76896.8,15390,4985,1905,4140,5330
69321,16865,4600,3096,631,383,2717,1202,4159.26,12629,4063,504,3892,4336
142028,37055,24690,3181,666,207,14605,1988,17043.36,17889,2720,1305,1994,2234
241447,27213,58783,4102,231,274,8381,91,48289.4,17664,4300,1942,2750,3478
346275,55954,33762,3105,268,728,10961,1523,69255,19108,7933,1416,4428,9191
451124,57450,37499,4380,923,925,14349,1673,90224.8,16231,10237,1476,1356,5642
481555,135549,87988,3770,786,495,17871,1529,96311,19616,977,54,4063,1743
298107,62222,7670,1355,452,901,25143,623,59621.4,13274,14617,647,4294,1564
111757,6533,21151,2879,364,538,3504,1931,13410.84,2539,8612,1003,3455,6134
442659,12755,17341,4448,177,526,2622,168,88531.8,8999,11282,627,510,6246
371403,865,73823,3065,930,158,38287,386,74280.6,2108,11192,1079,4223,7686
311207,11173,17015,1628,647,939,29477,1344,62241.4,4071,10021,950,1065,2213
386369,58905,65126,4344,686,725,913,100,77273.8,11888,13362,754,2560,3
388544,38097,55197,2692,668,459,13055,1319,77708.8,13229,14604,1773,2631,3637
352962,33371,49849,3453,343,393,37997,1008,70592.4,4419,1741,810,3598,4347
276847,11254,15852,300,741,916,21585,192,55369.4,3188,14229,1866,2884,7415
206200,4018,46258,466,591,942,27309,1484,41240,8540,5847,55,2453,471
82099,5192,5562,3554,983,438,10864,869,4925.94,17983,7939,163,3475,7069
429065,2015,62355,5360,185,378,21781,718,85813,9594,12629,1937,505,2313
172932,42618,41508,2185,407,862,12597,1990,20751.84,9240,13288,1822,3884,9451
41585,3380,2248,4668,262,163,541,1309,2495.1,5694,10943,488,3160,5747
425231,28343,71728,1199,443,638,37630,1239,85046.2,13788,13868,7,3663,5672
480755,69306,27410,2548,863,329,31983,1479,96151,18454,9356,611,3674,1207
53585,5829,9895,3563,163,569,1206,962,3215.1,10683,6255,146,574,5893
299102,34381,71942,3712,816,146,24759,974,59820.4,18857,11669,1429,3979,1789
298161,81081,33924,3877,746,982,24105,227,59632.2,14273,14575,65,4311,3169
479923,18263,112622,2487,289,959,61353,360,95984.6,18162,12066,138,2537,5014
396821,103676,70831,1519,520,767,59325,42,79364.2,14311,6843,194,2912,3413
448566,58418,12264,3432,576,109,55761,180,89713.2,10660,7050,288,3882,795
415417,90898,28038,659,246,393,21118,510,83083.4,19844,11511,457,1733,7058
301570,148,9136,2339,846,560,13748,461,60314,8525,9385,820,4785,7737
289922,1754,13213,4237,637,181,21073,1882,57984.4,19823,3720,428,4981,7868
186313,26745,12072,3454,491,572,9448,285,22357.56,3028,10949,194,589,1703
52229,7378,10242,633,641,442,5940,1320,3133.74,16725,6588,1658,3976,2644
96652,13591,3285,1030,649,986,10943,1579,5799.12,2722,8653,294,2865,3040
400411,55833,27431,1797,581,746,20480,1060,80082.2,17849,10383,1784,3167,4482
259474,20140,42290,1717,338,753,31081,1908,51894.8,11929,11781,1444,2492,903
189436,9371,2003,4063,231,129,21198,1784,22732.32,12816,4838,609,4126,1446
398647,60653,85535,2043,961,842,36548,1925,79729.4,8690,12237,49,4656,3497
270116,61521,42747,5996,329,775,8474,1106,54023.2,10151,3622,1819,682,5339
357022,78315,75974,5799,564,402,52752,1915,71404.4,8699,2281,1293,2348,5403
329200,31075,79763,4416,254,504,16255,932,65840,11478,687,819,2259,9116
430706,30697,69208,2273,530,719,30888,256,86141.2,16997,10172,377,1225,2835
29975,5392,6252,1178,871,963,1209,1240,1798.5,3888,3620,1627,4741,5197
167795,9795,7458,4572,478,653,22649,521,20135.4,10593,14346,1565,1240,4132
426495,64555,84075,5782,398,21,440,749,85299,10544,7813,157,3889,3433
219373,52204,3479,3184,221,16,32421,1049,43874.6,19056,6813,120,453,3601
414777,103996,14887,3307,822,874,49625,1274,82955.4,13076,6637,666,2683,1220
207133,4218,51,2895,282,830,7289,1238,41426.6,18648,10650,577,1168,4856
360541,64860,67695,2597,389,633,51009,656,72108.2,3065,11598,100,4438,3383
190225,37571,4390,960,227,281,19163,319,22827,15510,12039,1356,703,6081
305286,51529,28491,3444,719,226,5036,733,61057.2,13646,13374,1318,2658,1812
299060,11672,16080,3462,610,419,31657,410,59812,18590,5183,1449,631,2319
74324,21470,2112,5595,274,372,4342,458,4459.44,7862,12866,795,1948,675
186037,31042,45520,4521,160,300,26517,1347,22324.44,8215,1982,1107,3334,98
398076,35950,47361,4285,617,285,12475,1553,79615.2,10599,10772,830,382,5203
145720,11009,22149,1569,556,115,11547,338,17486.4,11851,7755,870,516,97
176205,47096,15339,5006,176,148,25132,227,21144.6,4756,476,54,2437,9747
453893,29381,94841,1594,356,403,38011,1259,90778.6,10470,10091,241,2019,1260
106059,29465,1354,1309,371,681,7033,365,12727.08,17798,8889,145,2730,370
497804,64610,71156,2391,461,89,44437,433,99560.8,3889,13902,1697,954,1174
108317,2586,3754,2057,531,118,13648,857,12998.04,10242,14612,696,1896,4088
211207,2648,16593,2264,911,695,5054,448,42241.4,17921,10858,367,3260,6790
307190,40081,16167,4943,464,907,42786,506,61438,10515,11128,1196,1169,7218
450280,87228,88091,1491,357,775,59542,1299,90056,14252,13096,1616,2189,4780
111459,7407,237,1353,770,738,6415,1656,13375.08,12614,11840,1957,1940,4547
247697,52726,41295,3141,445,92,34662,61,49539.4,15161,11602,918,2982,1071
210422,22211,40843,2704,551,628,5459,1354,42084.4,3804,5562,1054,4001,3454
318037,29480,50728,3862,584,446,26328,186,63607.4,9845,8238,1416,1182,3150
111520,24846,8691,4004,722,311,3518,1560,13382.4,19828,4128,802,80,9546
397962,42503,9756,2122,271,902,38449,891,79592.4,17273,10933,1432,1158,6468
71272,13425,3540,1571,900,317,5076,1528,4276.32,14663,4654,678,1094,3263
233224,61358,9327,2019,255,120,29396,850,46644.8,12348,12738,1949,3712,1770
339793,80857,28520,552,940,316,49797,607,67958.6,3778,3039,260,2389,945
336818,78182,43308,3068,185,137,14399,1344,67363.6,4538,477,667,3158,9575
154832,22117,28900,1859,699,742,13704,1216,18579.84,9803,4466,1652,91,2952
162999,4893,16533,1036,221,817,1698,253,19559.88,13486,13690,1542,190,8235
358619,9476,44488,5295,717,659,19954,578,71723.8,12788,1719,1897,1255,9951
71367,17270,1624,2228,316,283,3426,313,4282.02,7336,7032,1269,3629,2264
239027,55006,40429,5713,370,653,11416,1005,47805.4,17972,11841,887,4664,1727
415804,87238,51726,2490,225,843,45384,1575,83160.8,13860,10933,1449,2220,5073
393894,116946,86348,1302,871,519,21169,1247,78778.8,8120,4671,809,3785,1034
242750,69918,7529,3285,360,504,4574,430,48550,7529,12765,824,1004,9085
245806,63155,20653,2222,377,390,33158,1379,49161.2,9357,10774,1765,463,568
390298,67321,56921,4052,886,4,47678,1450,78059.6,11154,5337,850,1548,9950
193305,45798,27860,4437,602,768,12699,1415,23196.6,3329,6643,447,1518,104
54738,11735,13654,4002,915,366,1281,221,3284.28,17208,4404,1659,1629,3664
43397,7727,2108,3492,636,840,4964,1126,2603.82,13716,9447,216,3033,8812
354333,82215,69483,4134,817,491,16890,317,70866.6,6202,1665,830,1165,2902
348511,43013,7899,4738,623,757,34490,759,69702.2,7788,1279,529,4388,2054
212332,35365,13372,4727,810,465,14231,1697,42466.4,19632,10155,116,346,2689
392729,82600,37682,3827,979,234,17341,1799,78545.8,15697,11984,238,449,9409
348763,96099,67799,5856,940,361,38626,1560,69752.6,18443,2694,1625,705,2709
121453,33092,26188,640,639,521,6437,1689,14574.36,5213,6835,940,4768,4343
29816,7952,3815,2688,525,241,762,1242,1788.96,2117,13088,1299,2945,3968
445456,92403,29295,3787,380,441,5949,1461,89091.2,8823,9280,1025,3041,1633
409492,45382,66113,2000,851,832,46784,765,81898.4,2285,8523,1855,3327,8228
255011,760,15029,5683,374,187,30386,726,51002.2,10210,9653,797,1530,6794
351674,24142,49574,1533,624,403,6621,1192,70334.8,19389,449,661,2220,4668
426715,110189,101067,2870,726,825,43571,1615,85343,8745,1265,763,3251,4749
491792,107532,64934,5863,769,426,61037,71,98358.4,7689,1196,617,2901,6727
381000,17290,30066,2598,229,412,2889,1598,76200,7109,430,374,4734,9808
223567,364,17613,437,794,513,17726,989,44713.4,9207,12366,289,3758,878
81635,24153,15645,3098,835,153,5514,455,4898.1,13528,10301,1148,4742,3334
379947,19797,85096,3230,725,202,39983,1098,75989.4,10312,9219,162,1164,2638
226184,32535,8945,4220,359,216,28656,1286,45236.8,12861,11553,893,3954,1448
308090,46300,29418,4482,446,481,9828,1492,61618,8507,603,196,2715,739
327348,47176,49874,2133,759,314,28085,609,65469.6,16540,10630,1848,4524,5325
192958,16105,46622,2439,321,616,23002,596,23154.96,17181,4276,526,3767,6845
474868,139011,17130,507,238,0,15281,836,94973.6,4593,4163,1318,3547,7971
287707,79472,68248,2533,375,765,31471,1841,57541.4,7949,3652,1486,4606,1150
102324,9261,17091,2150,292,502,7753,938,12278.88,8473,8246,1563,4977,7245
233536,15863,15857,1987,857,798,8741,889,46707.2,16996,8156,11,3970,352
242944,10447,41394,2503,840,805,2005,784,48588.8,7336,4422,194,277,5689
281991,46940,49635,2508,203,277,27141,1684,56398.2,14964,5964,1289,4605,5878
36155,3081,1533,5904,345,193,758,517,2169.3,4579,14912,867,3284,4283
351815,103752,82089,5922,878,942,49475,1644,70363,11324,11237,1798,4580,4686
126891,19642,17404,1150,638,768,7364,1222,15226.92,18582,13062,1706,4375,229
355454,96798,72629,2503,994,761,10117,842,71090.8,2401,8631,336,3893,320
470494,7928,13156,3990,447,247,1823,1361,94098.8,14471,13954,275,912,2533
159381,19317,13785,3655,579,87,20005,37,19125.72,2016,11501,814,3769,9587
141691,25017,25271,2909,686,433,1138,318,17002.92,16491,7917,752,3404,3738
486410,79064,14694,523,728,419,34488,639,97282,3044,12766,1517,190,6662
453324,119694,36114,4074,824,252,49875,139,90664.8,7230,11614,1268,1387,9815
44707,13313,4013,1711,649,428,6631,1271,2682.42,11267,6913,1051,1394,8384
423553,1559,57230,4692,773,163,2412,917,84710.6,9440,9079,1227,3495,6987
353681,50893,32799,622,990,494,13795,1794,70736.2,19189,13901,785,3146,808
207576,15167,24752,1811,355,161,766,1682,41515.2,14672,8754,312,4324,1833
188686,15343,11156,2386,286,506,13119,426,22642.32,17264,4469,364,347,4514
232500,38598,10304,4900,557,264,11573,854,46500,11054,5150,946,3701,6024
363299,7523,40645,5956,428,971,43120,1218,72659.8,13351,11606,1060,4558,816
272425,49777,38938,5761,594,109,9485,214,54485,11646,2504,971,1175,6549
168492,28439,12078,2587,826,851,4017,1912,20219.04,4628,2347,1415,839,2363
484112,116378,91614,986,420,899,37038,1776,96822.4,11385,2734,1789,4805,2426
180102,15524,2315,2317,590,718,23570,644,21612.24,12345,9763,871,3039,894
404274,13285,92756,1768,377,318,46282,540,80854.8,18705,2792,616,434,6017
227285,10973,31731,4223,276,131,24512,1633,45457,6203,3637,1019,987,2974
348404,22694,12420,5135,419,132,28797,875,69680.8,13233,5471,1266,1913,7205
169476,35774,18312,1296,969,393,9186,388,20337.12,8718,2829,99,3325,4740
244554,4302,21395,2834,909,619,22781,1452,48910.8,19934,6997,965,3008,2247
170928,50240,40301,3112,636,683,1851,1717,20511.36,2237,14781,1782,285,571
150272,22391,15317,5830,697,551,6910,151,18032.64,11224,8487,43,4039,5727
336322,4611,48225,922,304,803,3871,1126,67264.4,12575,8730,64,1575,1145
306141,9372,22854,4124,806,34,14627,1428,61228.2,2120,9869,1201,628,3299
428827,24312,70780,3083,921,570,19607,1311,85765.4,13272,1307,1170,3597,5664
129273,14080,30929,4693,168,704,12486,746,15512.76,18567,7840,560,4651,6751
182307,15082,40922,1375,574,721,9414,132,21876.84,13923,4420,1090,4827,3345
258500,20874,57103,603,207,371,25516,1469,51700,15176,2587,995,4769,5379
176129,8378,24054,5707,572,30,11443,1425,21135.48,15056,850,1370,166,6315
142311,1597,18588,963,924,173,6361,741,17077.32,17355,5828,45,2691,6381
244746,11600,44590,3246,697,816,20300,1058,48949.2,2329,11910,1093,1434,1394
255546,3747,34660,5537,872,389,7487,1893,51109.2,12710,7015,1437,4393,7777
206733,13879,7018,4294,993,709,2070,591,41346.6,6917,1636,1956,3210,2160
136945,13017,10621,2292,809,105,8828,866,16433.4,15329,3557,1882,2933,4260
55272,7432,3093,3795,251,274,4806,753,3316.32,19687,3357,1477,4950,9696
361537,24714,973,2994,225,95,6842,343,72307.4,9381,4434,620,3377,3471
333356,18890,58786,4604,729,681,43336,483,66671.2,17635,12920,872,564,7909
156470,4725,37097,3498,215,29,20059,1668,18776.4,15308,9371,208,1667,3978
130030,20684,23099,5712,964,793,7861,1544,15603.6,18266,11568,1838,1350,6770
328647,91861,34245,818,883,898,48866,387,65729.4,11544,14613,989,589,6744
409854,57911,65211,4733,300,160,31430,1788,81970.8,7838,11170,1230,2940,8495
16570,0,770,2169,935,305,1258,544,994.2,4747,903,380,2892,7122
340929,95918,71980,4110,586,926,39467,858,68185.8,8580,10817,1106,453,71
19110,0,305,1212,939,622,2635,917,1146.6,18389,6253,285,3706,5765
89141,6131,16385,4234,217,723,5772,698,5348.46,9648,1411,871,3592,5378
22115,5069,270,5202,384,195,2741,1034,1326.9,3663,11147,1480,2237,9238
49062,8831,11406,3488,864,607,4214,580,2943.72,17885,9806,1658,994,3768
295055,62894,5972,1615,894,337,37927,1161,59011,2385,10277,417,882,1664
114061,12612,15295,5690,824,137,259,130,13687.32,7651,14097,1261,559,7938
304700,78627,65488,3528,247,789,19380,1422,60940,13113,5198,345,4441,8982
481347,52137,57055,871,158,446,24192,1274,96269.4,9439,8331,365,579,7835
400479,559,64366,3555,653,309,53253,1658,80095.8,17554,7659,356,859,7151
11969,0,2739,2771,910,178,310,365,0,4973,10582,60,1434,594
315897,37361,7702,5435,639,336,41025,420,63179.4,8614,14318,383,2930,5004
486027,80720,84834,5321,576,233,15733,423,97205.4,17462,1261,1186,2374,1261
407686,15261,21540,397,376,248,28653,1808,81537.2,9160,1259,1769,1336,4380
131863,20372,32040,4333,902,131,19162,1939,15823.56,18598,8506,577,4449,6518
282369,55355,65252,1939,736,248,15593,1778,56473.8,8220,8905,12,1014,2432
133008,32140,31000,5142,166,804,12316,1923,15960.96,16719,11478,571,695,5690
164268,33024,29805,5841,712,454,16180,161,19712.16,12029,12059,1130,4617,4544
115823,32544,2599,5726,377,498,16032,94,13898.76,16230,8702,362,3015,9417
285813,37,56165,4327,855,62,34434,1185,57162.6,2836,10181,1288,4351,4305
440596,41420,58855,560,941,818,57173,834,88119.2,6600,13737,1940,3750,7710
396542,114234,18,5658,387,391,5714,1819,79308.4,14182,1044,1960,3814,4417
120677,31707,858,1235,530,256,6043,1384,14481.24,6558,3459,1131,4880,5378
256958,34600,25992,2097,932,247,7522,1252,51391.6,13398,4320,832,4177,3757
58320,15517,5380,631,536,263,3797,1139,3499.2,4986,9173,467,1249,7595
450630,89520,35800,4510,818,466,11553,220,90126,3213,10928,688,994,9432
156649,5167,18915,567,403,848,10310,462,18797.88,5429,7607,836,1346,3240
135354,432,12943,2359,457,360,3760,1955,16242.48,2368,5712,267,843,4620
98009,4151,4863,372,971,950,13400,930,5880.54,10363,13688,234,675,4617
267437,71947,61457,5411,463,879,8368,680,53487.4,13333,12861,916,162,5553
458625,96324,18836,3221,450,392,53192,1338,91725,10911,874,1852,4213,6566
38625,1751,2846,2753,267,178,1312,1353,2317.5,8713,9676,1647,2671,8143
222112,54149,40832,4188,994,911,31536,656,44422.4,14970,4531,1830,858,938
296233,87640,11394,477,199,948,29246,285,59246.6,5327,1685,214,411,340
46487,7616,6622,2299,939,505,3999,1205,2789.22,19829,13144,455,1849,7977
469054,65792,110599,1071,713,826,44007,819,93810.8,10347,9925,1301,2514,4474
238071,33439,25280,1245,330,812,8722,455,47614.2,13448,2316,601,570,7556
382592,33257,77318,4795,692,498,47381,918,76518.4,6808,11412,338,3108,4622
498011,51248,1159,569,476,676,11609,274,99602.2,17320,5570,824,3175,905
322282,83602,70162,2155,652,602,44610,36,64456.4,5673,7030,718,3819,4608
183895,45371,23440,1955,645,833,1261,442,22067.4,17596,934,1188,3621,6473
440424,34743,102026,4052,395,703,19270,874,88084.8,3881,7697,1064,993,7518
326205,68752,77166,2833,751,291,21326,1059,65241,9612,3767,1236,4110,4123
433875,79803,52712,4454,692,587,56195,67,86775,3526,1220,114,1167,5156
111376,9581,11274,2989,251,817,13192,1433,13365.12,6030,13061,1484,822,5978
435106,70051,47656,5282,379,98,24354,359,87021.2,8992,10334,1158,4345,5685
351278,22076,6589,4661,537,606,15983,1144,70255.6,3817,6692,1368,387,6774
319199,75312,48241,2422,758,180,38639,1690,63839.8,10694,6359,32,2798,4490
253341,2963,59059,3461,728,952,18162,716,50668.2,12090,408,514,3366,8484
291652,72322,23233,804,853,402,37528,1981,58330.4,2456,7410,1574,46,9464
445503,104504,35011,2704,360,665,50739,1981,89100.6,6787,9365,1375,603,7829
482132,105649,8177,2501,798,373,28128,947,96426.4,9027,7027,744,3760,969
168056,32813,34528,3589,579,867,24976,1579,20166.72,11157,2128,931,1061,6699
120169,1193,16202,4881,488,835,13064,481,14420.28,16211,5134,1012,1085,1668
280269,60686,61351,5959,333,623,20021,288,56053.8,10448,12437,679,4668,2302
46059,4512,9988,1453,205,682,1214,1901,2763.54,19541,10007,499,480,3279
472785,117907,56831,4461,911,252,66683,89,94557,19335,1923,1521,1031,1207
113409,8983,19059,2727,431,894,5550,211,13609.08,11963,10833,1302,3877,8594
420303,636,23508,1636,721,862,23769,574,84060.6,17231,11078,1473,1129,1038
15704,0,1685,706,277,121,2348,1095,942.24,16679,14915,1759,4387,2354
463792,64591,80501,3778,866,441,60486,847,92758.4,6521,13388,301,2004,5272
214456,13025,3236,4344,875,716,16328,1988,42891.2,13400,7674,1541,2615,9184
228200,11351,15611,576,788,244,9065,289,45640,2848,13518,838,3628,7860
121279,30171,22282,3780,657,638,8565,366,14553.48,10973,10461,823,531,3243
475676,81678,41003,2661,733,490,1194,26,95135.2,7987,8927,1300,4030,5619
168280,7773,15829,2896,365,870,6487,419,20193.6,7292,8773,608,1898,805
128516,28466,8680,5668,239,826,12588,899,15421.92,2288,10799,1103,203,5165
488366,10778,118964,2268,463,45,5615,1385,97673.2,15473,7106,1474,1736,4198
207096,12501,11340,760,382,451,7458,1588,41419.2,18706,13661,793,334,8942
443098,112713,96629,2746,894,295,15084,1777,88619.6,9850,3262,254,3073,8815
429139,2108,86643,4039,724,747,8016,1478,85827.8,4782,10602,1688,1235,2875
386188,94905,74684,1882,396,140,31156,804,77237.6,14454,6325,1870,3981,3835
242549,36382,43074,5351,591,632,26725,611,48509.8,14372,11579,1237,4238,9110
39165,9434,5644,3817,284,872,2057,471,2349.9,14075,9598,106,2140,3610
77203,10251,17499,5102,151,520,11304,1614,4632.18,16208,6077,1124,4217,1492
494965,23341,18165,4498,310,65,18801,1969,98993,2864,5450,624,724,7457
276258,77214,18260,2675,289,482,35600,368,55251.6,6553,5686,1391,393,5441
468181,119967,54515,3039,453,308,37246,1349,93636.2,10055,6193,1727,1463,9012
46321,13288,8532,1271,609,459,6470,409,2779.26,18755,4238,692,4980,6792
345441,69868,30480,1625,970,592,37386,1625,69088.2,7337,8666,561,1972,3895
368796,12002,52527,452,863,771,14142,1911,73759.2,14546,4721,1052,2297,6495
371448,85820,59789,3908,274,893,17393,1526,74289.6,3997,14020,356,2873,8777
255014,59949,51902,4260,496,397,3778,1048,51002.8,9815,12405,402,3301,2773
166498,15700,32191,3406,743,468,941,160,19979.76,9537,3599,1639,4564,900
27772,7939,2144,5352,473,616,3603,1218,1666.32,18040,7070,1118,1890,160
375898,27610,75082,3386,556,391,36748,1736,75179.6,16136,7259,1593,4587,9140
275856,72499,36044,5525,618,96,15318,1444,55171.2,7460,4072,1165,4560,8016
404583,119256,49600,1029,313,189,37136,677,80916.6,14121,8781,1002,1785,3541
248389,73374,21921,4267,389,940,32671,1757,49677.8,16157,8662,124,2155,7122
125142,12243,16008,4469,362,859,1250,1818,15017.04,4531,12556,1934,1085,1724
101736,27939,4172,5251,298,194,7009,12,12208.32,13547,3221,1086,2104,930
61924,1845,13183,4302,733,957,2319,1430,3715.44,6443,656,768,958,3307
13726,0,548,2632,252,333,1814,1986,0,16676,8737,1395,2179,594
361296,102416,74525,1873,332,82,22922,1878,72259.2,3397,11943,203,1101,6377
37723,7069,3496,3568,654,250,3195,1378,2263.38,15293,3527,319,4967,4635
399113,118498,13740,4675,845,69,2957,1269,79822.6,18165,6118,138,3962,8324
244182,1509,30180,5182,674,291,22722,87,48836.4,19825,13261,1198,995,9708
372638,89493,13102,985,529,339,13894,438,74527.6,4880,3656,1800,1185,1385
150180,34346,15357,4188,893,384,3274,420,18021.6,6377,5466,1515,1831,7760
218786,46874,51334,1879,811,699,25632,1675,43757.2,3266,9942,608,526,3754
45643,9764,3326,1268,924,457,2258,1845,2738.58,4837,4073,1205,2866,4589
172396,31533,25221,4037,173,140,15088,1279,20687.52,11646,13447,629,1043,8465
376040,108144,63265,2333,850,139,35816,1299,75208,11198,13850,1946,1684,4616
224432,1359,719,5561,282,74,2939,1681,44886.4,6828,5401,737,1239,1715
149999,24532,17906,1067,199,99,11670,1030,17999.88,18611,10399,496,2057,3082
365824,60313,23140,945,844,656,41500,499,73164.8,13249,3957,1152,99,3523
368690,20344,55779,4421,175,174,29606,245,73738,18497,9466,1545,1416,7681
425659,118499,1069,1379,799,820,61572,345,85131.8,4151,12432,1676,2773,7569
89973,4242,21946,936,160,732,8615,1227,5398.38,18811,2514,668,1961,2404
335593,20601,73285,4625,957,322,9049,1505,67118.6,6598,3762,1646,100,437
119834,19116,12935,2400,251,476,11028,1775,14380.08,19340,5145,1284,3075,9226
246386,56985,37655,400,160,9,34520,479,49277.2,10336,12979,1994,4246,6390
479959,101013,119362,5886,261,45,29587,1117,95991.8,9888,11422,1076,2089,1473
463449,30782,44035,4217,755,850,56599,897,92689.8,16008,10224,1114,4053,9131
297681,49819,27937,5199,921,628,18050,1333,59536.2,14965,13484,1273,961,344
349720,84416,18540,1168,919,515,1863,519,69944,16916,7815,1702,3700,7401
117522,3499,7944,4397,316,312,4461,1952,14102.64,8692,6600,1784,2963,146
32612,9636,7742,321,870,237,2413,429,1956.72,4282,2256,1251,3945,4678
235049,8080,12747,2925,556,805,2118,169,47009.8,16410,12398,435,3607,3725
278615,33957,36907,2203,194,907,12613,118,55723,7739,4616,730,3307,8448
176703,13908,15221,2876,991,30,5626,757,21204.36,14219,12859,1770,4219,6944
250069,47482,54781,4409,866,509,27467,1663,50013.8,4342,14296,614,2560,7329
233131,38314,7087,4914,508,129,7358,1757,46626.2,16494,10762,1581,1418,8079
41348,2685,5078,3593,703,752,1070,62,2480.88,7872,1566,1112,2718,3934
205804,9385,22789,2235,434,384,18137,1140,41160.8,18430,7624,294,4625,4216
273321,15831,56023,915,549,592,26712,108,54664.2,8047,4161,855,185,2237
145832,20125,33400,5357,600,24,6360,745,17499.84,8506,9563,1065,4598,8210
304923,62451,2199,2750,761,260,44447,1516,60984.6,9500,2439,687,2832,7067
293780,45708,47316,3884,593,559,31572,716,58756,6709,9307,1566,4207,6090
91889,17682,11255,586,537,397,11133,1623,5513.34,3187,5443,582,3083,6938
63551,4102,5353,3618,505,563,4265,416,3813.06,9028,13715,472,3409,9936
414772,82824,52062,2223,933,329,34156,1348,82954.4,6265,9752,1493,2027,6054
430814,35794,71609,5510,574,148,29927,891,86162.8,18977,284,74,2451,8687
152635,39477,16744,5221,155,408,11591,1263,18316.2,11862,5231,1816,2565,8780
56819,5969,10559,3073,703,610,3718,709,3409.14,4870,9887,978,351,4423
345914,2620,55517,2390,590,578,6914,1539,69182.8,2511,8037,387,1993,8216
494271,53024,98231,5493,505,721,38289,617,98854.2,7451,14942,1752,1147,8872
430182,9677,48865,3101,914,759,50162,1642,86036.4,7322,1758,1505,4972,7803
222781,44111,8401,1292,737,118,10875,251,44556.2,5010,5439,539,2920,9485
463105,17824,77195,1884,703,433,425,1209,92621,12401,5375,975,2574,2003
168059,765,41890,2203,417,227,12216,737,20167.08,5745,12278,1,2910,6611
350858,45439,13894,1175,366,614,14743,1436,70171.6,13230,6744,1561,3479,297
199420,59782,29160,5129,213,800,6918,503,23930.4,18282,4809,839,4380,5022
34596,4092,3943,2185,591,239,216,1556,2075.76,2558,4657,1194,1873,2703
436390,12975,29272,443,840,912,39081,153,87278,8200,3999,1497,1491,6519
336250,74877,54021,2556,690,231,8801,223,67250,5705,232,421,4188,9743
473183,77870,90048,1422,424,965,12645,597,94636.6,8626,14528,1556,4644,3586
69182,16077,877,999,619,289,185,1576,4150.92,7264,1984,817,1727,4445
496516,81371,112079,4509,365,153,25300,845,99303.2,5225,11188,784,2142,7514
359307,26548,21179,570,962,681,13157,1441,71861.4,3404,13107,285,4498,2549
311454,90575,10691,362,715,158,9015,1508,62290.8,4697,8662,754,758,5355
328232,98066,81646,1307,741,624,10169,683,65646.4,15459,12263,810,354,4372
138803,38736,29845,3143,343,562,16273,1920,16656.36,7646,9777,1061,566,182
149978,40409,24967,5823,861,475,12966,1695,17997.36,13495,7017,124,4902,7768
309058,84101,28478,2572,162,547,28465,159,61811.6,2650,8835,314,97,522
382494,9834,55775,2282,371,12,17568,1074,76498.8,7597,11933,1594,3154,610
55379,3888,5088,2728,854,852,3608,1653,3322.74,7525,12262,43,321,4134
481828,840,40332,4024,545,506,37094,1303,96365.6,6497,14294,331,2945,8753
255900,31568,7066,4713,988,217,24019,171,51180,15971,8539,1566,2445,2843
268517,10846,39313,3055,901,754,16262,980,53703.4,5854,12081,1771,689,2067
440866,86038,67857,4034,419,734,2435,331,88173.2,3612,2718,164,3617,1702
450097,129789,45900,1592,447,719,734,1619,90019.4,6476,8934,1381,3318,1918
318557,74723,41098,5459,760,990,32925,1316,63711.4,12317,10697,1838,4005,1735
147084,7226,8294,4809,881,780,5304,1875,17650.08,12222,12756,762,4315,8126
191187,42147,46321,5641,993,221,19876,65,22942.44,4276,2225,1535,2709,211
279295,4311,62580,5700,765,287,32759,1293,55859,15463,8743,710,4905,2927
67716,11446,5333,4620,581,900,7764,1936,4062.96,5886,568,1478,1504,7025
365891,56888,25059,5876,557,523,17459,1367,73178.2,14191,14935,1954,741,5419
233725,41616,31248,1477,214,486,5122,270,46745,9650,13270,1242,1267,2984
177450,52134,40626,5772,806,698,14412,1084,21294,7587,6368,665,3038,6739
183724,25689,20703,5016,187,680,10053,688,22046.88,5753,7879,183,440,9464
213502,6083,38157,2920,177,804,8190,1889,42700.4,11311,4627,1406,2765,7176
154539,12598,3205,2836,438,323,23135,628,18544.68,12724,10979,1322,1288,8564
434226,82476,34929,5403,386,617,54287,1159,86845.2,19060,10544,402,1790,460
131999,26880,17848,2268,275,175,2964,1001,15839.88,5054,979,661,4951,1061
124793,2580,643,5617,533,938,13578,258,14975.16,17904,9875,440,2076,1493
457907,122834,80522,5695,475,860,46385,1279,91581.4,17744,7866,576,964,2171
467373,112148,11628,1495,234,40,37893,330,93474.6,19647,2685,378,425,3933
380321,57395,70089,3131,898,823,1133,1946,76064.2,5344,11649,673,827,3620
22289,1361,610,807,395,324,142,1416,1337.34,13309,11832,561,2470,1321
186048,9386,4302,704,537,760,22410,782,22325.76,13252,6487,1695,2503,5194
184668,53171,34311,1594,415,266,5786,1567,22160.16,16686,2949,308,3709,5775
426387,19522,99770,3925,910,733,28878,1277,85277.4,14961,4369,988,1867,6182
241513,65532,41876,3119,953,392,14595,266,48302.6,12498,9407,1493,4201,8060
267368,14635,50333,5059,354,112,22477,1922,53473.6,18011,6225,50,4244,3697
96365,671,18530,5804,377,283,11948,793,5781.9,17897,11963,275,1326,9319
240662,33545,18656,3937,389,789,11403,1030,48132.4,7947,13449,1977,4872,3757
386158,54079,41811,2173,222,202,42935,859,77231.6,19465,7458,859,4992,2861
185211,26855,4536,5715,820,852,6311,438,22225.32,17585,9467,1580,2870,5651
189785,35790,42974,1706,537,773,3155,550,22774.2,8407,13285,1457,90,9562
432950,51012,19856,3883,527,793,16804,3,86590,16074,12072,1403,394,9045
82588,19523,3642,5814,361,143,9921,1565,4955.28,19864,9431,114,4539,2335
73646,13817,12062,1877,797,242,2835,677,4418.76,18805,10577,859,2078,7455
275798,14260,45823,5679,944,781,2085,306,55159.6,18780,2902,135,983,6774
492238,1074,98863,4676,825,34,39837,461,98447.6,8498,13281,1390,3901,4272
290887,42676,67078,3727,798,809,23854,1571,58177.4,16722,12676,20,898,302
320512,9475,67951,5611,320,52,35153,1374,64102.4,4975,1215,529,953,3175
231097,15120,43751,936,301,502,26353,1522,46219.4,3812,4822,361,3139,2550
215244,23147,12905,5847,826,355,18761,1234,43048.8,13399,10061,1294,1090,8968
409657,1986,21601,1107,958,149,28870,1136,81931.4,18390,8344,905,3651,1965
129735,32430,5387,2695,253,436,19241,116,15568.2,6835,7988,218,185,3449
165683,41961,21563,4824,371,449,12292,1339,19881.96,10290,14664,318,2573,7301
392035,55479,40955,1715,431,524,1455,562,78407,3490,6457,465,137,3789
117971,17430,6643,2749,537,266,13682,971,14156.52,12938,5406,1427,1485,727
22149,2176,3054,5060,521,907,894,1456,1328.94,6225,2473,120,2000,2553
372246,84258,2458,5145,278,608,1890,1038,74449.2,15636,6467,61,702,1744
331333,84153,58507,3796,553,85,47206,200,66266.6,6814,1842,1120,572,2640
248976,61918,6028,3888,369,308,35196,1370,49795.2,5215,12320,1005,173,6379
424891,27115,103751,4329,322,264,6209,123,84978.2,8627,14664,762,292,3439
343175,102912,51901,5032,621,491,29250,1875,68635,8453,2592,1459,788,1209
52668,11906,1948,814,602,582,2317,155,3160.08,6597,4589,1437,4056,6009
416889,40002,6306,5399,757,16,57390,408,83377.8,18021,2711,898,3458,5936
479882,57124,106555,3594,651,188,31635,1231,95976.4,6555,1776,1152,1426,1761
98204,6610,8092,3208,201,521,12652,465,5892.24,9956,7507,1269,206,6348
221830,49752,27678,5716,243,165,7282,753,44366,13226,5767,9,2301,6285
206501,13411,24908,2798,725,890,7193,1187,41300.2,4217,13649,816,2839,5699
426885,118972,12363,1666,170,550,15918,771,85377,9002,3938,576,4519,4477
175140,9180,14066,640,255,877,10446,1300,21016.8,10799,703,1007,1158,2007
229861,47993,48897,5880,997,344,16456,1882,45972.2,12787,12398,758,2605,2911
150507,10073,32711,5811,349,218,3457,1728,18060.84,11488,10894,1440,2417,2061
235160,37251,189,4272,993,93,16296,836,47032,8325,525,1914,125,7509
193321,30960,11752,1860,501,157,4085,1003,23198.52,4394,9972,348,1422,7888
47384,5901,6008,5970,430,874,2077,749,2843.04,13142,12242,418,3563,7986
91929,6129,7482,2768,431,33,7588,393,5515.74,3909,12229,164,724,4468
400103,50906,16679,2728,761,800,25602,49,80020.6,2869,5087,1202,3145,3841
86153,18848,799,3988,998,415,1543,724,5169.18,17933,10752,53,86,5296
245128,4482,25381,2995,688,505,29192,1801,49025.6,4677,751,318,3588,5382
85388,9686,9934,2327,394,489,4496,1625,5123.28,2098,4128,1069,3770,2786
41401,9044,8406,4052,724,523,5783,143,2484.06,16830,8684,429,2757,2189
212903,7400,19084,615,578,232,30663,165,42580.6,19696,10186,376,4123,4627
129503,7396,8788,4289,187,598,10228,1090,15540.36,15050,9355,1201,4114,1932
242601,7338,9909,1401,568,604,4749,1043,48520.2,6695,1803,518,3247,8504
137834,12500,25931,830,451,106,5045,622,16540.08,17646,12864,1619,4302,6392
44084,11545,9484,2702,788,192,847,68,2645.04,17130,2992,1151,927,176
261459,61480,43558,2159,220,467,26071,453,52291.8,7168,13384,956,661,1771
120641,5241,13846,5057,795,521,17318,24,14476.92,18968,10021,490,4397,3204
115111,23778,22257,5691,914,636,1395,1880,13813.32,15505,13206,1749,2770,6067
459042,4695,28013,1519,674,786,57414,309,91808.4,6204,12788,1257,2558,5549
439667,14318,103018,4522,323,278,30426,11,87933.4,12606,11750,11,652,1850
148299,22331,22875,4744,239,127,14113,576,17795.88,17992,8684,1609,2325,9736
172982,26355,24717,2066,517,340,24831,693,20757.84,11561,313,549,4077,9268
308185,76860,11408,1367,950,696,10386,233,61637,5340,12428,862,365,5722
361064,93685,35607,1027,356,874,901,834,72212.8,9919,5874,1511,2552,6414
337825,68754,61684,543,211,866,25245,916,67565,9655,3356,1958,4541,2785
244386,2837,36281,2085,468,58,18267,1156,48877.2,12769,3019,1684,1095,2897
353715,105338,27326,1011,973,991,8331,1721,70743,13308,6542,1430,455,3843
206553,40077,13601,3193,700,181,19086,590,41310.6,10599,833,478,2160,3820
471792,79915,1135,3450,209,585,11110,1667,94358.4,19695,4836,939,3766,1236
270337,4239,22741,4481,254,513,20543,1298,54067.4,5078,10283,1707,4528,3793
137556,20812,11913,1808,388,242,9486,848,16506.72,2275,7978,989,4326,2867
205246,29669,10101,570,611,227,30393,1846,41049.2,8892,7975,213,2609,8109
36160,9611,2247,2097,276,559,867,1852,2169.6,17329,9265,748,2281,3777
256242,4150,6548,2860,232,517,11074,1735,51248.4,13129,10951,1044,2617,4507
27633,1446,4516,5439,369,554,1416,612,1657.98,14653,3003,872,3680,5371
498096,143008,36870,3860,557,144,11264,151,99619.2,15215,7506,467,3759,9373
289158,11036,48985,4303,766,126,21347,1475,57831.6,4915,9913,1883,1887,4945
352676,39236,27215,2477,735,334,21505,215,70535.2,14976,10728,742,71,2275
59104,14021,14621,1137,796,757,2582,658,3546.24,6697,5756,444,2911,6228
444837,36943,62110,3117,579,931,1500,1815,88967.4,13219,14256,719,2955,5891
349375,103384,19215,4014,723,407,40887,309,69875,17887,12096,886,25,1615
78388,15471,14024,3378,662,120,1938,1256,4703.28,2734,5848,210,873,5393
26014,6701,3221,3199,228,743,1445,1516,1560.84,17773,5971,663,2017,1813
102578,17248,16319,2076,214,887,814,148,12309.36,16473,13000,1272,3642,8474
174827,23244,19446,5332,332,700,8787,336,20979.24,15798,13695,106,2899,9670
50390,13875,7975,5729,215,284,6347,1479,3023.4,3264,12510,670,2419,6951
295855,38985,10511,1950,984,241,37834,1502,59171,5694,9934,516,916,9451
101658,5672,23594,3248,357,77,8418,506,12198.96,5542,11376,1488,3512,9447
67993,1502,10558,2820,203,569,3835,1298,4079.58,15669,3763,704,3554,4259
215768,53836,32235,2685,370,449,21296,970,43153.6,10649,1788,1700,3317,7026
168285,34178,526,4714,385,469,6086,1204,20194.2,7662,14255,1629,1577,130
256860,3770,51959,5932,761,180,11510,1005,51372,6172,14997,287,2365,1099
461000,42865,1753,5444,587,581,34832,433,92200,13810,5929,1729,4842,9439
279565,53811,26248,3068,252,264,14200,1174,55913,17019,11657,1825,4125,5694
228008,4001,14656,4538,585,715,26113,1828,45601.6,14239,9668,1771,60,2418
27727,3483,6882,3004,843,681,1364,1819,1663.62,15256,12315,1052,1827,349
384562,20946,64555,1472,570,294,43788,1494,76912.4,10103,10648,1141,566,5001
14358,0,1555,2818,257,964,1084,203,0,5524,8465,132,2307,3732
337252,95852,75756,662,673,889,16650,1615,67450.4,2099,2684,157,2830,6053
267681,43744,65402,949,592,246,13408,463,53536.2,8985,7884,1642,1222,8211
104018,19425,21408,2556,655,423,13594,973,12482.16,11868,2088,1196,4191,7572
396601,39159,41733,3436,553,58,42230,326,79320.2,6279,12844,1681,3680,402
435333,95812,14418,4944,492,811,8226,148,87066.6,3170,4971,333,1848,3719
491916,23671,37185,1435,747,832,32212,1300,98383.2,2224,11251,1444,844,4521
304054,16450,41745,4658,949,457,67,1960,60810.8,14242,1589,1802,3239,8981
136888,14908,27881,3447,476,10,16572,34,16426.56,3440,4417,1283,2789,3693
239104,57275,53787,5597,363,346,13232,1901,47820.8,17470,4946,880,69,1651
327898,44358,80123,5161,705,982,11146,1239,65579.6,6323,8839,1581,2554,8553
203510,49047,22268,1175,471,851,3138,0,40702,10493,14684,1915,1073,7804
119847,35518,448,4042,227,4,13234,1741,14381.64,7201,12875,898,2805,7666
432587,57813,52462,4151,204,716,42291,467,86517.4,4617,5664,1844,1494,8060
454717,96748,37353,1452,933,369,3190,603,90943.4,7460,10928,1687,1431,2887
464162,137878,111055,2222,220,457,29645,465,92832.4,6570,6890,865,4615,7421
310611,40891,73644,928,217,244,23621,450,62122.2,8680,5098,135,4536,7727
420841,83551,48302,3319,329,248,27634,602,84168.2,15454,6378,215,4037,2257
306037,39220,22435,5921,529,944,25332,69,61207.4,15897,13678,463,1953,7923
86329,17158,294,2024,835,434,12188,1667,5179.74,19821,7144,1669,3089,6170
41007,11204,1238,5048,830,419,1694,256,2460.42,11259,9492,1876,1096,2164
494518,62576,80857,1428,599,104,13930,1940,98903.6,15192,9792,1247,2016,9790
180604,22491,16074,4861,410,241,2595,866,21672.48,12634,7795,1766,3597,426
326397,24188,13049,1063,596,271,21851,1020,65279.4,14133,6063,1877,1126,2245
22323,2503,2816,1319,786,518,2962,91,1339.38,17858,10746,1518,2265,8347
383479,58830,66634,5324,280,735,1218,593,76695.8,14565,493,1736,1827,5245
122356,4019,14679,4273,383,728,8675,371,14682.72,18236,9969,1041,1059,3228
120944,12419,1737,4227,303,43,7759,892,14513.28,4972,4468,1227,1226,8593
214451,33697,51341,3141,479,25,28564,1843,42890.2,15145,7397,133,657,8810
417426,84932,101069,3247,786,803,11741,98,83485.2,8696,4258,346,2062,3373
288600,7973,50374,5777,761,180,16665,509,57720,17226,5482,107,767,824
41367,9697,6549,974,202,603,629,1588,2482.02,5787,7395,422,3037,4088
64624,11136,12091,1308,993,427,2466,1876,3877.44,7468,5744,1902,4367,3811
413322,84739,33178,1526,617,267,28894,1615,82664.4,16162,11825,1536,2123,2057
244565,62502,27575,1935,789,857,28040,1847,48913,10929,11636,14,13,9754
78008,23039,19329,4676,562,579,2381,985,4680.48,12287,8695,1677,1717,6417
398070,66720,57254,5676,163,875,2936,1894,79614,15661,10238,1528,57,6440
387539,88263,84029,623,645,150,25927,1530,77507.8,19124,3151,1612,1021,4660
126492,16911,21830,3138,666,615,13514,968,15179.04,17768,4961,503,4579,8204
82240,916,5835,4110,911,599,10497,1366,4934.4,2944,7218,852,3373,2710
336459,59052,73662,1985,517,94,44398,961,67291.8,13973,10153,173,3599,1319
472465,17790,107374,5481,688,381,6139,1986,94493,11919,5956,110,3200,2353
211659,17625,40068,4012,786,797,19833,245,42331.8,9558,3130,116,2728,1564
282900,5206,58951,841,601,830,14098,800,56580,4629,2916,1064,1756,6877
471227,121937,87629,3244,690,514,19385,1495,94245.4,3556,7166,1905,794,9365
308522,85053,35171,1627,664,719,38767,278,61704.4,8032,6025,1029,2109,6841
145327,37696,8262,938,630,929,5074,773,17439.24,2710,9741,275,54,2345
417700,81641,43270,4831,563,613,25008,852,83540,7793,3575,1091,306,6166
135703,35656,20785,2560,377,859,6119,1533,16284.36,3817,8343,1831,628,9703
328693,68226,39469,1729,286,688,13083,430,65738.6,11552,14286,1938,1879,6913
175575,36859,3295,3165,918,427,11825,441,21069,18333,1810,1514,4296,717
345938,46728,81223,1261,389,424,7050,1284,69187.6,12882,322,615,4192,7463
317257,55401,45643,5553,940,815,22326,1868,63451.4,5386,13591,126,2465,4470
84069,690,2121,5312,984,198,11149,1767,5044.14,4127,12109,1609,4845,7061
239189,25103,3582,3262,821,7,8412,1783,47837.8,16788,6764,1148,410,2349
408465,34263,30280,2768,621,902,26736,1278,81693,18022,11856,836,612,8551
261051,76621,53349,3528,667,756,21039,1484,52210.2,2090,5578,257,608,6371
422417,50044,42589,5895,610,804,21561,1618,84483.4,6005,7804,350,2341,8906
135541,25825,31672,428,454,950,20192,264,16264.92,5156,14652,811,4898,877
199648,10720,1085,4699,804,326,24200,514,23957.76,3257,11343,308,1299,2550
266353,37271,15600,4266,330,689,37499,444,53270.6,7096,8559,723,2328,1513
281830,77256,59801,1216,179,593,31379,222,56366,2215,8920,1272,4700,398
325507,46732,61739,5581,914,623,24339,761,65101.4,8180,8773,1541,1970,1255
369687,66433,74181,5317,189,870,40334,191,73937.4,19286,2989,1066,193,302
141733,17094,4874,5455,336,20,2280,557,17007.96,11744,5683,1788,2604,5458
185915,36463,13767,1550,468,545,14360,1463,22309.8,12024,8182,1426,1797,4411
105673,2686,19420,2498,965,254,13712,806,12680.76,4367,4177,145,697,1607
464179,23572,26825,4988,376,432,50540,268,92835.8,17672,7428,1309,3912,894
52828,5778,10913,4373,881,504,7081,1064,3169.68,16804,11849,198,4138,3856
320748,15150,14332,4087,473,26,32038,650,64149.6,4092,444,1424,1807,8484
282670,54165,54895,1239,192,519,40887,40,56534,17432,2148,1652,13,4463
341054,63690,4432,2578,805,929,3508,1354,68210.8,5436,12557,180,4114,4887
35592,4512,6175,5958,427,529,2118,1198,2135.52,15165,14330,1987,4146,8784
301126,82335,26570,1301,468,946,45015,432,60225.2,7228,14264,191,3463,6798
272351,75199,6103,4072,323,499,14360,1472,54470.2,14634,1552,130,2351,1943
242041,36948,43780,2512,908,232,36213,802,48408.2,8998,13895,766,4386,3862
360877,37030,15900,1910,834,395,31957,930,72175.4,15449,1929,1432,1221,3797
240008,27007,58415,1927,190,981,31260,322,48001.6,17541,8203,1437,4450,8381
134982,35283,2031,5993,558,306,2818,899,16197.84,7057,13312,163,4362,7372
266911,76772,62713,3437,711,509,27907,1303,53382.2,4859,4464,333,923,1776
78619,22024,17633,4291,472,702,676,1117,4717.14,9471,5551,936,1607,446
170400,46872,23192,1403,329,423,10334,863,20448,16415,1317,1174,4184,8971
318623,39384,8988,2487,308,149,9605,880,63724.6,19525,10375,760,1977,4194
161175,17376,38067,4525,186,391,6363,339,19341,16597,11083,1713,1561,3967
180963,37138,12952,3332,555,489,25481,419,21715.56,19487,8370,113,4011,8539
151826,18157,27369,3113,688,667,5387,1228,18219.12,16601,658,1551,1806,438
241055,1756,35862,2793,525,945,22133,567,48211,17354,718,1627,1848,9260
353581,100677,2977,4203,405,46,46145,742,70716.2,10584,10009,971,1996,3799
108540,2576,17346,328,427,311,13698,259,13024.8,18351,4431,1991,2538,3430
345126,91003,54641,4359,398,927,22720,731,69025.2,16337,10277,1693,1664,7048
112747,31205,1268,5621,842,138,15906,679,13529.64,10066,11030,827,138,5994
196994,58051,48929,1560,166,404,12183,682,23639.28,8889,9857,360,4371,5559
320375,64595,54431,3970,517,921,10414,1010,64075,7075,10961,188,1566,5808
39301,10326,372,5194,274,653,111,1849,2358.06,5783,9525,1777,3819,7617
232724,4535,20764,5758,461,846,3379,1853,46544.8,7667,962,229,610,5049
203783,56035,40385,5818,361,13,20257,1414,40756.6,12710,8585,749,3238,8955
182395,47367,15032,3810,621,971,23891,1672,21887.4,6058,3889,773,4542,9780
28752,734,4902,2636,898,867,3151,1301,1725.12,15838,11322,294,4450,5992
223277,59812,45702,3623,564,770,8604,1795,44655.4,15044,7517,516,2843,9701
370596,59884,11885,399,649,747,45028,895,74119.2,10482,9339,1794,946,2955
154467,632,9796,3956,960,952,2651,931,18536.04,5703,1449,73,1139,5148
227029,13280,39047,4817,861,889,29631,480,45405.8,3710,4216,1053,1000,5860
393381,14746,32863,993,330,518,16308,1989,78676.2,7411,10762,335,3136,5619
66273,4268,15478,5101,538,550,8377,1474,3976.38,13359,5579,1290,1231,7315
268503,53251,32117,317,791,184,9768,290,53700.6,16289,2848,642,108,3690
101878,19285,20753,4009,782,114,3158,800,12225.36,10684,8320,14,1803,695
277039,10207,20325,3070,336,109,23775,646,55407.8,2867,2316,1451,2203,2536
129968,5591,7021,1330,888,576,4077,104,15596.16,9000,8339,1589,3839,8854
387844,27757,80721,4775,823,742,32818,1762,77568.8,7868,3580,1664,1012,7329
86559,16226,20328,4509,773,280,1169,1974,5193.54,7961,14462,1036,583,771
20699,5156,4879,1919,617,542,354,1400,1241.94,10687,12383,574,1758,2527
206133,61407,8041,1150,606,85,23996,1966,41226.6,10217,2074,1903,2808,9487
19715,0,131,2196,283,137,2410,189,1182.9,8173,11431,1335,1133,6677
29169,3872,3115,1275,847,465,35,1218,1750.14,5430,5702,1318,4125,6151
128413,33822,7290,2816,324,76,5815,1599,15409.56,12635,2732,1958,3062,2790
419379,41340,48263,4488,410,967,62788,376,83875.8,15420,7550,1893,1442,2397
129264,9784,25966,1815,466,136,16025,682,15511.68,14142,5878,1090,4453,2161
277926,35157,44470,1425,973,633,7153,1041,55585.2,6945,10210,1949,4692,9908
229249,19937,22290,792,418,974,5931,258,45849.8,5329,14169,1643,1404,7304
134481,11219,30702,5904,943,775,16025,826,16137.72,2333,5280,424,775,5977
225400,9399,28223,3336,619,96,17272,371,45080,3427,12282,1113,730,425
45585,12045,807,2826,373,994,403,1725,2735.1,11657,10883,394,288,122
302826,27657,45799,466,401,530,12801,1830,60565.2,5617,3200,1477,1099,4149
188936,20047,44168,4535,213,797,7976,986,22672.32,18955,3904,1611,298,1432
402136,100543,21661,4489,979,8,59957,831,80427.2,2801,8970,1999,1580,6241
356560,76095,81975,875,613,82,27064,968,71312,3188,5833,629,745,1114
458330,85693,36432,905,273,46,3985,1788,91666,6320,4690,1621,4021,8690
399954,100931,99047,3643,731,511,16260,592,79990.8,4611,2229,789,3558,5060
48067,6618,6030,2118,387,429,5365,59,2884.02,6651,11196,677,4210,395
183757,44891,24515,1455,224,89,26698,104,22050.84,11813,13612,523,3974,2311
263334,6780,47429,4979,591,512,6549,1449,52666.8,6250,7333,1443,163,4439
28073,8015,6783,1115,649,898,2587,876,1684.38,16373,8532,817,2840,5888
46035,3130,11068,2940,671,673,289,1284,2762.1,14891,1391,1296,2260,8984
206049,28083,79,1835,417,664,18612,1790,41209.8,5732,13011,1255,292,2860
243782,53010,47577,3033,636,413,10505,1069,48756.4,17781,12018,1695,395,174
100373,2708,12132,1262,749,512,12370,643,12044.76,4452,12559,172,1968,5309
355506,38165,2966,3334,199,890,12028,1549,71101.2,2809,3600,1956,2469,2262
100517,11528,15534,5471,804,657,14593,1500,12062.04,10416,3787,706,1591,3491
75450,22536,3728,2347,208,672,9775,266,4527,13309,875,1816,3151,39
20382,456,4536,5709,603,904,1669,955,1222.92,18603,2279,1106,1984,3290
407653,5914,49277,4841,979,646,29621,1557,81530.6,9793,6528,1892,1404,2412
212043,37136,38581,4160,872,797,10438,1129,42408.6,12317,9555,1649,439,3808
467828,86008,90330,1814,221,76,54563,1540,93565.6,14083,6233,1125,4392,7352
231427,12076,947,3651,905,80,33415,1716,46285.4,10469,6838,104,1474,7562
71929,18321,12565,1367,900,780,3154,1419,4315.74,16308,13167,816,4596,4789
243483,46716,15844,1181,339,780,33033,1172,48696.6,4776,1141,1066,523,1406
238590,50298,594,5332,711,553,3488,1870,47718,11906,622,1262,96,2975
371008,54304,21414,3939,866,635,15332,279,74201.6,19565,13062,274,2992,6871
153401,13824,30690,1849,715,741,11109,524,18408.12,9078,14244,847,2033,4797
266677,69835,19439,3037,971,868,19162,863,53335.4,8545,12727,1817,1644,4451
297313,8118,58220,4857,885,201,21340,25,59462.6,17945,1534,96,2706,8998
97468,10756,14017,400,305,845,8210,551,5848.08,16010,13295,14,1729,1147
44594,8634,4205,3832,712,446,3601,1305,2675.64,17231,2148,1332,441,5243
480173,56911,87091,3116,902,106,20850,1507,96034.6,12305,3490,228,4438,5798
201703,7953,7782,707,991,964,27670,1964,40340.6,18077,11858,531,3308,716
55033,4784,2660,2815,822,291,7552,797,3301.98,16604,6696,1668,2631,3235
73133,15185,16013,2039,790,802,3827,1087,4387.98,10607,8632,831,4221,9543
476381,50613,105160,4352,234,685,33410,110,95276.2,5160,12270,431,1283,5226
83861,11708,6089,558,218,940,9737,1864,5031.66,4569,11673,935,4999,5475
193362,33927,5318,808,534,311,27002,1111,23203.44,14174,9075,1815,4634,9404
497247,386,62235,4121,522,598,46790,1659,99449.4,9550,6875,837,1561,3950
303894,72728,29400,4704,204,516,816,421,60778.8,9401,12451,907,2400,8427
498371,30020,15405,3983,234,683,60215,1681,99674.2,4613,14493,639,2924,22
50461,9910,2552,5020,990,632,2137,904,3027.66,19222,3367,1795,2031,741
477016,61394,52763,4026,741,667,22310,725,95403.2,8449,7196,623,2087,8476
88222,3409,8062,978,881,598,2668,1463,5293.32,14737,8748,682,2760,6807
122020,25745,17424,1583,771,425,11819,1151,14642.4,17156,2274,1996,4297,9039
296370,62694,20556,5137,914,609,11783,293,59274,5947,8685,1715,2588,8384
278865,29455,19330,1206,466,414,7559,1172,55773,18466,1185,1006,3412,4978
459370,104446,81266,567,313,134,42890,1350,91874,10662,10793,1428,1270,9117
30609,5967,3236,3403,764,518,2200,1163,1836.54,16275,4371,1732,2429,2083
455346,94702,69216,5335,774,771,36830,803,91069.2,7123,8146,1420,1961,8937
140513,39973,30312,5206,401,363,12626,1145,16861.56,7224,12139,257,241,7703
213981,28072,48151,1500,301,383,23276,1546,42796.2,3890,5223,363,3408,6566
114211,12109,21191,5655,485,31,11775,383,13705.32,12746,9646,1157,4085,6303
196321,45802,44066,1416,517,539,22454,1986,23558.52,12125,4268,1116,3732,3838
452111,34622,83457,1198,912,951,62519,282,90422.2,6784,14213,1686,1434,4793
497689,109935,36640,3090,749,771,53044,763,99537.8,11602,5699,1506,95,3637
408872,117919,100171,5320,249,486,19184,1470,81774.4,8094,2289,329,105,7071
397009,2597,62293,2944,269,755,50082,966,79401.8,18700,614,1491,4316,4860
346664,40597,36688,1358,534,364,10790,193,69332.8,16081,10672,344,2952,8457
466956,69519,71229,987,452,263,21633,841,93391.2,14436,12011,675,1402,3275
336453,56115,24122,5877,865,141,36961,1730,67290.6,18888,12562,1545,395,6907
39984,6684,8456,5890,298,29,792,1616,2399.04,13017,8018,410,527,6525
128947,17040,29004,1087,350,898,12367,618,15473.64,12074,835,1414,3127,820
214894,44772,6331,4794,956,129,4383,1019,42978.8,15202,9285,561,2610,9804
15901,0,1086,2944,152,777,1769,1856,954.06,10783,3575,788,4582,7410
172624,44871,42262,2464,549,69,22696,1953,20714.88,9268,9665,85,3354,9903
232317,26372,46621,4757,217,118,20742,1996,46463.4,18984,2651,45,3528,2858
303199,61707,59592,503,303,326,23250,205,60639.8,12215,9946,977,2113,7296
178757,39080,33926,3517,643,911,2577,1744,21450.84,19531,836,1536,70,1318
477181,106242,86287,2791,331,69,70416,638,95436.2,6359,10917,344,2951,6321
155788,42722,17528,5122,674,207,4305,1569,18694.56,3114,6733,438,3749,8171
124099,29048,68,2338,338,90,14951,63,14891.88,16563,5119,247,1810,8584
21138,3285,3717,3668,169,119,3148,1040,1268.28,8515,13126,52,1975,3447
176370,9777,15218,3858,432,971,12602,1458,21164.4,16669,1689,1428,3227,6140
454328,54711,43968,4357,159,981,40828,1784,90865.6,5784,13099,1136,2013,6362
33429,3563,4723,5162,849,206,1946,1128,2005.74,11900,12350,989,4058,1627
60200,5041,4213,5650,680,405,1572,1463,3612,14465,3011,1439,4958,8215
212380,11292,22797,1526,804,767,28932,1880,42476,7565,3673,994,2752,3515
451460,79459,101770,4790,764,546,60989,1643,90292,5641,8114,238,2225,6397
258289,50192,19410,4643,452,123,13823,1757,51657.8,19438,2545,13,2463,1939
255127,27703,23382,3811,390,111,16583,1711,51025.4,14927,2819,1830,2191,9534
373412,84193,45217,1213,301,206,51529,227,74682.4,8510,13767,1661,4545,2912
246513,69165,2747,1719,933,982,4068,701,49302.6,6211,4351,1321,2877,7709
27347,2114,5772,3003,486,613,89,1975,1640.82,14746,458,792,4841,5570
157992,34445,12454,655,337,944,16974,394,18959.04,7420,12982,1436,2369,6802
41822,3094,6171,3772,613,385,6198,1236,2509.32,15507,7833,764,3730,6292
449875,97885,28071,540,871,705,41051,1939,89975,7535,7319,1311,771,9492
50108,5873,3855,2210,326,752,3657,732,3006.48,4472,6386,10,3025,9555
401099,100588,97138,2576,855,146,26679,1859,80219.8,14129,8803,155,2221,5430
492315,103356,49151,920,326,964,57283,1697,98463,5908,8305,452,3948,7589
17967,0,2203,5958,564,131,1965,297,1078.02,6612,9552,1791,4909,5640
382863,91273,13635,1154,727,731,12348,1448,76572.6,15630,8731,738,1638,6193
21871,2520,3419,4043,459,849,1895,1020,1312.26,15571,10713,1304,3229,9256
235371,63308,1144,2614,151,103,16973,760,47074.2,8514,11808,51,1576,8086
218524,22113,32699,3500,466,552,20022,701,43704.8,16632,5340,1704,4496,5846
215342,694,19083,5501,932,567,19698,1424,43068.4,13915,3252,1202,2122,3369
174685,15588,26127,3924,658,822,17169,523,20962.2,17414,14689,1670,4069,8079
38179,3683,560,5746,721,761,5193,1603,2290.74,4715,10974,928,3967,4574
261537,6704,1187,1360,517,241,10080,552,52307.4,18262,5201,1577,461,5545
193260,40136,3133,681,704,926,4045,1421,23191.2,7819,1139,986,1573,6811
327243,67507,68947,1432,754,638,20168,1283,65448.6,7300,14292,875,1721,5060
45262,9695,1689,2776,375,661,1177,125,2715.72,13896,4476,1646,3853,3737
350357,11441,35191,3435,629,330,34045,225,70071.4,5379,6077,212,4620,435
389551,97012,72264,3138,947,943,31892,721,77910.2,15291,8172,56,2743,90
421484,118906,57924,2379,212,847,2965,332,84296.8,10881,6015,984,67,988
481082,14677,33744,1244,429,895,32438,329,96216.4,18177,2899,981,4794,1871
358413,27818,53424,4262,163,899,8493,909,71682.6,18223,5826,10,2810,4103
70545,1868,12801,4501,177,148,2344,1288,4232.7,4170,12971,1861,3760,1857
244555,67264,10548,2829,291,168,19599,170,48911,14766,4298,1346,976,3456
233894,12043,32886,4601,769,556,27891,915,46778.8,14284,3925,29,3274,6483
213218,6403,34310,3618,951,984,8187,0,42643.6,14847,9066,1499,2,2014
475182,15732,84963,1134,739,83,16445,875,95036.4,14755,3625,1384,3278,6833
312066,55244,972,4050,908,519,33625,860,62413.2,8325,11183,720,568,4687
482580,9340,99219,4484,622,106,25393,1744,96516,7425,13348,22,1348,815
52913,6184,6621,3687,673,884,5500,240,3174.78,4800,8549,818,3847,1986
369177,22394,91549,5468,333,264,27683,583,73835.4,4303,6926,737,3593,8170
376936,98557,49738,5291,466,657,21399,1808,75387.2,17863,13373,340,2,9763
260497,4102,57694,5992,510,30,17358,600,52099.4,18596,8281,516,2665,5195
458893,19159,54777,5590,594,755,20036,19,91778.6,6994,8856,817,3421,9206
453057,122366,14530,4538,445,546,49941,1338,90611.4,3320,10613,255,786,6520
187404,6212,7354,506,553,246,26656,472,22488.48,12459,10113,1195,916,9708
495278,37405,46529,3834,901,925,33348,140,99055.6,12779,12985,1911,1232,2126
392007,77061,51714,2352,412,529,26617,1912,78401.4,16534,7168,526,3174,5792
498910,94296,88759,4606,996,978,41311,1356,99782,3214,1639,1645,1778,1562
166104,44239,41232,328,526,936,2302,686,19932.48,10320,5944,1537,330,3249
178918,45268,12550,1513,734,23,1073,49,21470.16,11248,3236,919,540,6487
200546,27457,22660,487,217,497,10223,1629,40109.2,12746,14775,1717,4358,7770
54936,15247,11233,2160,948,853,5373,1484,3296.16,18381,10247,1801,2096,1138
170866,10532,31029,5569,620,303,7561,1703,20503.92,8333,14737,211,488,7262
202660,13518,30268,2872,987,397,30371,390,40532,15895,9131,1826,4493,3581
212056,6476,47119,4314,881,402,12560,1078,42411.2,19490,8713,381,3682,1049
453547,66540,91876,5785,196,315,18266,1074,90709.4,15425,3180,40,1679,252
235469,3271,4290,4552,207,860,4345,489,47093.8,17111,6997,302,1876,2197
38141,209,5882,2427,173,277,1260,1355,2288.46,11004,14673,1149,468,2497
412290,90999,30138,2191,439,541,7047,1921,82458,5232,13615,757,840,4495
147478,5539,6446,5692,980,142,231,269,17697.36,5877,2567,340,3449,3352
107359,16537,21551,3007,593,788,14763,361,12883.08,9614,11376,1949,4156,2390
395423,19977,13432,2041,552,409,9148,144,79084.6,9307,3902,1788,932,3619
164363,8606,1522,2973,173,355,4729,588,19723.56,4882,5084,476,2832,4080
51568,11616,9023,2113,213,523,4337,1152,3094.08,2359,12172,1657,3070,1293
107539,29852,561,4627,916,902,10373,374,12904.68,2098,11216,866,3642,6951
56851,1284,3540,459,809,202,3536,1528,3411.06,9334,4944,1010,1623,9480
64823,3148,12328,643,777,249,3492,1646,3889.38,13934,4697,933,3950,2604
33312,768,1479,504,759,102,3381,1024,1998.72,16256,1343,1561,799,5076
446324,123862,6677,3342,388,467,54271,1390,89264.8,11003,6412,1555,3473,8604
470134,5607,61810,3185,432,34,69850,537,94026.8,12112,6405,291,885,8183
437387,94786,50357,604,591,323,57657,1651,87477.4,17225,10071,831,3311,3886
444995,126406,55812,5779,449,897,3474,1518,88999,17915,2368,554,3080,6626
209900,51939,41616,3017,242,531,15258,1197,41980,17967,6859,679,4733,6775
370867,18594,61284,4241,726,558,22232,1548,74173.4,11432,11070,529,3044,9754
284555,58382,49741,699,524,595,24039,1057,56911,16516,11833,917,2630,5844
259062,7399,53478,3820,835,267,14104,317,51812.4,13262,9516,204,3481,9421
329153,25117,54056,1285,459,52,17786,1767,65830.6,7536,13743,78,908,2251
418638,98662,91483,2105,896,784,20760,584,83727.6,19068,11635,527,1697,6779
445684,33617,45534,5347,316,17,46716,562,89136.8,16429,6037,472,298,8629
42371,7498,6421,5840,898,103,3398,1234,2542.26,2898,11682,1794,3744,3681
67022,4522,10292,2396,156,151,8226,1750,4021.32,11879,2872,836,4420,3254
343373,50624,62473,4601,971,839,51269,552,68674.6,8814,10771,922,1699,3526
109071,9628,16017,5637,192,676,8551,310,13088.52,7446,8290,1126,3704,5380
192268,329,25323,1759,937,872,22193,923,23072.16,3831,13759,96,3273,6882
483570,38619,41423,1645,489,413,16791,93,96714,7584,1385,1959,1859,5080
368918,7032,41713,530,302,83,5680,188,73783.6,4481,6091,1637,998,6237
499626,38034,87856,4082,192,307,6224,646,99925.2,14617,6322,1539,357,9129
298859,86158,74310,5906,874,150,40373,1741,59771.8,8164,7859,1706,1751,6087
299749,55264,2205,3800,350,548,27685,1537,59949.8,2617,3578,613,2387,2149
109853,28584,20498,1182,816,378,11062,203,13182.36,15032,4169,819,943,7323
41174,4722,4027,3073,881,457,978,1514,2470.44,19472,945,247,40,3873
413172,17772,63190,2631,814,352,45875,1776,82634.4,10340,7345,1843,933,6750
86373,20569,16327,5905,697,663,1484,1793,5182.38,7302,8807,628,4072,7926
341396,41679,21200,732,375,867,26990,1691,68279.2,9886,11337,1345,1226,5972
203021,3235,7188,1508,983,375,19760,53,40604.2,9789,769,1469,1290,6359
203718,4576,2808,2980,782,207,22756,1499,40743.6,18496,4445,1618,3688,4876
80017,1100,13851,2563,670,561,6326,971,4801.02,7332,2266,1086,4160,1288
73037,8864,15354,3302,488,731,466,93,4382.22,11261,8097,178,1504,5998
99818,8708,15058,5538,484,459,4933,313,5989.08,12685,12507,1215,4806,9543
16548,0,3603,2712,330,403,2251,1966,992.88,11285,6699,721,838,48
126981,30285,30227,2117,682,558,974,1596,15237.72,14163,7099,1659,512,3176
244213,24154,31230,5403,421,529,5187,359,48842.6,11172,2169,951,2502,631
214366,20054,36681,917,343,484,7012,167,42873.2,9092,11477,1034,3075,8144
164249,17165,17803,4792,687,121,14021,981,19709.88,8059,987,1186,4340,9520
296166,14439,67703,2805,946,793,2651,1809,59233.2,8751,2548,1930,2596,3762
116297,22515,2144,617,630,119,14963,397,13955.64,7239,6175,416,1421,4274
146614,26962,2167,756,247,250,17399,536,17593.68,6093,7670,1601,1870,7690
232084,53934,42520,800,579,838,6238,393,46416.8,6485,13750,1015,1816,9031
499536,37763,42136,4718,661,298,58028,1379,99907.2,14576,11264,1408,1873,6036
70428,17885,17550,5395,880,46,9648,47,4225.68,14854,12518,32,4033,2016
163812,44754,36343,2615,476,596,16020,1455,19657.44,5964,3371,76,3242,6961
331497,64094,18254,4174,934,298,41328,700,66299.4,6860,10902,1690,2073,1478
493569,110814,61273,5273,949,895,55574,52,98713.8,3123,9973,1472,3283,2920
123132,19464,26843,5074,727,671,6047,240,14775.84,11243,9294,873,4750,1240
197604,42036,49311,1303,976,518,22933,904,23712.48,19199,5112,220,3973,7176
26052,1100,2658,4550,565,244,2493,1418,1563.12,16650,8798,1196,2212,8746
110689,30413,20147,4496,260,726,14658,1050,13282.68,19362,9380,1895,3852,4773
188148,33270,12926,1366,361,723,14965,1082,22577.76,4858,10992,85,2703,9771
456636,42299,99359,5730,832,723,12805,1209,91327.2,19066,11339,1894,553,3764
141743,20269,23991,5016,720,799,1344,1164,17009.16,5655,2342,595,1728,8891
272307,31541,27563,1928,179,217,20501,960,54461.4,2780,13620,299,2692,8431
313568,73545,30688,5410,416,995,27331,1930,62713.6,3442,8550,1831,4702,9301
456960,129188,94559,3534,815,762,40632,1080,91392,17066,10486,556,3498,8375
473547,29765,34130,2581,499,343,13225,1730,94709.4,9818,6699,1665,3522,752
413850,23769,925,4798,663,832,52218,449,82770,6500,5849,680,2345,3475
145870,22465,16321,2698,830,313,7091,1901,17504.4,12393,4497,435,381,6361
294564,87404,10769,3538,363,692,26496,1129,58912.8,12453,5582,1040,2564,1316
130575,20156,3980,5567,400,603,18856,1303,15669,5120,10989,49,3554,8611
268230,50481,40028,4654,692,729,958,1491,53646,4545,3956,503,607,5749
301444,13435,16151,3969,468,289,27863,432,60288.8,18217,3299,879,1302,8006
362025,69650,76133,5015,332,601,17872,1703,72405,7875,1241,1704,2277,6858
20749,5376,1419,1765,338,995,671,846,1244.94,4828,11430,1924,3583,6058
114131,8095,11067,2261,874,196,13584,1781,13695.72,16758,3261,947,3433,8567
166193,37909,59,1175,276,695,5727,965,19943.16,19846,9424,431,2439,6007
400707,69487,85717,5946,953,577,26592,1363,80141.4,9942,1074,1881,1349,820
309631,21468,27235,4369,445,415,37917,1749,61926.2,16579,7895,780,4826,5815
235019,47655,28672,5630,172,609,22136,1537,47003.8,2553,9733,1974,3177,4290
436577,34341,67114,4201,679,305,56308,1973,87315.4,12764,2119,1185,2908,2411
293367,64182,45366,842,228,477,37742,1422,58673.4,10907,4335,822,1829,546
82930,19018,14527,3816,695,535,7090,1839,4975.8,5389,5792,349,2987,384
155128,2768,16047,4165,619,219,20321,865,18615.36,13934,4908,1963,4485,9152
300524,46514,32160,4848,768,685,36029,181,60104.8,7319,7461,1960,2306,5088
298179,33979,5277,4799,454,898,43159,1325,59635.8,15604,8449,1,4063,2073
302764,80981,1780,1318,597,756,43262,1976,60552.8,16615,11401,715,1519,3946
423093,55107,46579,1728,348,625,55998,182,84618.6,5651,6028,1207,3663,4719
266553,1160,60750,5278,340,777,31777,1979,53310.6,7263,6961,853,3837,6754
458532,87897,56902,874,381,901,28858,1533,91706.4,13025,6693,869,2464,2236
205113,7041,14662,1758,723,353,9070,1118,41022.6,15891,9690,780,3839,5756
389504,84303,97052,1799,703,734,38336,1437,77900.8,9402,14229,431,577,8551
63352,10846,13206,1791,173,819,4768,155,3801.12,5495,3810,371,2042,1402
434127,129861,32161,3472,824,234,45931,1715,86825.4,19721,10725,856,2922,4268
173856,38644,31886,2770,610,305,20597,96,20862.72,18172,2292,1959,3481,2639
13191,0,608,3727,332,109,1646,936,0,8196,1173,1638,610,4713
436376,111193,49460,5558,582,313,5177,1392,87275.2,12613,2662,1467,3355,8290
362680,13882,70975,2815,994,947,31761,788,72536,5011,10475,494,170,1101
114576,14738,4307,3851,756,12,8046,237,13749.12,11356,13422,36,2775,3986
205713,21019,2364,4506,232,636,17254,1878,41142.6,15234,5625,532,527,436
452939,1095,16568,2500,242,826,31883,1833,90587.8,4735,14373,273,1112,921
13631,0,1228,3264,427,166,457,12,0,7307,14573,1524,4886,911
147244,40983,5483,3613,766,52,8897,1324,17669.28,6813,2486,1868,4454,3101
314224,14123,62679,3227,234,185,19073,857,62844.8,14910,11346,1206,2338,1992
230169,66615,245,981,722,275,4581,181,46033.8,8597,10264,600,1240,7820
100353,29657,8430,5164,357,446,12059,1938,12042.36,2178,14097,1231,3708,3174
423497,45278,73719,578,819,351,56439,1178,84699.4,19421,13271,1132,4468,64
38671,8370,5924,4758,730,9,1577,1959,2320.26,6805,1682,761,486,230
132811,31153,30086,1948,593,409,18351,762,15937.32,12749,2414,574,405,8833
192503,18344,32726,5827,923,146,9444,1414,23100.36,8331,4034,732,3657,6433
231972,37656,13901,5594,895,476,9444,792,46394.4,5568,12323,1723,3456,9536
263211,70515,3907,4996,519,828,5080,176,52642.2,6423,9628,685,2041,9832
399878,1212,98580,1458,800,844,37206,871,79975.6,15004,5027,1039,3941,5289
234033,9001,28604,2641,941,629,3128,931,46806.6,5986,9407,213,4373,5542
431818,78784,37869,1818,625,929,54487,582,86363.6,8240,11198,683,3359,3039
229861,36427,14537,2138,653,851,22206,886,45972.2,16188,1886,651,726,6345
323543,31368,12501,1170,996,427,30450,1619,64708.6,15088,7733,746,2134,734
164544,5283,37371,5838,380,487,12581,1943,19745.28,2309,6664,1343,4089,6187
190302,25854,46154,3577,509,529,16186,1724,22836.24,9277,9348,473,2059,7667
476832,10715,36821,1641,712,376,44569,1627,95366.4,11893,1405,1691,338,2863
17099,0,2712,2606,900,737,1619,880,1025.94,10997,10068,1974,4550,5615
259686,26797,6073,5777,168,111,27482,68,51937.2,14211,1167,795,2458,8009
428647,47573,61005,1471,839,583,50496,307,85729.4,3892,5402,1110,921,1551
66492,10584,10561,4372,358,655,4668,1699,3989.52,11518,4959,614,4241,5847
106722,14780,18101,5644,280,615,11960,990,12806.64,3917,2351,1629,4187,3183
450900,37905,111052,1428,892,214,56832,690,90180,8499,7544,867,1866,8461
40111,5189,7313,3927,533,991,927,1568,2406.66,15878,10050,1957,685,9551
73936,17745,5714,4299,241,509,1778,52,4436.16,14602,12140,950,1564,8028
163686,33359,27139,5957,692,510,3103,215,19642.32,4241,1952,397,3825,6094
233332,66062,26098,4187,511,588,5530,713,46666.4,14232,13362,1785,2702,469
445207,73391,42294,1584,910,25,23128,37,89041.4,5978,12769,670,3771,5944
211548,43463,13582,870,273,741,5171,1451,42309.6,3315,3637,62,2257,69
259031,16571,43583,3164,797,192,4465,1008,51806.2,17913,10353,1965,1838,2170
333064,97276,13760,4284,422,961,24739,1284,66612.8,17458,6823,75,1323,9842
497510,25104,71791,3441,504,102,29998,1397,99502,15266,3507,1902,4503,3674
73530,8625,16622,2277,249,204,6593,30,4411.8,8795,8138,1482,2681,8028
439440,39199,35983,746,880,410,27333,392,87888,8548,2692,387,3873,4332
279932,15926,40309,5178,765,771,28149,799,55986.4,17499,7696,472,4970,3291
38082,9996,3647,1580,450,744,350,424,2284.92,19783,7944,1898,4954,9865
395431,20566,87328,5339,758,50,6522,1028,79086.2,19756,3161,344,19,4151
99570,23357,9808,936,977,979,13750,690,5974.2,15734,8458,1387,4328,8797
111015,33205,22724,3273,352,130,200,1077,13321.8,11448,10069,1299,792,9606
217888,43548,51581,4926,170,342,23658,1754,43577.6,7106,647,1479,4336,8003
355732,29717,3652,418,347,577,35320,1527,71146.4,5203,6631,1047,3289,2747
157603,41756,26297,4461,261,399,23539,1819,18912.36,15207,3979,849,2474,2098
360484,25135,14028,2592,298,201,7551,1962,72096.8,4682,5507,1317,1972,5247
104439,28164,13803,2404,530,795,12120,1531,12532.68,9922,812,328,4820,1250
448073,38562,6307,1367,904,299,33819,779,89614.6,15265,6748,1431,1713,904
151214,3574,31325,723,332,145,10870,1476,18145.68,4137,6705,1008,4150,5040
125053,20169,25848,4119,945,769,15001,199,15006.36,13767,11618,324,908,3363
58355,16301,11331,4790,486,461,3558,1296,3501.3,12119,2892,431,1200,1288
413082,88738,31574,1580,487,939,8298,775,82616.4,6850,4874,1068,3552,1311
211139,684,19262,5349,963,915,18937,225,42227.8,16787,9115,1356,2907,749
244706,8007,1535,2119,449,823,3513,470,48941.2,3957,7024,1428,2314,5944
135426,35096,14932,3732,750,503,9460,17,16251.12,11685,11571,1864,3449,345
74027,19115,15749,1062,371,887,6222,1778,4441.62,2931,6345,1729,2678,7211
461122,41787,8727,1929,909,615,25316,628,92224.4,2047,13640,1460,4301,9362
169210,49582,17332,5799,558,150,7653,9,20305.2,7767,10334,1903,2643,884
102601,9255,10834,742,838,629,22,1062,12312.12,12952,12422,1472,4115,9258
39956,1709,3941,3314,267,315,360,40,2397.36,6561,10615,1287,2119,5443
248340,5782,9213,2881,323,198,28669,619,49668,16306,10208,1495,3147,1343
114797,1234,22987,1797,368,428,4795,43,13775.64,15591,12577,1057,3360,7262
397061,57645,1403,4552,525,302,34218,196,79412.2,17680,10304,1161,242,2700
398447,103509,56971,388,879,845,57560,298,79689.4,2678,10250,876,429,9353
479511,29204,118199,2549,468,932,31709,208,95902.2,14137,3523,384,4709,1711
146511,17152,7506,1279,738,903,2754,1966,17581.32,16286,5414,162,2994,627
450457,90555,95195,761,237,497,17011,458,90091.4,19974,1826,360,4215,5547
314677,85024,7591,3852,227,900,19651,878,62935.4,17436,11156,1526,247,1455
431486,102659,12996,3056,590,790,566,1711,86297.2,4518,13430,1590,4882,3783
88815,19689,5060,3928,350,104,3758,1810,5328.9,19950,11944,537,317,8162
49279,1538,3333,2801,725,9,2490,788,2956.74,15412,11808,1603,716,63
381931,94042,47830,679,564,624,2020,1259,76386.2,19951,13886,1374,4416,2429
427104,83251,34370,4796,153,26,3530,514,85420.8,13526,7423,1668,3338,8654
158702,41029,13472,5498,232,610,18890,1383,19044.24,2205,5378,598,282,7196
71063,13765,2196,4946,854,768,10383,1847,4263.78,3805,3671,1505,4580,2545
259599,21942,11091,3283,642,326,25304,382,51919.8,4120,14454,78,4665,3399
264311,38712,65254,3360,155,494,16857,1450,52862.2,12821,13229,450,1216,1558
137896,39894,6023,5805,854,882,605,1920,16547.52,19821,7457,786,2574,9115
176216,49632,20543,3250,878,647,25818,1367,21145.92,16991,2301,1322,3921,8427
455377,20478,60029,4840,496,906,38451,1277,91075.4,3942,7106,1574,3416,5774
499934,22551,93913,4030,683,737,52754,547,99986.8,12997,5878,230,3328,7737
232146,48068,36635,4724,806,126,13669,506,46429.2,4827,3195,410,3775,4519
218432,28072,42337,2231,946,115,7404,1541,43686.4,9380,11097,405,1825,4241
192051,35561,40409,3721,600,923,3754,329,23046.12,13093,10648,816,3647,3529
107661,2892,5004,2290,294,801,4370,1006,12919.32,10555,7413,1337,4939,4817
410195,99502,9963,5165,151,170,36646,487,82039,6495,10557,1850,4092,1842
429405,24395,13796,4156,437,211,59243,813,85881,2259,4512,1230,1089,1954
183672,18756,40972,1782,374,923,3743,481,22040.64,9929,6977,1575,287,8073
462776,66333,72613,2845,586,944,4847,471,92555.2,19452,1377,1641,1074,7736
481256,113561,95384,4520,363,188,38446,1942,96251.2,14126,7879,1806,2131,1676
133257,28024,12526,4599,315,489,6097,1555,15990.84,6993,11993,1311,2230,4724
464774,5947,3261,3115,522,932,69589,1019,92954.8,18221,1528,1081,1797,6679
358349,75153,17046,942,802,386,709,1460,71669.8,9707,11656,1374,4598,937
279054,67428,13397,5440,978,776,922,1445,55810.8,9496,9269,1523,2566,5054
460929,63355,60436,4985,656,725,50261,1022,92185.8,8458,14414,55,4033,5234
319001,58241,25757,4218,725,600,36360,1826,63800.2,19826,1381,1126,2384,6957
44964,3424,3018,1886,482,129,4598,1185,2697.84,2228,5928,1398,3225,2378
488883,129958,15299,2709,361,22,14567,1773,97776.6,6845,6496,1075,4213,9150
428443,127420,1902,4149,438,178,20343,433,85688.6,3970,5088,1012,4446,1427
409194,107754,42399,5535,759,400,55793,1582,81838.8,9952,5218,972,4726,9999
490743,144490,48330,354,315,504,31142,1827,98148.6,14413,8426,997,3425,4642
289297,55184,46308,5470,275,920,1490,15,57859.4,6227,14642,1252,209,6604
331909,4833,3846,1141,306,971,14582,982,66381.8,11808,13849,719,4219,4062
240156,41833,12359,4887,911,410,28426,619,48031.2,12089,11877,283,589,2467
118212,565,16608,1284,722,531,1280,688,14185.44,18071,6613,993,132,5493
49071,7412,2520,2920,181,328,6618,64,2944.26,12323,1898,1119,4310,13
122990,18402,8064,3206,423,470,16178,574,14758.8,7285,5865,1783,3839,1962
79519,10077,18791,5388,450,419,4854,819,4771.14,19834,7254,1431,339,5654
19503,0,810,2294,170,411,874,72,1170.18,8191,3790,381,3306,5599
201775,12834,23136,2232,673,753,8055,203,40355,7941,11179,1700,2684,3055
467595,67850,35885,5356,905,751,24687,253,93519,19639,2671,701,1636,8704
105457,4412,21157,2572,764,28,6166,1595,12654.84,2400,14723,1028,1801,8753
198938,3883,48372,402,425,244,7080,612,23872.56,16002,10940,1707,3318,6428
157977,44152,19674,1269,156,631,8061,1552,18957.24,7639,7145,305,4273,8193
55838,10051,12578,1371,604,937,6458,194,3350.28,12174,12756,980,4932,7823
397344,106520,2251,1036,279,825,8393,250,79468.8,15679,12481,640,1465,79
461495,11695,79049,1665,448,885,43613,549,92299,17981,2507,1471,2627,7587
99489,28831,4661,3930,246,543,9186,1308,5969.34,12167,14420,1484,4887,9369
36806,6739,4606,527,426,651,4120,1566,2208.36,13845,5367,1267,3695,1098
186072,7902,25499,3870,434,669,21136,1506,22328.64,5464,307,1771,474,8454
425384,111491,6421,744,949,59,17915,954,85076.8,13374,7070,1479,2359,9893
80119,17573,19436,5743,322,138,9581,309,4807.14,3087,9764,1280,3449,1715
310858,56494,24591,1919,481,356,41490,1893,62171.6,5874,3816,142,2275,2353
195165,12288,26979,4993,354,211,16081,1204,23419.8,12739,2782,201,1827,4551
327563,46978,12202,2504,252,138,18001,1817,65512.6,8499,13066,1024,2000,313
452361,117845,100950,3003,774,367,45101,652,90472.2,11584,2919,973,779,3419
115432,10559,25677,3350,509,622,5154,1268,13851.84,11707,3710,1516,2443,6247
480641,54672,91202,3802,280,485,24940,440,96128.2,4693,8906,1843,2119,4892
365093,61821,19290,3926,188,492,47573,274,73018.6,4903,5203,745,3529,7874
481027,83661,18130,1481,456,335,68907,1247,96205.4,8051,14659,1535,1085,5155
405677,69224,37077,3556,669,762,11016,1390,81135.4,16353,7679,1380,1471,261
417507,89405,19396,1097,195,610,22943,538,83501.4,14655,1419,552,1010,7040
187876,46882,17952,1134,343,177,21849,1273,22545.12,2220,10984,1854,2563,6222
349115,103673,60530,3299,667,512,17756,742,69823,8416,5351,941,4953,4430
365615,54796,64274,2332,719,600,47802,12,73123,5012,11096,276,2511,895
337090,44706,27122,4752,318,112,11049,1331,67418,9544,12411,1984,4844,6911
371133,4023,29381,3064,271,282,2237,609,74226.6,7366,1808,750,2920,3642
94080,15982,12667,2709,398,115,3474,191,5644.8,17749,12236,218,2969,9139
262791,36735,23267,3984,356,543,4444,697,52558.2,6268,2756,370,107,9252
464548,72959,113271,3575,264,773,20852,18,92909.6,19019,10716,51,1381,3654
87794,6450,9239,307,388,40,5758,338,5267.64,13055,1482,1950,3421,9319
302985,12213,61978,2819,715,931,36344,770,60597,4737,5550,1222,2789,7849
134447,35983,7088,2519,225,166,11554,578,16133.64,15623,4588,465,3043,5158
130029,33158,31818,4174,318,854,12235,25,15603.48,4696,6579,803,1690,6076
189830,28460,12822,5725,197,220,20359,1029,22779.6,11691,8170,1815,4839,521
348416,64680,50216,4028,885,925,9176,1164,69683.2,13453,744,1524,2528,6918
47643,3037,3821,3629,219,725,5082,1773,2858.58,3656,12234,933,3488,5110
453624,31017,65262,3671,657,312,5674,1765,90724.8,8464,10103,610,3922,7505
316094,92038,57911,5884,304,906,17910,1050,63218.8,3896,11097,67,2640,8198
197921,30990,1436,913,708,345,27948,104,23750.52,4108,11082,1272,2080,6053
372644,19515,61854,988,610,470,1036,1879,74528.8,11353,844,1793,1575,870
169116,29991,27281,1197,522,130,21002,1545,20293.92,2125,5523,866,1273,1779
397732,7634,88017,5747,940,47,27749,783,79546.4,5775,5847,337,558,892
25997,3306,5893,409,351,133,1989,1302,1559.82,13477,1058,1473,3966,3188
351895,76452,84403,5105,803,518,26820,302,70379,18972,13072,1114,2732,8106
108605,29377,7719,3312,466,555,13702,1035,13032.6,8526,7033,824,2330,153
427127,33001,53952,3218,600,998,26678,1691,85425.4,5227,10434,1854,2182,4357
327677,1391,22766,1460,787,316,2230,1100,65535.4,11308,11709,1639,525,3921
354710,65206,21213,4281,993,437,17426,1041,70942,11017,7876,838,4995,5945
235942,42215,28355,3910,814,434,28680,1593,47188.4,17786,2432,765,1649,9
155643,14184,22537,5044,726,85,10899,641,18677.16,14135,9984,296,3793,7496
118255,27114,2794,2303,245,47,6168,173,14190.6,19889,13874,1374,3440,3339
270298,11882,59204,1827,842,489,34097,1424,54059.6,9032,14621,759,1871,6164
497679,113142,109832,2213,645,828,69191,1110,99535.8,12430,5128,616,4517,7465
461157,106206,32324,4641,511,864,47076,1855,92231.4,8085,7168,1249,1939,1867
68005,12879,10082,3481,606,423,5541,1366,4080.3,16986,11142,262,3071,9981
227322,64892,13018,5193,327,386,1080,448,45464.4,14781,12682,568,146,5721
199784,42679,17481,3646,278,925,11797,53,23974.08,16998,10444,684,3712,4337
53541,427,1638,5469,639,239,823,1450,3212.46,16595,605,125,2493,7771
33387,731,160,3163,188,663,3619,77,2003.22,9942,3144,92,3695,9741
366124,799,25832,4910,607,450,36018,1739,73224.8,18560,8566,1144,3355,5784
189980,55659,31210,805,961,257,2115,438,22797.6,19552,14456,903,1875,678
95457,7025,22290,4550,499,43,3567,781,5727.42,18970,13643,1248,1871,4295
154129,14481,29441,2306,794,167,5120,1520,18495.48,18438,6237,1538,3790,1725
74028,7624,8418,5899,601,786,8239,171,4441.68,8777,4895,103,527,2510
129246,14961,24848,4506,529,190,17824,549,15509.52,10327,11134,671,126,1384
327875,21767,7081,3155,258,663,11927,1721,65575,7142,8167,1746,3992,994
165930,41000,37180,4264,733,561,944,360,19911.6,10729,8501,323,3620,5811
189761,36135,10114,1974,357,275,19652,235,22771.32,12401,7945,393,2204,4852
54638,13262,3157,1490,726,824,3119,432,3278.28,9927,6955,1809,164,339
494814,70765,18722,5438,390,368,22456,1039,98962.8,4565,13964,338,2366,9910
187558,23772,21972,2692,740,305,10175,737,22506.96,17025,7182,1204,2554,2595
30567,2415,6872,2221,237,606,354,849,1834.02,2707,4523,587,3697,5520
432955,112051,17985,4689,548,753,3305,1519,86591,19624,5039,906,2752,1392
67804,19333,5888,2992,839,104,4795,1609,4068.24,6359,946,1695,685,8228
380965,4261,69254,5881,411,953,34685,1234,76193,19959,3819,517,2769,6320
13754,0,1450,4733,727,926,89,1821,0,14749,6834,1701,2772,7256
37044,3088,1925,2127,474,420,368,1859,2222.64,8143,9683,1846,1085,7915
77260,13015,19299,2799,520,874,11178,1350,4635.6,14601,7011,1947,1970,7828
76912,1115,8443,1016,254,348,1192,1871,4614.72,14418,10953,793,3628,4801
266695,70114,22036,930,247,771,11194,626,53339,8222,12053,199,1224,9976
18706,0,2354,5160,636,953,1896,246,1122.36,2568,9050,1013,3784,5130
281038,72908,29346,384,245,649,23728,548,56207.6,19826,9756,585,1639,4453
421253,69109,26691,4068,621,318,51699,964,84250.6,2946,12453,1237,1836,3216
356130,2978,17986,1036,195,419,47236,1526,71226,14236,2552,1249,3558,7134
354086,9422,27846,3007,180,694,17937,1590,70817.2,10243,567,1132,697,5074
192684,43626,47872,5808,557,994,19194,166,23122.08,15231,8059,1138,3166,8860
39725,7313,8633,526,524,56,3032,1464,2383.5,13851,3740,255,3777,9292
146998,30820,8192,3657,531,239,111,1712,17639.76,17974,771,1621,1266,2196
114555,4925,6501,1607,865,980,1392,352,13746.6,15815,7592,405,4340,9572
271486,57199,50054,4504,809,426,17581,702,54297.2,14426,7153,1541,224,3634
281640,29430,38487,4530,793,616,33108,1122,56328,17957,9166,478,3766,1819
66447,10786,9412,5333,847,576,5015,1647,3986.82,2233,5105,1315,2160,5774
373748,54555,81499,4686,850,139,35629,1141,74749.6,14575,14720,1662,2738,6106
170878,19814,33623,4258,638,61,12483,1697,20505.36,16364,13271,778,199,1022
360343,14716,66553,1952,788,151,13895,1592,72068.6,11321,1850,337,1838,677
51321,11109,5279,2167,958,129,1205,352,3079.26,18999,3680,1911,1319,2498
263113,27528,7712,326,458,430,30496,573,52622.6,3924,13933,545,2690,2551
243103,1995,15817,4949,748,637,29808,1524,48620.6,16988,8691,258,1117,6812
468311,22414,53832,1232,782,439,58918,1062,93662.2,5928,3821,752,2250,5898
425872,13844,93616,3758,993,211,52458,1353,85174.4,6889,13767,1640,1839,3189
65147,3891,7072,5745,965,399,6362,322,3908.82,4772,8369,1650,121,5222
101396,15522,6624,766,284,673,9732,957,12167.52,2918,14769,1457,2668,1080
452882,129632,29126,5644,477,716,61397,1521,90576.4,17275,6586,357,3319,8580
485584,74034,82115,3000,348,913,54455,28,97116.8,7195,4965,1271,4499,7951
310931,42322,37462,1798,832,540,31088,738,62186.2,17923,11928,803,1842,2900
254839,67638,58676,917,409,181,3519,542,50967.8,6855,4183,1744,1489,5784
466162,101334,46815,4077,273,50,9597,1339,93232.4,15113,13899,1629,3297,5361
31727,8524,4651,4853,903,746,2013,1574,1903.62,18088,12837,438,1735,6914
249423,30846,23375,2987,732,525,33215,1998,49884.6,17179,3483,541,2217,5540
105081,8107,26093,5632,531,349,1720,1536,12609.72,18657,14826,573,4729,2118
394865,60096,32525,5356,656,57,28443,567,78973,4345,6916,754,4047,1382
251130,47703,29030,1804,720,418,13465,1490,50226,12528,5826,1204,3298,2050
78056,9624,11299,4267,258,136,4093,868,4683.36,5757,1868,1130,123,5817
144153,27126,5207,479,190,639,33,697,17298.36,7690,3892,1585,4315,9320
175268,23131,10897,2885,594,36,16880,1626,21032.16,6792,1557,222,4798,2631
177807,48591,26639,2369,947,493,1403,1940,21336.84,16526,3143,159,4924,9876
245821,20714,2792,5764,295,358,3219,1973,49164.2,4888,5744,1143,3561,913
90102,7863,420,5158,947,779,8077,198,5406.12,15990,11248,879,4941,2489
482794,35877,94760,1221,713,84,2710,682,96558.8,10788,10287,1023,2948,9747
166570,18570,19198,3392,325,721,14226,1760,19988.4,17381,2019,1362,130,7847
86865,12482,2840,5140,428,650,12877,181,5211.9,17490,4433,1800,3094,2535
172728,34318,17415,5827,529,538,5670,129,20727.36,18159,10557,1904,4901,3100
77695,646,7639,1810,314,343,5218,1677,4661.7,5844,9028,271,3511,5744
441116,120832,17875,3899,988,744,28288,1897,88223.2,11027,1403,1445,2309,349
127235,21040,4975,5835,635,170,3602,130,15268.2,8386,4517,1426,3397,1055
488115,92508,91997,5691,913,689,4096,653,97623,6773,1593,1885,1703,5445
450917,46835,21331,3576,764,865,29610,1028,90183.4,11183,4455,803,1058,6780
118777,22923,16893,3019,714,19,1279,848,14253.24,17944,1427,778,4492,7518
29033,1374,1859,5032,916,908,3245,166,1741.98,6915,10996,499,4045,864
151877,1909,15535,1323,510,302,4949,384,18225.24,16343,727,590,3394,8643
176923,44918,5061,451,322,775,49,1655,21230.76,7559,6945,1256,2627,5962
36832,7218,1858,312,912,996,2664,1578,2209.92,3633,8327,190,866,2084
204509,32848,25489,1014,326,196,9966,1115,40901.8,6681,7146,1620,1966,2078
387869,67619,79214,3450,198,326,56362,741,77573.8,17863,4912,1659,682,8080
155016,46146,34833,3925,260,575,19972,1775,18601.92,4746,14487,426,2561,8835
292017,60032,13346,548,359,555,36814,186,58403.4,5285,10072,1609,1068,1678
50372,1690,6773,1444,909,755,6903,1613,3022.32,5250,7479,498,1085,7852
99464,17140,24276,4782,836,11,65,1488,5967.84,16331,414,216,933,3657
156451,2670,9788,4834,768,360,6539,1806,18774.12,9997,14961,1375,3630,1285
127322,36519,14094,3643,814,771,4223,557,15278.64,4652,2141,1312,2747,7464
177823,44512,37210,1020,304,295,16571,1542,21338.76,15446,4985,1072,1774,9182
372226,57811,74783,4868,801,402,5302,1705,74445.2,8571,5852,178,1099,9103
230894,14691,45963,3529,812,437,28615,114,46178.8,17493,5033,689,996,6886
277254,34262,41983,1306,422,768,19272,1286,55450.8,12722,7413,1559,4907,8365
457557,25595,35972,5028,705,374,21241,1966,91511.4,6925,11520,1300,3816,5565
284231,57207,16959,3598,732,746,33434,1018,56846.2,3764,13260,409,1312,6172
426978,115589,89343,2768,786,758,56731,1367,85395.6,7581,9901,592,1249,4914
354761,33440,34133,4419,813,652,41892,857,70952.2,2764,14075,1170,3295,1289
110483,8630,24218,4113,604,817,5138,973,13257.96,6247,1638,1730,1882,3629
19596,0,1998,837,465,692,1970,238,1175.76,14535,8296,1484,4455,2181
244627,64791,21734,3124,970,499,36620,1810,48925.4,18184,9846,577,3051,2667
117539,18582,22828,2985,881,425,4140,308,14104.68,16492,3402,1960,1577,9947
28313,2287,1016,2280,364,876,2176,1881,1698.78,10487,2175,63,3826,3582
385319,63753,20002,839,479,664,33385,15,77063.8,16216,3289,364,1067,6588
207621,44725,32793,4184,293,43,13050,61,41524.2,8543,6755,1503,4035,7147
124914,4008,26134,4353,768,108,13944,705,14989.68,16348,4438,416,2488,6694
33705,9104,3724,3499,503,97,792,1344,2022.3,6533,9721,1567,4131,7680
208436,496,32217,4816,430,738,25826,1391,41687.2,3422,12904,617,4730,690
345589,99767,30875,783,471,444,12185,1458,69117.8,12211,1763,1524,1719,2297
113892,23212,25046,1328,455,80,2444,291,13667.04,16735,5109,1688,4467,5855
219717,20637,23664,351,986,217,10514,1186,43943.4,12613,11576,1467,2562,9013
274167,45227,24453,542,995,148,20617,746,54833.4,15291,11067,1410,2417,3364
129654,16877,4746,1986,628,946,1350,791,15558.48,13870,11279,1897,3511,2168
200868,54217,23973,3121,539,75,27406,240,40173.6,10750,3647,818,4032,8757
90073,21814,13217,2140,213,591,2275,1348,5404.38,19491,5807,6,3878,974
364341,83346,63184,724,945,563,22634,1398,72868.2,14770,10178,1648,2970,2134
74429,9884,9067,2427,414,62,2206,924,4465.74,13559,10040,1212,619,625
114195,2723,9133,994,155,595,1917,1768,13703.4,8060,1317,792,2114,4353
202699,49810,35809,653,317,949,29831,1152,40539.8,18489,7368,1878,2653,1530
43848,4761,7765,3990,504,393,3834,952,2630.88,5678,8846,253,1344,7607
441020,16375,5404,1989,322,854,58465,1146,88204,15520,12158,1627,4041,2069
418595,107045,33339,592,999,502,608,1672,83719,11898,8193,1739,3586,58
462880,102654,28725,1016,268,366,48650,1891,92576,10135,7829,1543,1406,9014
299910,32975,74332,4924,375,477,39834,1487,59982,19174,11612,1777,2789,1294
78099,4190,12612,4875,323,254,2389,526,4685.94,18174,3839,1534,4132,4812
439276,74489,48073,4872,278,58,167,1865,87855.2,11003,5976,738,1011,664
497949,8381,60873,4420,336,519,48338,1252,99589.8,16845,277,1021,3937,9556
79122,23238,8573,2778,212,818,4779,1167,4747.32,6445,9038,792,2035,5091
157159,13795,1236,2664,423,388,6775,741,18859.08,15902,1302,221,1418,4518
58868,17139,2380,937,747,587,3256,175,3532.08,8609,13327,1470,850,8225
129119,9638,7177,2705,359,425,2479,803,15494.28,3932,7299,415,1754,9825
426441,70467,14538,1599,342,589,23975,757,85288.2,4679,447,227,64,1200
367430,42623,11971,4248,899,635,41939,1076,73486,11316,12151,1951,338,3621
278787,38492,38655,989,681,501,27010,334,55757.4,3392,3492,564,3401,1585
496275,110724,77022,4739,331,523,8982,898,99255,3683,1350,1304,4075,698
308871,20534,60784,5850,709,279,45797,658,61774.2,13793,14576,1561,1183,7669
414221,102364,61289,2906,377,44,50626,1576,82844.2,15052,10330,1031,4022,9701
119079,29181,4642,1011,715,564,11378,292,14289.48,11480,14213,196,4591,1597
337841,19996,51302,2910,763,180,36769,1263,67568.2,4249,5199,1921,3684,5785
26029,6553,3232,738,238,400,2448,442,1561.74,11333,8805,1170,2625,3816
256353,72666,21703,3833,293,960,7740,1730,51270.6,15434,12082,1986,2468,2237
417442,29405,44191,4178,809,373,25702,1159,83488.4,19432,9067,1739,3853,7357
204718,35954,11399,3641,891,233,26326,599,40943.6,12608,11641,1510,3511,737
463819,71325,104365,5850,964,185,61541,1805,92763.8,14672,10521,1759,1852,9129
431947,28930,12685,3392,399,804,38794,765,86389.4,9214,1609,1221,4477,8332
381602,114426,87777,4538,374,74,21134,1724,76320.4,12583,7884,1270,2941,1638
382528,17529,4487,2083,822,937,11353,802,76505.6,13584,10101,775,4405,9123
78926,20778,12018,1167,317,709,11381,911,4735.56,6202,8724,1210,4364,8053
147069,7942,30825,1788,259,590,7306,70,17648.28,7088,2543,132,1048,9062
327650,7548,7750,767,922,232,15238,1768,65530,2446,8832,844,1367,5402
350373,18296,58956,5883,322,167,41711,930,70074.6,4509,7122,158,2031,8570
453031,97780,50229,5272,660,534,46596,1031,90606.2,13479,13199,1420,3171,8620
52092,296,1300,4221,446,406,1232,955,3125.52,13045,12982,1141,2454,6107
334683,67945,43118,1717,392,997,14422,779,66936.6,9549,14445,384,2607,6434
469293,59980,59615,5314,358,229,29638,1456,93858.6,3072,8920,1581,1699,3748
162889,34229,14410,2076,392,816,15222,1019,19546.68,13880,5906,1155,4485,9101
178933,30846,15105,1381,403,895,4728,877,21471.96,13789,7488,373,719,3868
23428,4292,2529,5545,231,971,3316,335,1405.68,14626,2017,403,3145,755
185006,35036,36028,5236,583,646,24029,626,22200.72,8839,12014,1372,90,9060
256627,39322,49515,3225,624,292,18384,1859,51325.4,19476,7209,1055,193,8912
255439,27167,47342,4384,692,399,30089,418,51087.8,2593,10634,96,3567,3486
151330,28991,17711,4361,153,37,22390,1324,18159.6,12752,2745,1919,4295,7983
67775,17801,3255,1311,343,231,239,1832,4066.5,15284,4448,1613,1868,1523
222652,51468,54288,1113,205,866,23823,236,44530.4,2276,4639,1362,2631,6949
498163,72894,121796,4246,410,167,67726,1852,99632.6,10274,14268,882,1818,6647
277613,53084,26622,2616,742,284,37459,1611,55522.6,5383,4411,386,45,3473
300998,63138,45201,2443,715,102,2015,505,60199.6,16437,11422,819,4926,3139
147328,22588,9497,572,529,144,21754,980,17679.36,15537,4197,1802,1961,1765
265158,62901,16350,3944,636,754,16546,398,53031.6,9553,13429,776,1236,3560
86256,17671,15941,2016,245,985,4749,610,5175.36,2467,8495,184,2465,5384
437153,83038,88232,3275,485,659,30,1346,87430.6,17134,2495,957,4253,5499
371278,90664,27470,4400,918,365,6601,954,74255.6,7260,9378,1207,3755,1978
142723,31645,30889,656,865,152,10330,1,17126.76,2997,5241,1917,1280,8648
191360,7637,10224,5762,872,827,18559,1657,22963.2,4379,563,50,1756,8468
356874,660,5465,503,478,421,51978,1925,71374.8,7048,11123,731,2281,8289
428267,107211,82418,4045,645,318,52771,1208,85653.4,11484,10256,1,14,5111
299530,6922,55214,1896,978,806,21449,15,59906,6095,1609,1100,926,5031
478270,93697,95373,796,787,637,17231,278,95654,11559,5183,994,696,4408
252634,44721,2944,5097,668,703,24276,1374,50526.8,14126,9564,1502,1232,4341
419400,57256,24336,5232,274,484,49660,369,83880,2093,1426,874,2043,8552
43787,6337,5856,362,932,82,4840,1576,2627.22,11114,3645,1485,4130,4777
31621,2529,7862,1879,769,532,4332,1949,1897.26,13333,11488,398,1262,1911
478780,69506,44764,4634,409,287,14294,962,95756,9293,6319,1860,180,6301
87984,3407,12652,839,980,795,7775,886,5279.04,15499,1164,1062,4126,9902
463008,124338,89758,4593,731,870,9204,377,92601.6,3158,2013,545,1931,3132
448469,27843,104381,5176,699,488,22352,1078,89693.8,13412,11916,741,180,211
306195,9046,65671,4425,836,267,20867,207,61239,7221,14992,1706,1719,1333
321955,89336,15773,3013,849,632,23613,131,64391,2357,10450,250,1469,747
40447,4760,9292,5628,888,622,5462,1389,2426.82,10333,12403,65,3129,9235
138046,31389,26447,5482,919,78,17119,1379,16565.52,11986,1484,1452,652,5391
225002,30346,4033,1380,858,859,8133,1819,45000.4,4218,6861,1376,1340,8073
171326,22748,20497,2155,157,375,24553,177,20559.12,9906,10664,382,3250,5352
356189,102391,79714,3804,712,596,16037,1265,71237.8,12251,5591,1050,2028,8947
126859,25848,28588,3679,522,591,11048,753,15223.08,11270,3007,66,2991,155
198490,53526,6546,1898,371,150,22060,1307,23818.8,8074,14581,701,2119,9359
417688,73143,73932,1928,680,755,16079,1658,83537.6,2885,8799,1855,3959,8263
13471,0,498,3478,499,729,381,436,0,14612,8405,499,1842,3832
248404,33583,43331,2947,908,14,16479,962,49680.8,12156,735,1921,3239,9782
130312,12563,12882,5413,180,100,9103,1817,15637.44,14086,12852,754,668,1471
236876,46060,16945,3672,741,779,29458,678,47375.2,7818,453,1435,2376,8560
149401,33690,21784,1369,507,387,4388,524,17928.12,18202,3091,1653,2704,8049
175937,45697,3314,3076,171,34,11498,70,21112.44,3724,13918,680,95,6515
56850,14925,3960,1492,438,350,4436,53,3411,18555,7278,1393,3283,7849
326364,86787,59870,1113,903,956,8910,12,65272.8,15701,10189,598,755,4509
253306,20108,18595,1452,363,282,23399,1399,50661.2,6676,6078,1632,2715,827
103808,10979,18755,3055,861,636,7374,1594,12456.96,19685,4784,1459,1513,2775
147469,2722,32311,2183,314,735,21439,1283,17696.28,18467,12252,1805,2132,6142
238981,5355,56126,567,289,672,7658,79,47796.2,11363,3383,60,2699,6185
176597,46069,30598,3971,519,524,10620,1976,21191.64,17101,12688,1997,4695,287
63072,2550,2681,3112,469,164,7002,475,3784.32,16126,7669,49,2546,5021
231178,54471,35574,4980,558,427,15265,1083,46235.6,11135,304,1548,998,8511
93820,11141,11961,5580,587,257,6010,1070,5629.2,6828,427,1219,3314,1869
487746,128501,18639,5477,946,933,20065,1868,97549.2,17081,7792,1393,4602,2233
33284,1673,6382,4385,162,804,2809,1513,1997.04,8679,6831,1298,1632,4520
464546,87273,42710,683,650,442,47467,713,92909.2,16663,2229,215,2063,8463
93369,23241,21283,4256,175,625,11411,1796,5602.14,3760,14210,1315,2202,2584
297266,27414,60639,3150,683,119,43573,1059,59453.2,7491,652,1349,859,6999
402493,50818,3159,4825,225,68,32697,1554,80498.6,3982,11319,1803,2211,6139
342697,20895,71192,3711,515,273,15162,1279,68539.4,14089,10097,1864,289,7618
222978,62409,1452,1349,640,559,6035,285,44595.6,8553,1410,524,2880,1367
366932,55324,18706,2133,241,848,22510,1390,73386.4,8864,2154,535,515,4618
72812,1384,9862,1097,990,321,8696,1576,4368.72,2356,13040,173,3189,9887
280143,53555,10219,4767,415,944,6128,943,56028.6,13354,7690,1806,1049,9558
294580,65453,34536,3275,709,361,26841,1819,58916,6951,3610,1453,147,4600
315107,22689,71632,5455,648,569,38746,1822,63021.4,12893,8474,881,2934,4451
143168,27475,11855,1590,319,930,14817,227,17180.16,15709,1032,605,434,4529
254809,8252,62886,2487,495,589,20444,1976,50961.8,4311,10781,607,4812,506
428495,30844,79996,366,906,498,48543,170,85699,12968,346,34,1122,6049
262164,23365,33937,5410,377,203,2984,1520,52432.8,8884,9377,913,2697,6123
381043,6026,21094,5949,848,953,19180,1268,76208.6,13522,2582,1777,775,5149
255317,28523,59776,1692,829,736,5444,1984,51063.4,2364,12122,1742,3140,625
298345,10482,27924,4291,352,774,37699,1416,59669,9562,7136,1685,285,6263
160787,46569,17789,3321,595,505,20310,523,19294.44,14296,2926,792,3678,3964
170381,48888,123,2001,667,614,24340,1750,20445.72,5331,14279,791,60,2424
156150,41432,5909,878,281,108,3808,1675,18738,2112,2470,901,3443,1512
459830,50110,31854,1905,394,264,46487,297,91966,13982,4901,1187,1616,4034
15105,0,3452,4343,240,836,2258,456,906.3,12714,11839,1417,2292,7800
389810,493,69432,5622,972,387,19097,1460,77962,15489,12136,1291,1249,7141
366992,56194,58968,2278,275,415,25826,1369,73398.4,11039,12735,1348,4714,5822
274983,82001,40834,4805,621,900,6118,477,54996.6,17863,12951,403,4046,2690
78920,6999,9373,3180,391,567,5713,1208,4735.2,11861,14959,1060,3260,5897
315763,29550,17111,2970,651,311,28536,1747,63152.6,9684,13779,1519,4554,7010
52821,13833,7039,4016,910,251,6515,271,3169.26,16520,5155,529,4878,7222
135736,2970,24099,5235,536,811,17798,460,16288.32,10151,12479,1134,291,1782
416709,98315,69206,4584,156,583,25567,1122,83341.8,18093,9997,487,3193,7827
27069,5382,1141,4672,237,652,2135,433,1624.14,15003,9073,224,3748,7808
17531,0,2375,2454,747,387,399,1667,1051.86,10772,597,1320,573,553
440267,113855,15029,3104,294,691,12596,626,88053.4,10567,10700,1803,831,6423
148808,17145,31811,2520,600,202,20439,1496,17856.96,17014,13931,1888,4006,8666
148782,35953,15793,4289,480,782,4099,1292,17853.84,14733,1666,1220,4313,7854
77155,16409,8550,1298,859,887,5292,1595,4629.3,15323,640,328,353,5947
417191,67342,48106,1021,313,109,26143,795,83438.2,15508,8094,96,2762,2585
72424,5664,972,1514,806,81,3817,620,4345.44,4613,10243,1471,779,8363
317747,61501,360,1993,491,595,26849,395,63549.4,18868,11943,1181,4095,7554
426468,28900,2632,3694,150,768,6482,1431,85293.6,16671,5286,1517,4423,6109
484013,14126,35958,4325,269,192,55353,859,96802.6,15640,4885,1040,808,8293
142503,5154,15346,3879,728,138,3323,1920,17100.36,8880,1191,1570,4164,649
215675,22208,48322,5456,613,220,7646,929,43135,14964,7814,335,3180,8464
178553,13767,18008,3103,611,188,18987,386,21426.36,3710,11384,423,4650,4998
364717,85579,77656,2530,198,860,11691,533,72943.4,19544,10402,402,2468,5517
150629,1525,30283,5112,968,855,1565,1364,18075.48,8417,10120,1851,3512,1655
478187,16978,50908,758,476,339,41878,1562,95637.4,18212,7224,430,3352,8941
375446,56344,7818,2001,623,477,21003,1940,75089.2,15995,8699,1917,2563,1989
141234,1055,5119,926,517,958,15850,213,16948.08,17821,2896,897,3620,6481
437958,75582,30579,2756,436,421,61965,396,87591.6,18614,343,709,4573,6417
29675,3083,6026,506,173,196,1315,43,1780.5,5186,12010,937,451,5469
83997,15678,12953,3616,872,812,7367,591,5039.82,8853,8721,628,2831,6083
158087,44876,29837,1656,442,585,4119,365,18970.44,4562,10296,1516,2552,8429
453273,107954,975,5068,598,197,47866,1815,90654.6,2111,983,1467,1707,7597
435807,38725,63479,3896,212,323,18038,173,87161.4,15220,9381,1774,1037,4978
496799,136327,16265,2239,717,259,65777,272,99359.8,7907,3432,10,4826,7079
241390,53380,4318,3095,607,198,4332,1796,48278,8252,6650,840,125,8633
150905,42459,35081,4668,679,815,3069,1573,18108.6,5149,3074,538,3609,1609
280040,36163,58649,2973,562,864,41253,1594,56008,15840,11590,1293,3047,3628
436188,33971,107051,1349,738,136,48475,489,87237.6,11954,14382,1634,1456,3813
321877,65149,43069,2891,409,345,13398,1946,64375.4,3720,14991,125,4298,1973
261435,19476,47816,4089,782,499,37073,1205,52287,16815,2251,1747,4701,5695
51800,3044,6664,4304,333,174,787,1640,3108,13635,3763,954,4595,7884
106044,22455,13382,390,197,488,1632,1119,12725.28,2521,9801,121,222,2170
277491,69050,12427,775,296,468,18660,601,55498.2,13164,12302,351,4033,4275
200135,9990,40251,2346,943,315,12697,1094,40027,4423,4800,367,3731,8681
499066,109071,99667,5121,955,819,62402,611,99813.2,7242,385,391,3965,5632
143715,7507,25165,5607,741,379,12745,1334,17245.8,8731,7213,1098,2206,5109
312929,70393,67285,3990,897,853,35369,326,62585.8,19018,13573,449,643,9699
290825,12118,64927,4325,558,928,10023,1706,58165,11364,8233,1028,4351,172
453242,68682,73170,3566,589,441,24961,346,90648.4,15312,11744,1020,2970,4197
376008,91937,76150,4929,607,864,30107,165,75201.6,2366,12302,1181,1726,6087
419108,54176,24866,3045,378,815,56834,879,83821.6,8289,9696,235,4318,4029
319443,91713,10282,384,433,132,34179,751,63888.6,16948,10050,1512,4626,3117
27073,5756,3935,2939,722,980,3350,1239,1624.38,5783,14345,202,4417,5028
374448,4414,36726,5236,881,26,54237,343,74889.6,8026,4065,719,3917,187
40682,1110,3859,376,494,936,4197,60,2440.92,13076,2987,1816,3939,3702
238870,62137,8050,2730,750,256,16773,1964,47774,5988,3255,361,4970,4677
237966,3937,58599,3804,413,562,9417,1209,47593.2,14906,13357,792,4034,1168
396446,36731,24583,2724,889,655,20022,363,79289.2,12708,10801,330,2204,6209
417505,86862,83577,5596,527,866,3792,924,83501,14552,10622,573,3831,9553
125359,8974,29154,2521,252,355,17224,1023,15043.08,13609,9397,320,2302,347
411143,112681,6185,705,749,235,42337,1205,82228.6,3803,10570,1760,4783,3597
451546,114360,86348,2429,172,671,234,1754,90309.2,3234,2165,256,4019,9088
76707,1750,17423,4416,442,988,113,33,4602.42,15304,14180,375,3064,9834
261351,65018,51268,697,416,358,15317,404,52270.2,9250,6529,627,188,366
480670,135099,112692,2100,678,814,3138,1580,96134,19145,3666,1198,450,7334
248511,5745,41644,3773,625,918,17192,896,49702.2,10540,3932,328,1799,1991
245718,61731,36786,2108,600,270,5159,137,49143.6,2895,11506,1306,4937,6473
75428,21448,9989,5289,434,665,7900,1721,4525.68,17943,3275,293,3797,2465
60601,9679,7546,4226,462,548,410,1885,3636.06,17237,3596,402,87,7093
480681,28451,83744,2244,311,509,66,27,96136.2,12143,7565,807,3452,9389
405755,93743,88590,737,739,728,6546,1980,81151,9451,9181,720,1805,9504
121487,5938,24638,5691,271,438,13985,105,14578.44,2330,3125,1675,1469,751
163741,12150,3571,5699,630,641,18637,1821,19648.92,5551,3630,577,417,8762
474184,13406,19576,522,261,587,57684,1819,94836.8,16376,7373,1223,2846,164
423860,19781,62703,1910,388,914,8187,156,84772,16291,2197,1056,474,8093
421961,57417,9680,2260,359,799,22337,1822,84392.2,15911,5981,1531,4140,8211
261924,18325,25706,4904,498,470,12169,1130,52384.8,19306,7127,1164,2204,4550
269153,68684,64527,4300,660,708,10665,1256,53830.6,19902,2215,42,118,5374
300372,73469,70565,2964,151,310,4304,195,60074.4,7113,6507,1684,2972,8294
259430,9436,48436,1365,864,216,34778,1008,51886,5338,2937,722,4717,7932
437737,17669,2774,5595,948,610,34656,1874,87547.4,16934,7937,417,1214,7587
132788,6474,16972,5664,778,311,16752,201,15934.56,16997,910,797,2033,3795
107239,14679,14048,1576,610,796,1762,108,12868.68,17471,4894,1299,3631,2798
36928,770,604,5693,961,229,993,542,2215.68,10097,11842,1105,1419,4001
290466,1843,57602,903,631,620,17571,1761,58093.2,8461,1402,1236,3533,1787
460930,50812,66403,5430,775,339,2,40,92186,10238,11510,1655,4506,6614
360040,16059,27182,488,735,494,49835,1087,72008,15604,14157,931,125,7927
72292,20733,14340,975,390,163,3727,1766,4337.52,9141,3249,774,3582,4670
39055,7102,8787,937,963,115,763,889,2343.3,12623,13152,1220,3400,2839
315035,40768,393,2296,203,70,24841,681,63007,14221,7754,776,1820,392
91912,25395,12056,2144,820,725,2482,811,5514.72,16232,12244,1022,2359,4151
147660,20202,28429,346,616,849,10921,414,17719.2,19139,12090,44,3091,9766
362680,13273,45909,1119,258,52,49876,371,72536,17759,8444,1553,2788,5509
278448,48889,52906,4107,429,596,19224,1674,55689.6,4224,10169,1326,3996,8820
17345,0,3429,3322,814,341,1250,803,1040.7,14380,1510,625,2437,4069
170372,50573,20905,1380,824,934,18807,363,20444.64,8419,1606,1536,4840,6437
427475,73048,89619,3446,206,587,21765,1259,85495,2533,4285,1772,4505,135
101006,28231,20962,1577,989,778,10605,1823,12120.72,16518,4874,1869,4284,2599
491769,103235,57557,4034,986,759,2475,470,98353.8,2863,5656,1351,629,5512
418568,124571,95157,2517,363,331,54279,1895,83713.6,15960,5502,1844,2218,6990
139350,22409,20577,5565,657,985,6049,499,16722,5026,10670,36,686,7901
174437,46194,36728,3186,177,797,9256,1005,20932.44,13475,3721,1043,4581,176
291590,70649,66199,5452,353,78,5997,422,58318,19592,10828,1374,464,8668
274480,2881,47301,5934,694,967,40192,578,54896,15214,14928,1990,4224,3961
334176,45913,47259,1095,458,106,6786,1211,66835.2,19994,1508,185,3806,3717
216487,46324,9265,3628,783,948,23091,1883,43297.4,13434,5482,631,2585,9500
107852,19249,4574,3306,677,81,13413,1816,12942.24,19481,13615,1064,1725,6674
148593,35343,22755,3484,815,201,21722,1563,17831.16,18636,6315,933,4593,6884
212779,62389,31241,2689,492,391,18675,402,42555.8,13144,2553,299,261,6554
164553,12714,22676,4443,367,229,11084,493,19746.36,2433,12261,376,1784,3786
290618,8656,24737,4158,766,738,21418,1746,58123.6,11414,9686,234,3181,8200
187832,5741,23390,5817,738,19,20782,1257,22539.84,2083,1764,1934,4413,3535
327862,16661,52330,1518,236,779,4465,491,65572.4,7776,608,880,3649,1650
316773,28690,71082,2060,180,322,4946,924,63354.6,5045,1298,894,4634,5777
55232,65,4490,1024,249,467,8238,945,3313.92,9628,9900,1442,4928,8951
358688,102566,21280,1644,816,689,3661,530,71737.6,6015,5632,1104,3153,9612
470385,71240,98489,437,953,893,68100,1335,94077,4558,311,26,609,70
269013,77711,21037,4750,464,651,4927,1937,53802.6,12497,1471,1044,2772,968
322813,57141,40576,5489,644,309,43626,940,64562.6,4276,6138,295,4672,6937
219093,39023,28564,5206,767,471,17139,112,43818.6,6393,3083,757,1695,6293
341328,40209,28087,3854,620,591,48063,1524,68265.6,18888,7235,1579,362,8172
189017,28054,44288,3059,891,891,1452,343,22682.04,11976,7101,876,4257,591
23140,3444,3348,358,664,693,2083,357,1388.4,8583,12978,857,3502,7651
398612,86612,87829,1070,883,73,17288,125,79722.4,11800,14081,1195,2829,1496
93457,14986,10677,688,782,658,2454,1743,5607.42,19324,1875,772,1540,795
24357,5158,4611,4224,821,744,3487,81,1461.42,6257,6823,1888,1571,8732
121672,14440,13888,3722,932,653,4060,251,14600.64,6702,524,379,4733,4766
340817,7960,46002,4734,480,435,22188,1576,68163.4,6953,11825,944,245,2072
131673,22462,1225,5152,343,461,14747,381,15800.76,3912,4273,1732,2911,9971
75633,17821,5774,895,879,149,8970,1804,4537.98,18356,4026,731,1288,7860
218015,57772,13043,735,340,643,18174,1987,43603,11963,6828,1172,162,7057
106111,27258,16163,1773,401,750,14226,716,12733.32,14307,14956,519,920,5448
350402,92889,68380,4772,887,883,13119,1122,70080.4,2401,1632,1857,1581,7246
416140,88952,72883,2282,150,314,23872,451,83228,15755,6155,886,892,5980
79286,22115,19117,2738,608,673,7736,594,4757.16,11752,5727,1188,1128,5686
103269,19762,20804,3168,794,831,1601,23,12392.28,17643,13291,909,60,939
268635,46433,36764,4509,239,249,29315,1440,53727,11705,11201,417,1873,1033
84071,24968,9690,4117,667,639,3843,352,5044.26,5347,14665,372,3895,2047
460542,79364,67224,1073,632,273,48512,72,92108.4,19733,10218,1131,2242,2742
231095,40644,47055,2226,905,481,3675,694,46219,16884,9540,1016,3526,777
40651,8533,2447,2519,794,81,3857,514,2439.06,4230,12331,1339,3894,3941
80202,14588,17251,317,265,231,1005,770,4812.12,3791,8143,1468,1671,9107
58777,16648,12504,4630,222,30,231,1053,3526.62,6119,3984,1453,953,4158
158066,12380,27584,5729,305,745,11845,657,18967.92,17954,4579,484,4639,2552
339407,42645,44484,4266,872,83,22960,1473,67881.4,12475,14723,1684,2372,5378
200706,17818,48531,1992,218,995,16374,1503,40141.2,11992,6781,218,1910,2051
110158,30857,6084,3070,620,41,16230,938,13218.96,18115,6213,1521,3334,4336
282944,21711,13219,4676,641,713,18517,1480,56588.8,14664,1071,248,787,2344
309967,5097,48865,5226,449,250,28412,833,61993.4,6044,8435,273,2877,5630
249647,28393,54457,3567,293,509,18074,1747,49929.4,9474,11985,367,603,1189
336022,22076,36817,1438,860,386,17607,1050,67204.4,3341,13516,828,4549,4618
290852,84274,68993,1995,355,596,37738,1379,58170.4,13508,13356,196,2597,2802
153891,29317,27855,1886,862,995,18587,1640,18466.92,10322,6719,1697,4712,6559
215977,39229,52380,4813,900,694,15092,621,43195.4,15231,10614,1873,3458,5713
73870,7044,17632,2631,556,265,9089,18,4432.2,7544,13670,1973,4624,2869
19283,0,1167,4980,729,582,2579,527,1156.98,17702,14564,1529,1696,7293
171645,13751,36258,5747,832,21,7882,793,20597.4,6314,10826,610,4617,3794
350851,29882,81006,5760,446,406,26445,1293,70170.2,11800,7521,601,2774,3791
434149,54078,48957,2969,731,75,41111,1582,86829.8,10388,4902,668,2217,3458
15774,0,874,2568,948,486,1351,1169,946.44,7980,201,1960,3703,6028
213127,42072,18281,2356,678,780,16555,1691,42625.4,6713,14870,1883,365,3127
152055,43194,11728,5227,286,679,5524,1902,18246.6,12935,10900,709,3759,5616
106468,11058,18563,2722,368,890,1429,1938,12776.16,15131,14591,89,3569,8956
368478,87985,45680,4929,972,908,21241,541,73695.6,15389,7091,1337,4530,6820
290277,44028,38723,3786,667,864,22201,616,58055.4,15966,4693,721,1389,3677
418155,51331,10162,5518,859,350,19817,1172,83631,3394,11795,1949,4319,2423
10781,0,600,3049,597,239,1151,1940,0,3835,14038,672,3504,5491
124586,33402,2720,4341,281,50,10090,1583,14950.32,12754,796,958,1900,8099
459916,118319,108877,3124,512,959,32266,1206,91983.2,10238,7235,1119,3672,6725
299768,32543,51095,1705,493,475,17743,1693,59953.6,9947,6717,1009,868,5407
16823,0,3146,2186,845,594,1777,1065,1009.38,19435,1989,1753,3726,7463
28489,4677,5912,3287,167,980,692,164,1709.34,7296,4004,1749,4623,5535
181033,51370,11675,3875,565,863,7432,808,21723.96,16422,10176,289,4304,5866
301262,34157,20080,4842,874,601,30914,1709,60252.4,10878,11461,1142,1050,2520
110417,11322,14371,3027,709,893,14069,863,13250.04,11802,7412,1654,4654,1880
91816,4276,19209,5020,690,524,99,1117,5508.96,4909,4266,48,2472,5429
163335,12306,13936,2163,302,156,13875,1237,19600.2,2757,5110,523,2408,2744
285709,34017,10019,2653,481,198,19826,1211,57141.8,10245,5851,253,1674,4743
161426,27742,1746,3196,899,430,19433,1111,19371.12,12322,2371,149,4186,4777
184023,31600,22768,5127,468,665,13196,1481,22082.76,16879,13145,1492,2229,1762
363323,64808,73861,2801,926,709,26496,1495,72664.6,8528,12717,1687,2566,9541
33648,5712,4486,1237,348,735,427,1792,2018.88,12127,13846,311,3611,5866
453945,129198,82021,2380,675,995,11159,1783,90789,8666,4868,664,3037,9155
51971,1245,3723,2055,937,117,3204,1077,3118.26,8366,12487,1473,950,427
28658,8245,2728,5920,159,662,255,371,1719.48,12080,14656,1664,3747,30
31253,442,2545,3690,288,755,1473,1826,1875.18,10099,7623,201,2674,9556
467382,105280,55998,1516,316,74,35775,1679,93476.4,19987,6035,1397,702,8663
189635,37443,44001,1503,296,951,13966,1540,22756.2,8967,13993,1697,1289,9846
167462,11803,32280,2190,552,724,24330,1950,20095.44,13873,8908,1412,3966,3913
360808,40721,26576,3331,906,786,53654,364,72161.6,8910,513,784,4849,390
192650,37145,42528,5937,594,865,13696,1060,23118,15469,1560,640,938,2457
220097,10599,15702,690,219,366,26865,118,44019.4,6364,2324,461,1690,5275
113850,7058,21320,2811,477,755,12402,408,13662,19291,1027,404,1301,7553
435874,82742,83973,3277,982,177,37880,362,87174.8,5451,1876,1029,2667,4347
147924,11894,193,4046,765,107,18115,1392,17750.88,11247,10539,842,2503,9293
236058,2939,25317,398,378,802,1580,957,47211.6,4140,4591,38,3545,4750
143623,22149,28482,2495,977,688,3226,1176,17234.76,17869,3978,954,3252,469
344091,66567,84879,4965,799,478,26572,322,68818.2,13041,12155,659,1930,7327
71001,10208,11612,5122,468,685,4590,757,4260.06,18978,11721,851,1278,5081
190231,562,19307,1301,185,92,18236,1317,22827.72,9947,1660,1748,3420,5055
132775,20951,19623,1870,779,965,16465,1503,15933,19923,2954,1983,356,9527
454923,46766,20249,4698,404,99,53002,943,90984.6,10345,5970,1653,122,1111
43243,7862,8229,3929,462,180,3012,1747,2594.58,9871,10962,1175,313,5284
162872,28351,26274,1363,484,670,19100,1501,19544.64,2417,9169,1064,2318,1405
348083,84216,72131,938,169,95,23576,447,69616.6,6348,1763,1142,2749,1345
329972,49386,38377,3042,447,231,5301,1153,65994.4,17648,5438,1625,2104,3270
271716,9308,52365,1442,170,250,25773,703,54343.2,8911,8786,322,639,8199
410455,59252,34551,2420,627,851,56104,708,82091,12398,9912,805,3150,7363
278854,75145,42926,851,917,917,35880,1791,55770.8,5863,1472,1256,3577,3130
424600,95031,90214,3575,909,578,39356,978,84920,6530,5326,1061,1440,4589
424254,83211,87750,1276,621,903,60260,1683,84850.8,5425,5732,1307,557,5109
181918,28064,38599,4491,827,748,23946,341,21830.16,3005,5256,1274,4093,2185
229055,53879,32809,3650,619,18,24491,1290,45811,11223,9046,777,865,4623
471037,126534,109490,3514,498,286,57904,1910,94207.4,8250,11982,1175,84,513
310135,8720,22593,3847,916,799,5381,1361,62027,4979,1675,1853,518,5743
220129,42940,28864,3231,739,206,17328,474,44025.8,13868,11006,1639,2539,318
410187,79993,59893,4369,941,310,24469,1438,82037.4,15026,6218,1715,3356,4644
432355,68475,42636,5587,943,102,8770,290,86471,2439,7387,367,4934,8380
357589,47113,69225,4285,535,158,9106,171,71517.8,5209,2115,1094,2893,6931
218139,48926,40363,4441,695,706,14006,1462,43627.8,17717,8394,1238,4445,9531
90257,5435,14687,645,595,562,8353,300,5415.42,15129,612,214,4577,7956
487958,136464,85917,5242,248,377,54888,148,97591.6,19278,4315,919,3382,8541
309855,25905,1120,3242,804,223,774,1971,61971,19034,4291,1886,1403,3480
16530,0,107,1376,204,713,56,659,991.8,11283,12241,881,4577,4142
283260,30653,43638,1471,152,91,23055,1288,56652,14433,4740,251,2643,1872
75794,19184,6294,4070,481,666,7226,1118,4547.64,14671,14762,1073,526,3623
403498,14799,5193,5952,584,175,25765,1928,80699.6,12707,1569,1774,3762,6578
220545,60103,23608,3461,635,109,32648,697,44109,17870,12325,1754,4676,978
142970,15052,15213,532,368,999,20428,966,17156.4,6985,10145,1957,3756,3220
14135,0,334,4098,360,810,545,416,0,4562,7020,836,4766,8454
409845,89303,79766,4446,966,734,30765,256,81969,5783,3611,1937,3893,4801
381616,112719,83959,5060,645,178,52132,1746,76323.2,12989,5370,1991,4245,4347
397291,20234,17187,4207,810,737,37674,514,79458.2,18438,10812,354,1263,7099
488336,21381,10040,3999,381,452,61486,678,97667.2,11285,11121,688,4287,6293
260870,17274,766,750,749,74,6395,1931,52174,12104,13456,1040,827,5553
99087,13858,13696,1662,872,582,14501,1373,5945.22,19901,8744,971,283,1274
206103,22304,3527,650,884,839,26991,911,41220.6,15599,8869,1398,3988,8244
305524,83108,18757,2996,957,720,45043,204,61104.8,6869,2491,1254,3402,8175
402095,103948,25412,1608,297,491,3388,689,80419,7007,5876,1621,4329,2056
289215,49892,14312,4304,356,945,10821,343,57843,15296,5022,1909,332,6995
30074,1369,5735,3225,509,956,571,464,1804.44,13201,12331,1844,4138,3569
231796,17920,11804,4978,568,102,18124,1562,46359.2,4265,12895,1925,1434,830
77843,16702,13777,544,888,40,3927,28,4670.58,10915,7782,861,790,4303
49901,10456,10983,4945,566,434,347,1662,2994.06,18084,7390,1729,4850,7513
283349,1894,29999,5123,845,333,17228,1399,56669.8,15969,2300,644,2144,2637
458877,30985,96093,5034,702,279,19049,104,91775.4,6359,5361,897,4468,854
396805,28287,39758,4979,331,541,4592,333,79361,14631,12139,701,4697,9291
278050,73527,3768,2573,705,505,31230,1092,55610,11692,12079,98,2282,9731
405807,15439,1504,740,359,242,52742,106,81161.4,17162,11320,900,3491,5072
397720,94620,67986,3845,998,563,10691,1715,79544,9185,5148,414,2144,4955
72987,9467,11236,1767,399,945,8734,101,4379.22,16202,11617,1104,3365,820
466586,24976,8002,711,661,568,39381,1285,93317.2,17569,1550,1726,4086,6453
352829,104239,75427,1113,745,701,43860,1687,70565.8,10623,14944,222,3855,3878
382598,82643,38787,4641,288,78,50521,551,76519.6,18164,14026,754,2986,7803
377631,67865,13898,4978,380,884,8477,1312,75526.2,6371,572,1353,2299,1395
64400,9327,10472,2030,161,436,8052,136,3864,19829,6898,1355,4136,7669
166222,2770,15264,5377,422,707,3059,489,19946.64,9080,1689,1141,1323,3614
41852,7545,1307,2274,637,460,4221,1712,2511.12,18317,5197,1553,4880,4616
446086,70382,109023,849,239,196,38306,66,89217.2,17082,12029,114,4096,9032
324900,16651,32632,5783,174,30,34493,1174,64980,7267,3067,204,2140,1013
387501,49044,33743,2237,687,843,15410,277,77500.2,13050,3765,440,280,3391
129052,14633,10248,503,814,29,4566,1863,15486.24,5965,9865,711,3589,7307
66481,13628,13002,4746,721,112,9591,211,3988.86,18675,10039,1890,2505,2267
273427,569,43386,4714,209,649,11495,1869,54685.4,11260,1222,374,4583,1167
43691,10748,10620,3888,944,733,2717,1373,2621.46,7602,5423,1341,845,9572
404341,67509,21323,2836,320,985,7826,627,80868.2,16560,10614,766,406,8696
208137,57889,3733,406,737,683,13791,647,41627.4,16233,13448,387,1298,9157
36170,2822,8551,4111,937,389,1329,1170,2170.2,9047,12809,957,486,8439
18438,0,2223,3001,596,666,437,364,1106.28,13336,9483,301,805,2054
292239,33038,16868,4197,869,275,19706,677,58447.8,11109,5844,838,1426,159
157226,7641,34196,2519,816,219,19282,1251,18867.12,13435,11237,916,3178,6064
411220,74466,2080,4236,841,275,26965,1669,82244,9587,10931,827,3456,5429
281896,72216,13776,4390,743,11,16907,1715,56379.2,12975,2579,684,2277,5207
65426,1257,695,1257,159,492,8846,1313,3925.56,17595,14184,1899,3276,3037
249968,73786,55452,2875,392,596,37369,1353,49993.6,15932,14189,78,1400,4009
298963,38138,53812,2667,327,733,19337,862,59792.6,19386,7666,481,2225,8928
364195,63310,63271,1360,947,48,52341,394,72839,18144,7223,661,4193,8537
165289,28757,32969,2846,406,691,18492,554,19834.68,12619,13258,192,336,3328
271501,70394,58542,4036,459,9,33972,802,54300.2,3539,11506,261,2224,755
229780,56151,15628,4066,665,260,22840,1162,45956,10275,14734,1856,4705,4883
305138,49272,8265,1972,364,319,28638,423,61027.6,7492,5963,594,736,6511
156108,6908,24671,701,179,185,21532,1276,18732.96,3597,5411,1919,2795,5131
218347,10844,12460,901,495,228,3334,415,43669.4,10249,689,922,3163,7866
107756,18687,3477,3299,214,903,711,944,12930.72,8827,2791,1929,250,3818
452632,68447,2202,4613,785,669,42694,1530,90526.4,7945,12232,126,2263,469
412803,74527,89410,4581,946,784,15977,345,82560.6,15301,4180,1206,2479,630
105665,11572,14624,3752,302,834,14674,696,12679.8,13003,235,1485,3919,4870
141717,29693,11850,3934,189,20,10328,576,17006.04,8983,1505,673,3788,5845
172002,40004,39085,587,175,15,331,815,20640.24,16853,7572,1576,537,7322
271691,38333,20809,387,422,479,3834,179,54338.2,8229,8029,1183,3206,4364
91835,22915,5350,2505,308,794,8343,1830,5510.1,13411,2898,450,2099,2413
132232,17493,2806,3267,850,626,16177,213,15867.84,11791,3040,1586,4767,185
433306,39697,7163,4550,925,5,8899,437,86661.2,13738,7190,1133,74,835
228561,17634,28832,3834,730,297,24996,1503,45712.2,8810,8564,79,851,4054
455358,125520,185,519,150,911,56809,152,91071.6,13398,10091,1446,3256,3350
253051,24561,40838,1782,228,940,7733,871,50610.2,14551,12777,1248,51,9283
167547,18033,24718,3538,377,258,252,940,20105.64,5939,3689,1540,4721,3499
422104,72887,77081,621,476,39,9190,1436,84420.8,9745,6631,825,1724,8690
53732,5911,7050,3038,707,275,5930,1892,3223.92,10454,3373,1250,1085,5809
222695,25921,25215,5236,769,743,5827,1823,44539,13079,864,1936,4853,4160
318449,19340,28325,5981,650,518,19939,1146,63689.8,10645,2698,406,2773,9161
187109,14901,18458,2136,624,826,8484,605,22453.08,11446,10427,473,982,3959
19346,0,3968,2859,504,906,1240,1915,1160.76,5671,12418,1197,2379,8606
272731,38596,32969,1868,273,604,27357,1914,54546.2,13379,320,1647,2206,3951
22763,4994,3092,2622,809,510,2063,1617,1365.78,14837,1280,390,4382,2706
200237,44324,38478,5020,573,307,16420,1643,40047.4,18582,12594,1128,4619,4343
248553,32642,52317,3263,401,898,1444,751,49710.6,7897,2486,61,1001,7990
341759,25378,27655,652,663,532,22406,1602,68351.8,17005,1636,6,3062,2787
439332,50867,94679,1328,883,948,53543,1803,87866.4,5814,8412,526,2360,5405
130987,8150,15698,5753,850,479,7793,953,15718.44,9450,14096,124,26,1501
226823,42875,34870,4870,656,413,6677,1266,45364.6,18669,9244,1949,3982,3386
101353,19867,9102,2309,635,998,7466,787,12162.36,3151,3804,1555,1501,4390
231373,64377,1571,1227,627,522,25498,1329,46274.6,11422,7310,1986,2886,8728
367792,54691,21553,329,732,464,13268,1159,73558.4,18641,11382,853,1389,812
35556,6048,2159,2840,482,408,2442,1182,2133.36,19159,14429,1391,2385,5639
331186,93337,79570,4119,758,49,6420,151,66237.2,14847,7665,309,4503,3935
28099,1151,2544,794,381,984,1662,893,1685.94,2700,6354,1457,4063,3691
381233,5492,66865,4783,691,776,998,908,76246.6,6236,11454,1862,1099,4294
186168,31357,41420,1172,179,44,4302,455,22340.16,2977,3841,606,4170,7610
213058,6302,25382,1134,876,796,28522,1577,42611.6,8036,6697,432,4354,4693
154302,32314,3699,3624,322,829,7830,333,18516.24,7761,10389,1784,4452,4828
432225,48697,38795,929,941,270,47666,462,86445,3875,4023,817,1538,7169
212041,4747,51425,3286,617,274,18908,1492,42408.2,13926,14320,258,3487,7408
43866,10415,8250,329,625,910,5862,1870,2631.96,2212,14621,1909,3125,2958
115400,10686,10667,4082,872,422,6735,1049,13848,19181,2144,1642,1445,8181
356390,37449,23459,1106,466,34,32898,1189,71278,17221,13143,447,3511,2905
349119,61606,49649,5706,546,503,45191,1389,69823.8,2037,1417,246,4928,9354
445071,18891,72495,2268,274,487,43177,805,89014.2,13155,7219,557,4836,3571
353701,52115,46384,3768,229,652,52168,438,70740.2,17411,1209,1872,1576,7235
147488,36196,6210,3880,845,143,1186,96,17698.56,15138,14349,882,3643,2351
82516,7494,12517,2260,676,834,4294,393,4950.96,12152,11113,1941,954,3926
196987,36723,12620,4639,672,756,8135,1490,23638.44,9376,6645,1459,4553,8508
421274,29877,36744,520,545,862,53986,266,84254.8,6156,13559,1060,182,582
479853,14026,88340,5575,238,822,23599,1922,95970.6,6353,13804,1660,2306,2081
443934,20422,30568,5802,152,192,24373,1146,88786.8,18518,5341,1083,4079,7420
304746,9244,17991,1643,685,546,11004,1558,60949.2,16395,8215,1986,269,5999
477874,33481,8912,4926,750,783,42477,829,95574.8,12428,2894,431,4908,6613
481328,89180,32527,2562,670,896,49157,1221,96265.6,4383,14710,413,620,9609
199139,43848,30863,2714,707,177,17094,1064,23896.68,17386,14392,1239,2398,489
168588,8521,33458,2461,755,781,24587,120,20230.56,5072,6329,1632,1762,6370
139295,1746,20407,4420,220,317,2150,424,16715.4,10277,12217,810,2549,2778
97969,17591,23631,3281,849,390,6842,1884,5878.14,8715,8408,137,837,4550
142161,26718,12344,5540,288,150,14144,3,17059.32,12036,4042,1350,3565,8596
440562,68232,101741,1157,159,610,61528,1278,88112.4,7667,2643,975,1780,1914
215735,12012,2355,5422,664,446,31435,642,43147,17767,13197,1887,179,995
151559,14688,30893,5293,680,540,21334,1022,18187.08,13042,3347,1025,1557,591
272299,23457,54733,1072,279,149,7892,1491,54459.8,9568,8594,1607,4353,6373
133950,5036,749,2792,550,207,5553,818,16074,7586,8624,1998,4635,4374
339638,29960,45733,319,370,348,19988,182,67927.6,7720,9178,1519,2295,4011
86229,3718,19948,5623,791,261,10839,1130,5173.74,19466,13507,834,1476,9060
114648,22159,12847,1105,586,721,7154,498,13757.76,7692,13158,1491,464,748
48547,7910,5758,1680,549,412,7139,1470,2912.82,10597,13626,1249,1098,1164
38795,2693,1704,2475,262,88,3982,1200,2327.7,4534,13257,1262,101,5859
196368,49777,44405,2705,799,748,177,71,23564.16,12993,1972,173,510,5450
31447,3708,6074,3663,601,759,2610,69,1886.82,6551,295,1396,3630,3517
177670,23243,24403,3726,704,257,4513,580,21320.4,18605,13127,1192,1571,6588
445030,58105,103578,1180,367,491,7774,1799,89006,9769,8665,1027,2170,459
231823,30505,52383,3408,207,703,16625,122,46364.6,11742,8139,598,4525,9129
266190,73228,39177,1633,262,607,28575,391,53238,3955,4189,1415,1144,6434
216402,28555,51367,1984,849,547,9571,1250,43280.4,10044,9791,1545,461,6822
262419,71934,39056,3264,271,95,9788,914,52483.8,13448,13845,511,3738,4314
239817,17939,22713,1905,557,403,13749,367,47963.4,2715,10412,1136,2636,779
360104,11825,66421,5503,609,438,46521,457,72020.8,3064,14884,1125,4823,256
335422,90787,33632,2857,234,36,10196,182,67084.4,17018,11962,516,4704,1228
65077,4187,6917,743,767,745,7395,1250,3904.62,6875,13289,73,2928,4081
122782,24151,11686,2342,549,613,1300,1992,14733.84,10899,10615,601,198,6439
112932,36,3054,5624,505,480,7923,1095,13551.84,13748,8077,1136,3441,645
475122,93948,8977,5907,248,179,54069,511,95024.4,15541,14898,1103,20,4526
412744,83707,90568,1078,670,324,39441,1031,82548.8,7727,2143,1656,159,5809
497028,39051,48967,3459,667,581,30591,1976,99405.6,17222,2292,442,2369,3051
453316,80738,74072,2046,257,405,59132,1095,90663.2,9041,5698,441,299,7431
382013,73596,15070,5450,301,468,37055,723,76402.6,10237,2084,406,4728,612
411395,60071,82473,4240,999,978,14384,1798,82279,11352,5201,316,3544,6657
320925,73601,21500,720,898,618,39005,45,64185,11863,4725,912,2752,6897
196339,29873,40451,2151,176,270,21410,1173,23560.68,3894,9067,1307,2506,4355
485595,71468,115475,2408,268,353,26348,592,97119,19550,1833,145,1359,1684
427168,26470,10011,4974,872,558,36573,939,85433.6,19833,9722,819,2774,6964
325942,65129,48039,5645,249,966,2214,772,65188.4,4397,11367,569,4750,9753
108696,8328,8896,4296,152,464,15853,481,13043.52,14181,14951,680,2714,7069
60939,6333,13415,1658,955,619,8121,1432,3656.34,10469,1466,1738,2063,6816
301660,46638,39958,4210,991,363,24632,1198,60332,16020,14166,1761,2349,1995
197598,11268,41912,2926,478,68,22533,1450,23711.76,14228,336,493,1504,2565
151521,5067,814,2987,678,307,16621,654,18182.52,3473,5377,590,1382,595
60290,15616,9740,4506,255,422,732,1727,3617.4,2477,9323,768,1735,285
398832,110379,24719,790,379,513,47693,1694,79766.4,15887,2141,352,3648,106
358805,17045,20150,1595,453,218,22547,236,71761,9820,7124,1096,2066,3079
345098,40741,70494,2381,326,44,20273,1618,69019.6,18893,8560,1643,2649,1386
294890,88306,3825,3671,233,919,35592,1835,58978,13162,8853,656,1572,9887
77990,10002,17600,5792,412,232,1227,990,4679.4,7934,4705,462,1462,9519
68810,7887,14800,2472,345,700,6519,686,4128.6,13540,8255,1283,4226,3011
128362,33182,9999,3474,398,366,2454,1163,15403.44,12190,7751,1124,2135,9474
486513,24918,86390,4364,531,859,29487,63,97302.6,11592,11908,301,4437,4907
156295,35497,27315,4053,607,121,22607,278,18755.4,3061,8947,837,4134,6371
475453,93562,105076,5289,810,494,45265,49,95090.6,6646,6816,1541,4886,8495
143669,11929,9481,4129,867,576,17151,214,17240.28,6771,8989,338,3745,3846
206749,47756,48505,2249,558,948,11575,1660,41349.8,2355,11237,406,944,3081
274803,61762,57899,3680,230,883,40936,35,54960.6,5008,6932,1629,3376,7648
96516,2169,17246,5989,850,148,2424,1674,5790.96,18673,1465,119,393,5453
84567,13563,10677,711,561,760,6183,1621,5074.02,9940,12711,1408,351,4351
287181,28546,29552,1722,355,894,16469,430,57436.2,16398,4204,1532,983,5265
136498,12888,22322,3281,969,475,17962,504,16379.76,11707,9217,712,3906,32
187810,37338,2355,1976,930,578,22763,1591,22537.2,12409,10266,700,3531,7669
474894,82494,74693,5582,951,349,11678,248,94978.8,2012,10090,1941,38,7718
22109,4442,2395,1946,537,896,1605,733,1326.54,2388,14657,1216,2985,4607
294154,84787,33292,3011,961,570,20098,1860,58830.8,12975,1731,890,1123,6327
280931,46566,66097,4259,916,114,15002,804,56186.2,5677,3960,1848,1498,6577
249472,28013,8167,5484,548,627,28389,467,49894.4,16000,6018,419,512,411
149544,21876,16184,1539,157,236,15588,760,17945.28,5419,443,1048,3757,2113
256183,28084,24497,902,775,46,18792,509,51236.6,12596,2468,1551,4771,3943
164455,42319,23800,2237,666,620,15203,1417,19734.6,14920,7502,921,2015,9630
333853,21143,61046,325,599,273,29421,1463,66770.6,5240,234,731,1566,6517
473001,91627,102968,4979,625,112,6971,725,94600.2,5755,9582,516,621,4447
254325,14179,1205,1367,491,544,19235,809,50865,4204,7629,1903,4793,8970
44518,39,2238,5509,222,398,1397,1181,2671.08,3347,5653,1173,3459,7672
63909,10222,1160,5552,270,791,4156,1117,3834.54,15521,11171,781,1076,8878
290495,59965,12987,5580,451,291,1530,1813,58099,18152,13576,456,1638,8127
210696,54525,5239,679,383,315,774,1509,42139.2,11411,5429,1485,4280,59
456546,64068,44785,1584,215,161,51613,1462,91309.2,13962,13340,591,4296,6263
25282,7565,71,5802,379,89,115,165,1516.92,2497,10850,638,2295,6050
488082,16116,82674,4764,692,50,72878,1079,97616.4,9824,9373,989,1457,4560
249017,51052,56450,3482,968,423,30119,1478,49803.4,8260,1618,735,4915,9779
424994,51369,88520,4047,958,405,21631,1393,84998.8,2914,208,837,912,816
427480,48817,28428,5496,200,143,56808,1401,85496,15724,5201,1808,3717,1386
462891,103100,9096,2556,808,615,51897,1955,92578.2,6963,3453,1280,2500,5879
277219,74311,47582,5432,756,681,19231,845,55443.8,7659,3314,145,1529,8357
479164,29655,24536,5989,478,527,66162,1418,95832.8,14039,3903,1610,2428,452
189526,47632,46059,4227,536,132,21969,1414,22743.12,8876,312,1034,1883,1870
38365,10457,2621,4420,187,498,5432,1375,2301.9,14809,9333,603,3004,9789
475982,18895,101494,845,859,389,45578,1105,95196.4,15315,1542,779,880,671
451416,23086,69484,5559,902,169,23975,1011,90283.2,12420,1656,161,316,4193
283146,82027,1287,574,322,983,26798,545,56629.2,4533,965,591,4754,4121
286091,27207,54510,3741,642,541,27521,62,57218.2,3222,4526,1013,2989,3442
220294,20897,23902,2569,917,996,14259,1537,44058.8,9263,7334,1737,671,2446
366984,63083,56188,3408,604,159,10613,701,73396.8,10062,13991,761,3923,9032
126219,29492,14590,3222,190,948,5867,1926,15146.28,13824,7302,756,4669,4961
350754,66957,21164,5548,278,658,29114,554,70150.8,18472,11599,1901,3381,7956
324286,78506,1772,3687,203,818,23589,606,64857.2,9685,12999,1277,4887,8061
66307,7283,6200,5742,235,748,6007,1809,3978.42,9066,879,614,4625,4823
145565,28488,15762,5852,873,411,9211,147,17467.8,16363,7299,903,752,179
265095,255,7213,2170,418,686,32506,1542,53019,16890,14202,1241,1631,2063
322229,76555,14941,4313,445,583,2006,1749,64445.8,14386,14412,1001,2607,8162
44228,9029,2416,5667,170,383,2893,307,2653.68,10846,10854,1833,559,7321
220748,19346,15964,410,364,874,9033,1528,44149.6,10644,6222,745,1263,5611
455091,35050,26855,2055,574,638,62074,1828,91018.2,2291,8133,141,2269,8503
434871,8744,58769,5103,338,896,34971,97,86974.2,15920,5236,946,4837,7296
53472,8372,7051,1667,310,707,6872,1325,3208.32,16306,2294,392,1690,6995
321581,61596,1046,1828,862,184,31904,1894,64316.2,5613,7509,240,3645,4277
452632,119640,14909,851,690,661,55935,1065,90526.4,14070,14304,82,2428,4845
331855,55032,79114,433,530,213,28475,315,66371,16509,9500,1377,357,5011
147888,42687,23368,3211,393,93,3197,753,17746.56,19593,2678,878,1357,806
87175,13335,18549,2313,332,569,9901,1407,5230.5,10442,2340,1445,832,6403
74307,21976,5719,3562,693,218,5666,1127,4458.42,4668,3701,127,0,4005
318877,62863,15624,5582,928,218,23790,1782,63775.4,19847,11892,1948,2599,6317
400346,591,10352,5480,697,12,42024,1359,80069.2,5284,8550,796,583,5405
105028,6277,15003,5424,242,422,12473,589,12603.36,10535,5883,1051,144,2979
152312,2260,9223,1360,517,794,18892,1659,18277.44,18053,9286,1775,3072,2837
102493,11139,19672,2807,308,422,1718,1055,12299.16,5925,10187,1264,2764,5009
135149,347,12718,2322,547,485,11524,933,16217.88,9146,4413,1367,925,6020
239416,24741,1315,2486,329,376,15765,678,47883.2,12585,14512,1115,4930,2859
212435,54184,50044,2965,587,967,2593,1305,42487,7613,7925,105,3574,477
173834,37211,21553,3470,522,651,17856,1053,20860.08,16871,4452,1771,3874,8102
280403,41542,31419,3027,455,407,33466,1789,56080.6,6962,3704,1145,2871,9549
191211,6869,13767,3635,528,785,7568,680,22945.32,9801,7560,1099,2429,7956
400919,93618,72002,2946,367,118,55602,870,80183.8,18469,12071,338,3303,5578
286993,64732,31028,895,478,270,24712,392,57398.6,19424,456,261,1580,7967
353912,94515,47953,4406,492,955,1225,1055,70782.4,4291,2059,769,288,9538
378252,19422,57965,2674,888,911,13180,695,75650.4,12173,2246,564,919,9861
361853,35613,69776,3721,873,96,35470,1588,72370.6,15067,10907,255,952,3449
327013,57016,31459,2578,312,841,34972,1926,65402.6,3932,2946,881,862,475
399032,60110,90932,1464,307,46,52478,971,79806.4,8149,7599,358,4892,5342
73095,12386,16795,917,259,663,2228,918,4385.7,13202,3013,1310,3804,2838
127886,34033,24689,5160,716,172,10648,848,15346.32,18764,8812,36,4067,1893
343054,45213,80446,4444,499,786,4948,947,68610.8,2778,4673,695,822,7653
489926,12938,67982,750,875,346,31696,1172,97985.2,5455,3963,1653,861,7028
295711,76695,3346,2098,514,236,20186,1099,59142.2,2123,13759,1500,2197,9797
45292,2274,85,4886,164,936,3099,981,2717.52,3083,14910,679,616,2105
84813,18854,7749,2192,302,542,11926,406,5088.78,15995,12309,1675,2443,4641
107136,31815,4142,5828,681,212,13158,1604,12856.32,6707,8125,760,4312,6652
61631,10482,14187,2754,549,271,1538,273,3697.86,18377,12999,566,3975,2533
19885,0,1572,5470,201,406,1568,740,1193.1,3806,2889,1760,480,512
462875,20044,87754,2522,618,77,60614,548,92575,15014,1244,1720,167,5351
195378,33836,31873,4108,470,790,20548,1670,23445.36,7670,5092,366,2623,8386
338458,21975,48575,1584,745,552,41561,60,67691.6,9666,9491,684,1726,4734
337231,14706,45039,2827,516,145,43024,1154,67446.2,5669,13849,24,2284,5840
432381,5974,49955,2057,987,931,31568,512,86476.2,14494,14957,681,1033,5846
462145,76464,80260,522,635,11,6978,1083,92429,16235,8368,1169,3192,4536
470244,21213,55871,4664,885,759,12098,901,94048.8,13519,8039,669,3014,9665
368142,1950,60678,1200,790,228,33313,379,73628.4,9186,6000,785,3244,758
59812,10411,6085,5314,165,842,5932,1862,3588.72,12193,9181,1670,2900,8753
191572,21695,31351,2665,560,964,6203,346,22988.64,2713,8875,1614,1608,535
482367,62744,60693,4780,423,690,41143,1465,96473.4,11073,14961,1309,3795,4161
330787,17771,31433,1909,738,340,17772,1566,66157.4,12839,14675,1412,12,9611
54900,4274,9261,5021,961,671,7165,1799,3294,10434,11776,196,3698,7145
446162,35053,79015,3590,455,732,59285,1997,89232.4,19380,12956,416,4823,5836
411067,117894,15804,1523,241,838,14240,1910,82213.4,2970,10959,5,2717,4617
288432,52076,45101,2207,607,163,17841,398,57686.4,3540,11619,1327,3697,2581
82692,7045,12827,1662,419,679,11462,6,4961.52,2650,7168,871,565,2412
470796,57623,107904,3051,201,381,19184,1414,94159.2,8246,1404,387,2872,4181
410584,29714,44700,4269,270,730,36071,928,82116.8,7978,8343,1676,4788,6147
357580,34386,77576,1568,199,581,26029,1960,71516,11461,12691,1010,3594,8769
237208,8562,19477,5237,624,421,23670,1976,47441.6,4195,5048,1641,4577,2389
56403,12026,4798,1531,641,437,6473,1158,3384.18,13249,7896,793,1625,8985
101170,7843,24527,4368,934,771,3286,954,12140.4,11391,13788,1968,2134,4629
281312,31589,12473,2047,529,941,7489,1043,56262.4,2768,8954,1555,3497,1597
489713,108199,82245,2858,781,62,15767,326,97942.6,6514,7246,671,4782,3858
322023,26844,61836,5678,536,994,1711,1457,64404.6,3945,4228,1247,1079,1704
69871,11966,9696,1037,756,969,5496,653,4192.26,17527,3243,625,2848,21
492604,54708,13714,4736,810,245,25356,1397,98520.8,10419,11451,1508,2776,2836
42174,5289,1440,3279,438,997,1028,142,2530.44,15348,12029,1643,609,9304
240823,51574,31945,2251,918,49,35018,1745,48164.6,11542,12912,249,3942,21
233563,18812,21568,2081,603,797,4383,393,46712.6,6273,2051,1984,1348,1928
147653,35801,9147,829,520,233,7451,482,17718.36,17541,9971,984,2924,7838
120155,23092,16267,4429,333,968,9260,986,14418.6,14909,1556,1496,2363,9728
343997,25105,41514,4718,921,527,24859,1660,68799.4,12087,8112,692,2010,4586
336190,79830,5136,1504,811,947,37445,490,67238,17468,14194,64,2980,5665
321822,69157,31516,2286,354,515,36256,1344,64364.4,17268,11372,1666,1524,6584
298793,32442,63878,646,321,281,28943,950,59758.6,12499,12548,1894,1707,7200
137795,21699,24524,1515,974,668,3212,411,16535.4,18654,4226,1428,2465,5204
98668,17138,13188,5998,371,219,916,353,5920.08,9204,11524,298,348,9845
223397,2347,38587,3068,317,906,25146,431,44679.4,18776,9231,792,550,5786
155639,29486,5560,544,393,347,18478,2,18676.68,18141,1243,1523,3218,7577
483620,47650,111157,3025,367,363,11430,955,96724,16702,5235,1876,1682,6162
362050,17110,36397,3351,205,991,30317,130,72410,6989,12543,1390,28,3768
249141,62170,11657,432,724,919,12759,1098,49828.2,10785,887,962,3777,5107
106019,4923,25347,1670,764,562,4906,1347,12722.28,7197,5649,1511,4697,8417
465160,124926,38082,2396,316,41,38810,1501,93032,17001,9302,732,4588,4701
350146,81147,84376,1387,668,422,41580,1958,70029.2,2559,8595,1954,2927,9357
38803,2815,8662,1947,291,134,4772,1973,2328.18,8002,9855,597,754,4950
159302,9066,11324,2191,274,785,14705,1023,19116.24,6008,5503,150,1249,4464
158934,36047,25247,2020,239,258,6731,159,19072.08,3395,3317,1804,3403,1670
446571,92290,83094,5523,460,190,30726,1807,89314.2,13648,4736,1505,4024,9325
434475,36575,19943,4302,520,255,53945,16,86895,6372,13556,22,4960,217
240147,46733,39460,2560,365,747,11539,1418,48029.4,8765,2801,1086,1800,4873
490661,114427,41986,5936,590,493,58958,355,98132.2,17431,11909,610,4609,1373
40795,607,3233,418,784,787,64,1055,2447.7,16326,2255,1618,276,3117
280914,22553,12631,3203,335,865,3698,888,56182.8,5480,12315,526,1362,3693
21093,5573,1472,3108,302,989,201,482,1265.58,16350,213,1140,4813,3158
449787,131706,26955,1194,910,72,4237,1909,89957.4,10233,14764,1486,2384,4334
403409,95417,47367,1565,775,73,16334,1178,80681.8,14307,993,1267,439,2329
372455,12771,30802,662,245,634,19553,1647,74491,19423,2349,1817,1412,3829
289713,18298,70408,2073,859,581,2864,609,57942.6,2646,12988,1894,3412,1026
283334,79876,43341,613,485,400,39128,772,56666.8,2606,13808,1474,2837,4681
334968,98892,13691,5932,664,78,15326,856,66993.6,12332,12212,504,2746,5148
183824,35999,44250,2006,298,992,15945,1627,22058.88,12129,5348,1360,927,7167
173399,6351,4753,3765,772,247,5412,1681,20807.88,7617,7046,605,300,6286
314214,59648,1833,5482,681,186,9349,1538,62842.8,14184,2004,1596,1362,9497
489141,75783,104232,4667,864,949,51461,795,97828.2,2455,12841,1691,731,6650
50197,11672,8645,5456,551,652,6427,961,3011.82,14639,5277,289,2518,1881
12261,0,2720,2089,843,809,101,801,0,2922,2228,1679,1056,9969
497121,43039,115428,2693,480,555,33144,341,99424.2,6057,13985,1450,4561,533
167584,6683,30441,3910,376,758,8397,405,20110.08,16638,10409,232,2338,8893
409932,54989,40024,3994,953,469,11916,1396,81986.4,18710,4738,650,4397,2302
358939,11244,80598,2580,507,847,15372,1309,71787.8,2122,12790,1687,4580,2664
301077,58595,9635,1289,737,737,43017,559,60215.4,12417,11679,1494,4969,6132
145450,39551,20064,3980,978,578,3663,576,17454,15613,959,1432,675,510
50583,14078,9940,2763,465,455,5286,220,3034.98,10193,4060,228,363,7861
384226,103898,35169,1204,884,275,22678,1980,76845.2,19553,7718,588,4963,7798
357515,28371,78647,3344,185,764,33828,146,71503,12787,1841,1938,2410,8674
170105,3822,29739,3697,658,814,21977,1000,20412.6,15911,7391,1004,646,2186
427216,28878,17793,4297,627,791,21947,1203,85443.2,3065,2012,289,2390,5888
121032,36157,18146,5139,577,178,15701,1533,14523.84,19765,13003,1397,3716,8618
216940,5914,33677,1210,985,913,5124,1320,43388,4618,2016,1857,2019,6561
314748,83700,66296,2907,599,790,41849,1372,62949.6,4096,14543,1223,2975,7302
471552,27180,23022,2045,961,128,19579,490,94310.4,2951,13163,1156,1104,6814
367218,3688,71148,2423,994,378,45458,352,73443.6,9621,2025,1610,4435,6267
236727,9916,36008,4642,239,114,31658,1010,47345.4,19135,3385,321,952,8503
83869,23595,530,2151,690,321,810,80,5032.14,19023,761,1893,1743,5248
277554,27360,9551,4971,325,388,9250,869,55510.8,10118,437,693,2940,1177
355519,37805,28394,4065,569,785,25836,704,71103.8,15795,6178,1789,2782,8177
197116,13453,42987,1915,881,463,27122,433,23653.92,8682,11525,991,2169,3356
204387,61063,48984,2690,797,201,25087,1832,40877.4,3951,9252,1815,4429,1698
368199,22703,68096,3062,836,628,10038,1146,73639.8,14587,13638,587,1006,9252
212416,59021,18561,1505,787,988,4412,1312,42483.2,8019,6033,741,2121,4873
410012,74176,70639,4326,320,546,4398,739,82002.4,18943,7667,335,736,4804
96716,81,24090,5379,543,408,9317,1493,5802.96,17713,2407,178,1320,113
64245,6278,1537,2979,415,617,5431,509,3854.7,10975,5757,1687,4181,5613
53056,6999,9465,2746,653,760,4177,593,3183.36,5771,11864,433,4929,8195
420925,81072,2781,3612,283,151,657,912,84185,8958,5203,872,1727,710
260736,7410,17330,5319,933,652,32820,479,52147.2,14814,2849,437,4870,638
330701,81462,5257,4687,175,404,45400,1619,66140.2,8647,5514,784,2547,6770
289687,48268,58642,2401,426,490,17492,754,57937.4,15495,4913,479,1960,467
440634,31159,54249,3516,249,806,33754,1462,88126.8,10079,5778,467,2170,1883
235683,42039,51663,5775,591,161,22410,726,47136.6,15976,8462,1520,4734,4042
368182,101902,34956,3969,574,146,53888,1197,73636.4,17679,7265,418,4011,6320
419940,47800,104367,3330,179,411,8402,345,83988,14891,11308,541,3613,9927
275972,40761,15615,2824,794,255,33543,954,55194.4,19327,11880,174,4005,2610
126656,29090,881,4417,645,602,9106,1862,15198.72,11283,13939,1321,4262,2078
27087,4183,1847,5711,800,369,182,104,1625.22,13533,5815,277,1682,4266
415821,118368,51127,3607,340,729,23823,1592,83164.2,3743,6375,30,1789,1111
303481,43663,37336,5448,336,650,33273,787,60696.2,5982,8045,50,4526,6834
146554,15367,16314,3042,289,688,3298,1704,17586.48,3680,1435,1700,4133,4549
337477,40412,39931,2261,469,290,26433,1774,67495.4,18475,5142,983,400,8970
495757,118998,43924,5305,898,339,43197,1610,99151.4,6019,662,855,590,2736
491512,136885,22966,4925,518,75,11105,1478,98302.4,7769,13197,1932,3012,2575
192024,36621,44023,3921,446,568,19385,1317,23042.88,11710,6590,600,2801,6876
146535,34269,11320,400,349,539,16148,794,17584.2,10630,4000,635,1514,5288
253236,61748,57841,1613,945,833,1951,392,50647.2,8774,12616,158,3938,2476
80448,8422,2216,3748,528,504,2370,195,4826.88,7316,6029,1123,771,1251
14648,0,988,3544,229,320,2057,421,0,9381,6676,1165,1698,7178
402720,39759,89937,2201,596,968,48068,1500,80544,11322,5394,116,1645,7378
305767,16498,61858,4974,650,661,41047,880,61153.4,10820,13471,1491,1429,1357
462372,25989,58714,1514,408,306,22867,217,92474.4,9075,9505,38,3259,7630
45634,4406,10694,3926,762,999,3389,152,2738.04,5080,3040,347,3107,3591
447818,117035,70345,1089,693,346,50224,1805,89563.6,6237,251,984,3976,8971
386742,66577,82098,1666,938,392,53073,36,77348.4,14047,13307,1189,3437,5098
321478,30099,1929,3923,270,198,35737,689,64295.6,5752,7379,1130,312,60
340792,89900,14244,5779,204,675,48745,1371,68158.4,18066,14581,842,873,1957
32054,7871,111,802,642,181,2310,711,1923.24,13357,5968,785,4972,4748
80028,6375,11411,472,167,239,3277,1193,4801.68,19307,9707,1574,89,6306
32207,7098,7948,1186,458,933,3752,1994,1932.42,11557,10576,1618,1667,5437
483866,69212,115402,1717,782,753,69505,309,96773.2,16623,3368,1527,2354,19
240893,55261,58745,3832,259,65,1488,1660,48178.6,9859,7279,1346,595,7733
91554,13017,11116,4668,480,170,9850,1698,5493.24,16233,10601,1832,105,1726
162458,21781,22418,3729,722,644,10259,1914,19494.96,17262,5407,1837,2250,4967
93276,3065,15707,1709,413,592,10807,1822,5596.56,3555,5372,1968,4422,4073
462734,133108,83301,3223,417,164,43977,1377,92546.8,16163,10548,1525,1643,4958
324925,35814,35895,5253,584,953,42091,249,64985,7060,14580,1178,4145,9847
193852,16924,13100,2210,599,62,2187,1402,23262.24,7819,12357,1145,2951,9204
202512,60204,23867,560,446,354,21594,941,40502.4,4017,5160,1046,2134,6449
447415,32844,109507,3652,788,50,64840,739,89483,7725,3432,34,3951,9402
333179,81943,1208,1652,286,583,16047,1168,66635.8,3804,3556,1253,4846,2576
18210,0,3125,5543,739,42,1596,624,1092.6,18006,4205,490,777,9011
54363,675,36,1799,868,834,3526,1876,3261.78,10861,8183,140,4008,1074
252247,23052,18212,4673,546,962,16749,1881,50449.4,16846,1172,1405,2647,6724
88279,4267,11252,2440,333,320,10723,1512,5296.74,7908,14105,1305,3247,5569
201420,5988,19725,3306,561,317,24578,91,40284,19183,9218,205,2708,2744
196356,27974,7006,3918,750,215,19435,1204,23562.72,18516,517,1186,469,2958
213196,60103,47835,1122,469,190,783,1151,42639.2,8492,966,1448,1686,4180
209919,24036,24059,831,890,669,10403,1301,41983.8,19451,2678,133,1348,2660
425648,8680,70883,3120,725,489,53635,1465,85129.6,19685,4098,1002,2848,3405
267324,67021,32171,466,475,89,39906,1704,53464.8,12409,13186,583,920,6002
205161,14713,28517,5226,716,421,25608,1282,41032.2,3239,2633,563,2279,8833
458614,20043,24274,4631,954,490,7159,1371,91722.8,18500,5920,1511,697,794
240363,2419,33577,1355,566,615,12075,574,48072.6,13501,1217,1588,3673,7028
144393,36263,27648,1554,942,562,10177,483,17327.16,9923,13443,1518,1345,1042
353492,17140,69654,4586,940,253,39826,833,70698.4,3974,6880,1486,3297,4713
440599,57600,17910,4307,849,106,1462,301,88119.8,9107,12540,903,2987,3055
385960,78497,78619,5008,852,293,30176,1235,77192,2608,11419,1710,3262,8349
219754,6487,49647,1831,934,510,29787,487,43950.8,18913,10819,79,1196,4592
133053,31110,13187,3828,756,235,9413,1777,15966.36,9278,14101,1116,465,6217
482406,16360,424,4342,239,497,18050,483,96481.2,3876,2361,63,3959,8158
193965,49410,26641,1272,908,834,11628,647,23275.8,17936,6219,1569,1858,4242
176892,36843,34750,4124,590,844,6296,550,21227.04,14525,7311,509,4294,484
338406,90418,81454,5044,224,355,34424,1944,67681.2,18792,3241,1308,2902,8462
144832,17502,23154,405,723,616,1131,462,17379.84,11502,13347,1442,2176,6043
163262,48053,11992,1904,883,766,810,1373,19591.44,16291,13823,815,3910,6705
77411,7631,1233,4073,416,303,55,302,4644.66,2217,4553,713,1015,4896
295521,3017,14546,4587,782,907,19907,417,59104.2,17581,14680,1651,4437,6264
449953,86261,41524,1302,461,531,23943,67,89990.6,16680,10942,192,3154,5461
472785,66320,68555,5697,970,870,19046,56,94557,6208,12279,452,4957,6341
48211,11636,1304,5963,632,491,3279,1493,2892.66,9619,6298,1474,1160,641
223981,31127,46912,5030,177,583,1533,1176,44796.2,16554,5155,1382,162,3562
275888,3196,49284,384,491,116,36779,200,55177.6,7189,9705,1023,4761,1194
266638,75088,10022,3295,575,366,17046,598,53327.6,11216,1904,1009,2220,1177
297139,41300,33617,5123,963,641,20229,829,59427.8,8242,461,397,4274,8772
158049,31921,3962,3587,935,458,14635,1062,18965.88,12838,6883,173,3931,9494
239010,4746,58824,5456,684,119,24291,1535,47802,15903,1359,1050,3224,3973
44542,2999,9092,5995,559,212,3275,1271,2672.52,18698,1864,1965,4554,572
20651,1193,4854,4465,760,740,228,1137,1239.06,2225,9751,412,2976,2036
109239,15595,1539,453,434,182,15624,1401,13108.68,10670,12977,1280,737,2400
351075,22063,68480,1761,969,645,39377,1739,70215,11907,2202,1873,4062,4889
236416,45971,54109,3112,771,338,2004,1741,47283.2,8386,7641,642,1223,7948
374256,3598,22327,2319,864,477,44729,134,74851.2,10279,2469,537,2362,9615
288859,10564,3244,1397,255,493,5434,862,57771.8,7078,5655,404,4501,9342
447625,49725,22720,870,653,230,37014,773,89525,18863,11432,1653,677,8491
165378,20598,25090,448,195,895,3396,949,19845.36,18692,13634,1815,2334,157
160158,40404,34359,3877,918,363,7570,1146,19218.96,8798,9367,300,4019,4225
417592,59940,48536,2991,596,445,58146,594,83518.4,18923,9938,627,2928,4931
333494,62085,7855,2409,293,944,41312,212,66698.8,15779,10325,750,365,7372
343569,17862,1601,5807,686,483,51126,786,68713.8,18473,1963,723,4645,549
439852,10265,31952,2218,211,851,58477,501,87970.4,18057,11997,1436,1014,7632
358264,9705,50374,5169,891,949,4561,1198,71652.8,15297,10654,1041,2015,9366
387033,55279,5690,3955,231,245,33831,1298,77406.6,2548,614,1666,1788,8687
454865,62471,12521,5969,485,905,66931,1259,90973,2001,7770,946,304,1080
437826,91080,100146,2012,360,919,58892,1569,87565.2,19441,9018,1919,2777,8392
151130,14298,10483,2792,549,763,17914,170,18135.6,15625,6728,622,410,3854
265948,62979,8058,1644,858,224,52,1676,53189.6,12465,4234,127,4630,3905
346781,55828,13704,4265,496,156,19535,419,69356.2,9752,6287,113,339,1244
481249,116884,58933,1406,347,630,55016,1560,96249.8,13124,852,1760,4084,3790
342338,46104,71101,3805,526,605,22054,1120,68467.6,7626,13178,145,592,6082
349061,40934,43856,4412,311,739,35554,823,69812.2,11757,712,932,3725,9105
74200,16116,4488,882,357,364,1144,20,4452,18978,12004,887,103,1508
115848,6050,24584,4650,970,901,2112,289,13901.76,8622,2644,1214,4076,6115
116022,21034,23334,2990,576,185,13751,621,13922.64,12959,9201,980,2749,1830
187691,45480,41674,4956,193,494,295,1816,22522.92,16650,14820,619,251,774
420370,8484,1927,2880,949,845,27565,1105,84074,13961,3109,1554,2731,86
422755,62648,15512,5811,640,184,47308,106,84551,8007,12887,1174,2072,379
266453,59945,8301,619,428,386,37510,1802,53290.6,16410,12291,1875,1212,7961
332202,53678,73993,4615,936,279,32021,1810,66440.4,9516,11113,1718,3047,4211
72068,20796,5492,5094,882,914,6278,688,4324.08,8825,8894,791,1531,1870
480529,94605,68759,1737,946,741,67961,944,96105.8,14119,8431,466,3577,5527
372076,87363,88047,331,295,481,7219,1953,74415.2,8482,11402,153,4563,8407
171445,35361,21455,1014,218,264,7011,1921,20573.4,18436,12836,224,757,6093
174226,10315,33722,1339,801,669,2627,285,20907.12,18293,421,503,3489,6652
147103,26519,23434,708,671,351,4805,620,17652.36,18640,7294,565,4886,2911
234605,9107,30341,5331,260,588,16365,1573,46921,9755,9857,1634,914,7906
213047,56004,42309,1427,698,81,28738,782,42609.4,4093,12027,1624,3563,9120
294929,55781,15007,5736,742,939,14199,1354,58985.8,4675,12551,672,4352,5505
482144,3869,99878,1006,757,180,8701,727,96428.8,4048,8361,1080,2180,8396
259768,27370,26799,4139,204,341,7935,827,51953.6,4124,1227,1657,184,7100
169741,7971,15674,3323,793,195,18275,131,20368.92,8984,6263,1904,1173,5089
104475,31269,15426,3959,372,59,1461,338,12537,8218,9871,392,2795,5706
12282,0,2999,1082,724,150,776,220,0,14123,7222,100,1414,9188
175696,25651,24104,5600,673,60,14261,781,21083.52,17179,5303,1855,276,395
189510,35757,3255,2479,295,646,18383,1905,22741.2,4898,1241,1764,3642,1617
230972,23446,33826,1478,413,427,1551,848,46194.4,17869,13511,202,3848,332
339678,38108,4944,2706,693,950,20235,1799,67935.6,18027,5661,1620,4215,6112
172777,9643,37826,5654,617,330,16485,76,20733.24,15791,13521,58,4680,8625
441460,3823,30497,3107,710,38,40851,1750,88292,11523,2106,1232,250,4995
347108,13454,27723,4560,336,252,17844,604,69421.6,7836,11221,15,114,5796
178509,3932,35287,3064,492,889,25309,1902,21421.08,16934,7290,900,944,7913
218944,10220,11845,3024,248,954,27010,1674,43788.8,14899,3645,1579,3656,9419
478094,67965,89833,2835,828,617,67355,591,95618.8,3245,11829,1581,4720,1988
129006,28208,2570,512,455,232,17540,49,15480.72,4365,12838,765,3819,5848
246440,72980,27503,2248,874,353,4934,747,49288,13144,10538,905,1808,4403
214054,10510,7450,5161,348,900,8696,1366,42810.8,10334,8181,1356,259,8782
322727,44045,55569,3446,907,169,30148,331,64545.4,9261,8073,1518,3727,8147
310536,10537,25463,1501,303,216,4936,1317,62107.2,17925,7172,569,1519,7654
17461,0,744,2119,245,347,686,1175,1047.66,13752,1097,581,4707,3403
110123,6718,22804,3189,724,525,6868,1118,13214.76,8780,3690,740,3226,7317
282660,13782,36282,944,855,410,9125,677,56532,13982,12836,1343,3077,1751
482501,114780,52082,2659,983,527,28985,995,96500.2,16316,4109,1231,615,7891
158586,51,10871,4522,508,730,19088,1404,19030.32,14980,7819,837,3592,3311
393395,82238,79072,4772,963,897,55593,957,78679,19170,776,732,4921,7097
439484,75720,88633,4620,548,914,20702,1463,87896.8,8305,14186,1406,763,972
493702,78004,64766,3388,933,918,63840,320,98740.4,2465,14711,1595,1445,5784
241496,22072,175,796,525,680,18493,1113,48299.2,12711,6390,280,1324,2767
177860,15479,3217,2316,751,525,10838,528,21343.2,2140,5537,1878,2417,3037
216821,28467,15106,772,477,942,12692,867,43364.2,9802,1444,778,924,4352
202121,23402,30359,2188,421,242,7072,1936,40424.2,13831,3282,1372,1755,539
334637,72746,53509,3682,746,830,24002,740,66927.4,3991,389,852,1173,734
46027,12934,5973,1460,444,985,389,1306,2761.62,11001,12346,318,4735,4707
365691,102260,42354,2822,544,7,50800,1368,73138.2,4881,7243,895,1552,7599
183921,6057,38570,4612,621,282,8957,1757,22070.52,19086,12573,665,1614,364
372271,30916,7034,495,697,622,8539,1256,74454.2,4081,13032,1064,159,5233
158930,27268,16263,2548,167,551,11765,1816,19071.6,12524,6249,308,1179,4033
225234,43978,42180,4761,226,923,9537,1893,45046.8,11622,6950,996,394,310
89003,14590,17331,3066,198,579,11197,1375,5340.18,7155,6673,714,4939,4452
193467,23259,8776,1851,647,634,27140,715,23216.04,13637,14954,1765,1906,2717
49758,4431,11054,2747,575,828,6015,432,2985.48,2264,7548,151,2418,8435
326456,79400,75348,5944,897,165,8521,1337,65291.2,11044,11458,848,1779,2529
340814,34293,26925,4609,705,202,44494,1001,68162.8,16870,11747,1480,2712,7807
92279,13277,21635,2688,770,639,3793,379,5536.74,16404,4830,455,323,2176
25434,7043,3191,3306,278,363,1968,256,1526.04,17625,1272,93,1682,2583
205119,50430,22231,418,668,151,25549,396,41023.8,2947,13331,1414,4607,5514
450991,107009,76935,3796,453,923,24780,1972,90198.2,13904,9124,639,4380,8293
347913,38893,47731,2016,261,424,47873,788,69582.6,5781,13513,1252,1845,9846
255754,40642,23100,3183,874,657,12376,256,51150.8,5346,12052,1520,2632,5381
338821,78065,10768,5237,965,560,24299,972,67764.2,15339,3894,1494,4777,8969
93555,26309,531,3214,968,468,11194,158,5613.3,16155,10593,584,2493,5055
138379,23284,11357,1972,512,409,16746,828,16605.48,18336,4440,82,4116,2033
226992,62107,1437,1502,215,514,16715,982,45398.4,13784,5618,1771,4360,8559
249511,65049,24946,1755,180,250,27544,1794,49902.2,8879,1832,191,1839,7793
186806,29265,20888,5340,444,76,12995,202,22416.72,6535,1538,455,2388,3029
373809,81490,71038,4961,926,421,40361,1436,74761.8,16094,14400,879,3268,7440
491719,23880,105912,4278,958,731,72523,687,98343.8,4477,925,45,3204,4610
443819,84579,55149,2771,468,909,46534,81,88763.8,18764,14345,461,2887,8955
479924,131327,5566,417,163,384,51935,1469,95984.8,11719,14097,1586,4366,1791
485142,132574,41576,667,719,859,21674,1048,97028.4,15883,13294,731,588,7325
78803,4656,4014,5525,391,378,10949,929,4728.18,4621,2785,610,4474,6625
442548,65424,51408,3476,502,227,39092,17,88509.6,5581,10149,966,942,3866
363847,75838,53506,3674,397,117,11738,1520,72769.4,7662,11357,1925,1567,9091
293456,70966,40167,4112,759,266,482,960,58691.2,4205,14301,797,3107,9632
234448,41366,33699,2497,617,234,31508,1819,46889.6,13424,4639,100,1712,4010
487742,67396,117017,5211,537,167,44435,1795,97548.4,5439,5249,655,406,5770
185251,6158,35233,2429,823,771,12050,886,22230.12,3382,7396,234,4001,6643
212514,5806,52429,1200,908,929,11424,1139,42502.8,14837,5434,1910,854,3918
255404,17106,48391,492,987,704,20798,1172,51080.8,7522,1489,1336,3307,6995
127961,9474,21814,3070,591,695,12818,1349,15355.32,8792,681,960,1690,3761
312523,82533,23386,5493,491,521,28667,20,62504.6,2133,5429,1385,414,6833
27297,3331,1929,3648,665,336,3827,996,1637.82,6796,12128,828,4164,9421
274155,32599,41585,5480,967,326,39474,1629,54831,14240,8796,1808,3216,2839
130234,5790,31822,1250,922,358,9559,1171,15628.08,7796,14468,958,1066,2871
54014,3116,5988,3906,992,447,122,637,3240.84,11467,3901,244,3526,1313
253166,75706,7509,5338,194,652,17133,936,50633.2,14493,5954,247,1790,2640
414954,9004,87852,557,568,533,45374,735,82990.8,10699,4206,1014,193,7303
366477,108282,76607,1521,872,823,34365,1972,73295.4,2529,9108,262,798,4000
188570,49482,27742,950,905,889,25161,632,22628.4,4238,2057,1186,3778,3346
268864,51364,63305,2618,352,704,39156,639,53772.8,2405,3010,1656,392,395
283264,25792,42851,4791,864,603,8735,445,56652.8,6183,5453,1220,1632,2051
411983,95752,76910,2725,688,96,5576,286,82396.6,6702,6856,1882,27,9438
294996,64912,34407,1222,535,652,8206,867,58999.2,7552,11968,1565,3035,6590
351383,54645,46606,3459,779,768,26042,664,70276.6,6369,8675,683,3831,9387
404145,7232,79518,697,887,549,24337,1348,80829,10252,11165,617,1937,9591
218559,54766,31258,5601,509,758,9574,199,43711.8,10273,8274,482,2506,4244
101575,22297,12884,3214,617,255,8243,784,12189,15389,6254,207,984,7462
105040,16052,10248,5702,354,441,10250,1998,12604.8,5779,323,1925,2820,2890
158510,5913,10515,860,396,408,21302,147,19021.2,5974,7564,975,808,8736
189587,46870,35042,489,198,809,2274,1836,22750.44,17219,3673,1591,3147,4053
15744,0,2233,504,515,84,2161,366,944.64,12911,9947,135,1225,422
224892,10567,10830,3315,402,416,19992,220,44978.4,5110,9747,1404,1224,6938
445633,38379,60631,4439,227,952,49755,227,89126.6,15892,11932,222,372,4827
410285,74968,100784,5399,918,548,4043,305,82057,3021,6178,1043,3393,4566
314503,319,6799,3671,781,501,40022,178,62900.6,12635,2561,1480,2376,8872
160871,24469,8547,3341,566,696,13561,1911,19304.52,13542,10361,285,3703,3849
370890,110990,14328,2005,184,97,54521,1499,74178,5006,14192,445,1202,5526
234834,4791,12679,5698,587,829,19876,967,46966.8,8477,9001,1356,4239,3276
130906,31736,21058,1012,461,898,11784,1997,15708.72,3215,14169,1049,192,670
211260,329,32237,3756,292,541,9196,416,42252,18704,10505,1601,4564,2202
230931,61032,46696,2984,346,502,6754,609,46186.2,14629,12732,572,1265,6412
263593,44078,38872,4706,409,450,27704,627,52718.6,19435,13461,1468,4672,9654
248746,21300,54971,5273,515,190,29396,122,49749.2,5385,10798,556,4528,2617
17597,0,163,3899,745,849,814,284,1055.82,5181,13832,813,2094,2812
319237,50945,23306,5252,341,790,8723,1941,63847.4,6728,325,791,2343,9518
440442,55609,28210,2621,636,967,49157,706,88088.4,16828,9123,332,303,97
213199,60562,45693,4177,683,200,8776,1775,42639.8,13839,7728,114,2463,3118
386794,90045,28239,3822,173,321,36444,1750,77358.8,3538,2530,1039,3031,1990
494585,61901,93366,5951,224,700,50636,2,98917,8413,12517,1361,1830,6955
218434,5703,3381,4926,795,257,29027,759,43686.8,15286,1821,143,3744,5323
167489,27109,34832,4412,543,154,2266,261,20098.68,8278,8723,833,2461,2661
421909,63115,104893,3065,828,943,2414,1703,84381.8,12751,11207,640,2713,6149
482890,27676,94377,4865,607,486,2552,1494,96578,4448,12872,585,554,345
393100,61710,7447,5206,259,830,22704,331,78620,3518,13736,1560,1462,8082
125598,23804,20368,5723,239,227,5418,964,15071.76,7202,13808,1037,2603,5384
260100,45440,20271,854,186,516,19244,260,52020,3331,11703,208,1101,3148
268589,36923,65875,2440,971,640,39488,1026,53717.8,12860,13504,977,2155,1953
194233,29802,19974,5277,712,510,1077,771,23307.96,11241,10808,646,386,4798
262388,62904,56843,2978,721,917,21823,446,52477.6,4214,7301,1044,3930,2785
143241,2611,26221,5216,733,73,2526,1239,17188.92,10876,9160,1884,1417,7900
225164,22075,27263,883,789,364,32501,772,45032.8,18844,6988,1114,521,8678
163124,16479,7733,5241,456,23,721,1980,19574.88,17510,7287,1584,3299,9099
475065,9304,111414,2296,211,826,5801,478,95013,11255,10060,899,2081,7041
214923,64315,5049,1141,454,462,22437,568,42984.6,15087,5390,1547,2201,5038
18036,0,2126,2675,328,480,1366,866,1082.16,5940,2529,1045,4923,1123
41778,5063,4704,4338,689,945,1345,1705,2506.68,5664,6648,1895,1153,9524
430950,80146,81144,2104,901,790,62020,594,86190,15651,2061,1697,2037,8273
164245,8437,638,1029,893,717,745,439,19709.4,10358,14113,409,4652,6612
171475,43118,7709,4649,814,657,13326,199,20577,8341,2052,1179,4,951
469537,24028,70679,1763,994,88,8124,667,93907.4,8583,458,914,1358,6677
212747,39328,1224,5246,593,533,5599,1846,42549.4,2558,7534,1182,3480,120
409560,27301,47234,2467,668,299,33645,933,81912,19937,3861,781,1817,2698
28800,5247,3705,5217,726,43,133,278,1728,6609,7032,86,726,1638
297516,87276,63843,1872,784,36,37581,1158,59503.2,7301,13781,1360,1620,6695
333660,36845,48047,5374,185,518,10616,293,66732,17191,731,406,4137,7977
292682,86818,9741,5266,899,473,7764,204,58536.4,4461,1665,720,3230,3846
336062,76394,63004,1693,627,279,40077,876,67212.4,4538,627,519,3742,8006
418189,44159,61489,556,222,460,10891,1720,83637.8,5590,336,677,499,5687
343299,43714,22991,427,179,168,9654,84,68659.8,18078,7046,9,249,9541
241312,25230,40175,1682,888,69,29817,292,48262.4,15880,11969,29,330,6233
69500,16494,14790,5575,452,212,1364,389,4170,12490,7629,774,1872,8136
177647,24665,15642,4028,496,582,16348,1161,21317.64,3756,12937,1281,3285,7927
246527,41722,9567,4951,946,913,15538,410,49305.4,8896,3885,277,239,5027
445477,62796,107163,3000,660,718,25807,508,89095.4,10172,12592,1156,4895,4482
120659,21516,5768,3447,666,71,14289,1907,14479.08,3948,12786,1986,1090,3068
37716,2504,2374,2505,214,827,4261,1241,2262.96,18217,12584,1480,1214,3256
406452,90209,17399,4480,896,179,23592,617,81290.4,14323,9203,1220,3392,2667
419064,5239,33103,621,776,207,28281,1080,83812.8,2368,6348,567,4267,5567
12352,0,665,2656,602,176,1579,91,0,18274,7508,275,3768,4253
143004,26415,15330,5949,980,706,3419,783,17160.48,2958,1599,476,1700,6058
348593,50886,16464,4679,907,300,30991,1393,69718.6,14941,3926,197,2065,423
18556,0,2134,3413,678,904,2017,570,1113.36,9271,4020,1347,3443,733
271973,27195,49409,2217,968,883,20401,1435,54394.6,6335,2759,483,4706,664
358980,104697,184,4256,518,750,3037,770,71796,4415,11326,1208,1653,3421
146570,29323,30387,5009,186,153,14501,1976,17588.4,9458,12481,1556,2143,5145
217190,34964,49274,2996,530,153,17145,192,43438,16484,13417,1040,2969,2370
60098,3466,8056,5823,368,29,598,1140,3605.88,14688,4479,78,2336,8364
467602,96299,72799,1816,798,26,59546,706,93520.4,11878,1424,26,215,8904
384313,34674,55810,3593,395,975,3743,669,76862.6,7916,8737,1702,4021,5064
150641,18105,13191,4624,699,239,8608,1298,18076.92,7950,1253,1362,4728,7258
257199,29739,3514,3345,400,754,6210,1376,51439.8,11669,13311,746,4554,631
136060,31969,32734,5725,714,643,18948,903,16327.2,6320,12611,1986,3453,4218
197954,14497,6077,418,495,690,24525,1469,23754.48,4031,8861,475,258,7037
211465,1816,50546,2671,970,850,1082,1810,42293,14895,3168,110,4774,3536
140544,26483,35120,5316,864,97,587,1059,16865.28,2899,6667,1749,2886,3542
10340,0,1308,4715,621,325,771,623,0,8046,14326,370,3467,7512
185021,43481,14992,4218,710,236,10999,740,22202.52,9061,6627,368,3104,1310
92302,22159,22345,3560,271,846,7183,196,5538.12,18794,9405,1733,4885,773
465659,69385,53096,2885,475,137,36426,1851,93131.8,16420,11756,1502,4002,1508
232740,33826,10133,5096,677,629,15845,289,46548,18865,13329,708,3993,958
477243,110034,6405,2741,930,617,63352,1718,95448.6,9510,4368,12,4562,2721
10138,0,1597,2999,897,547,175,1509,0,10171,11714,624,3964,151
403574,84242,82410,1317,270,45,45377,765,80714.8,2271,12487,609,428,4025
129619,24563,31457,4801,288,615,10375,1434,15554.28,12245,5446,1841,2628,5833
478466,125170,115742,3347,236,389,47531,1446,95693.2,5535,14315,1673,3170,9593
357520,4359,17085,5600,279,363,16148,1262,71504,16349,9288,567,1936,2362
109931,30669,2934,2368,401,359,5913,1321,13191.72,5074,2469,1127,3203,1815
433870,12809,79883,3965,936,581,42981,1065,86774,11952,8722,231,4361,8125
166951,38428,13502,4550,509,206,21410,1010,20034.12,10179,14688,171,221,1329
353676,94990,46479,5262,962,732,29351,87,70735.2,14774,6640,1563,1380,9469
327922,72790,79384,4954,579,600,43329,175,65584.4,19180,12158,468,2748,7644
47772,12822,6037,493,196,978,1359,926,2866.32,10166,780,1828,3989,1110
68478,2093,14426,2746,740,973,780,277,4108.68,9555,1694,1315,4244,1314
467569,44498,70231,5429,650,514,58880,1366,93513.8,19575,13568,1975,126,6520
36762,1563,8271,1699,959,945,170,1320,2205.72,2936,8346,1627,1263,8021
154355,40985,25411,2819,574,809,5019,1303,18522.6,12371,11964,1228,2326,7813
204994,32009,8843,4227,524,365,20608,423,40998.8,14793,11466,1848,1630,2743
180492,16558,31152,3987,880,973,19111,1439,21659.04,8097,1103,547,1424,5462
327712,17718,81109,5197,260,437,46497,1842,65542.4,12872,14327,128,3948,8956
357234,16705,30737,852,376,230,2108,32,71446.8,16571,6914,1194,3348,1892
292363,87618,54325,5843,936,422,15476,1051,58472.6,2022,2104,904,4192,937
329313,62598,38767,5942,917,468,9850,208,65862.6,14901,3051,496,4238,6035
84965,12342,3866,1029,188,629,9987,601,5097.9,5203,9086,362,1247,2698
187912,12239,41705,2860,284,310,6616,1617,22549.44,18835,6164,873,314,5463
185767,46622,2002,4297,444,394,2785,247,22292.04,2273,9893,976,2958,696
246281,46665,16623,5408,759,113,33164,1401,49256.2,19408,8560,194,3442,9169
94754,11419,18328,4566,183,201,8995,846,5685.24,12900,11537,1906,3412,2310
87988,10064,9047,5245,577,462,8031,1381,5279.28,10488,770,543,2673,3247
461558,108563,64997,1093,217,541,19388,1726,92311.6,9856,12005,1654,4858,8788
160023,24908,22251,5984,852,363,11961,789,19202.76,15404,10528,379,731,5367
142379,5674,12707,424,348,246,7764,17,17085.48,11128,9733,994,421,1614
90388,5002,21188,474,709,592,11481,212,5423.28,2570,4365,1605,2885,4315
362912,93103,76326,2851,408,245,8846,1746,72582.4,17235,7867,1337,2826,2651
307572,66446,30339,4148,874,183,7644,513,61514.4,8706,5164,1459,3447,462
249779,29072,34121,3756,823,412,24843,1117,49955.8,2766,8344,197,3528,628
364165,33717,42995,3058,774,272,47179,856,72833,3626,2859,1368,2544,1242
390562,87345,52032,4139,286,544,1092,921,78112.4,2653,9391,283,3336,6056
216846,26651,48596,4055,978,613,9660,806,43369.2,16756,4391,230,1401,6731
180047,51666,41446,3942,530,276,9513,1040,21605.64,14317,989,1728,3298,5310
142212,16484,20698,4501,673,622,17881,1262,17065.44,7834,9790,679,4063,7262
428058,4646,105168,2270,387,498,40095,527,85611.6,7624,4648,463,3547,3074
298565,39713,47918,1960,433,717,37761,1690,59713,8042,13502,915,1179,5432
273852,67936,57235,2875,837,777,3079,176,54770.4,4877,3805,1623,2797,2245
406846,44331,6125,337,886,489,59098,1154,81369.2,6606,11307,974,4370,5779
422811,22185,100651,4790,607,214,42468,297,84562.2,17362,4889,114,4448,3250
86021,18727,14743,5316,736,102,9013,1086,5161.26,17910,596,1673,3030,3751
169380,33120,36476,2824,284,806,12167,997,20325.6,7394,1689,75,1243,2624
54789,15489,12662,5886,231,589,2135,796,3287.34,13624,14302,1469,3331,4364
458906,17563,88296,5117,744,174,21305,1153,91781.2,16433,8362,292,2862,465
36086,5193,7930,3876,803,853,4670,362,2165.16,11382,8281,1762,1890,499
289003,15701,10114,1608,358,51,686,615,57800.6,14553,7441,1851,388,1971
17684,0,637,3835,876,296,974,1293,1061.04,9155,10433,1626,4219,8715
101088,15449,5866,5848,552,987,11479,267,12130.56,18767,11529,76,3375,8875
404423,44610,88713,4760,971,174,41465,499,80884.6,4198,13781,1373,1405,3353
56099,3819,3008,2528,916,968,1770,1815,3365.94,7367,7783,1394,4207,3881
470712,128331,23600,5129,337,342,54053,1563,94142.4,18954,4802,322,2894,667
76093,976,16251,3223,642,710,580,1510,4565.58,5731,5221,1203,3297,6872
170761,38665,26809,3341,908,599,24798,913,20491.32,8474,8538,1442,2535,8660
320795,15957,23756,3008,404,170,12199,216,64159,19145,887,367,3630,4911
23893,6245,2125,4639,472,36,896,1380,1433.58,2927,6439,1725,2408,3505
76418,13240,5600,4708,823,634,2433,645,4585.08,3798,13377,395,3234,4336
135074,32875,11649,4471,574,200,3952,1004,16208.88,13462,5649,753,4142,1290
375209,1626,76902,4252,564,63,7452,1309,75041.8,13363,13132,540,2647,9160
140351,25279,11880,2609,316,485,2169,1502,16842.12,9597,6254,285,2944,3572
201083,6229,17783,530,739,454,14086,545,40216.6,15892,12721,1685,54,7971
48635,6877,10526,3050,634,699,732,722,2918.1,15013,882,1360,2314,6640
459331,38311,57155,2993,585,726,33590,1721,91866.2,14451,5722,308,4640,8231
105071,3809,17889,5807,836,408,8648,1435,12608.52,18834,8722,218,1989,3984
481621,34875,87762,3104,681,886,26787,967,96324.2,8391,9582,789,4023,6948
475918,9465,106745,5744,757,754,2139,1354,95183.6,8585,3253,955,1343,688
350662,66095,65316,1141,630,149,28425,692,70132.4,5885,4141,816,3036,7860
378377,73844,70856,5875,329,501,43343,783,75675.4,13973,8349,944,3129,6507
375795,65250,8727,3883,756,938,53833,921,75159,12518,5122,390,2667,7790
82805,21353,11724,4911,220,635,8505,1472,4968.3,19593,13236,45,2321,3908
462170,15250,39211,2789,851,966,68185,1720,92434,14775,7093,10,2732,7817
431280,46023,85469,5968,590,709,42849,1950,86256,14511,6437,15,3194,232
394957,101350,78930,5214,793,547,54241,1020,78991.4,19368,6693,1205,2195,2350
351207,46624,41417,3834,288,813,39821,26,70241.4,14388,1462,1720,1233,3791
274598,16427,62827,907,936,277,1489,1135,54919.6,13005,6265,547,2804,8090
293022,33276,31437,4918,251,34,34432,1515,58604.4,16199,402,1074,144,3103
192170,6107,20519,5608,617,624,15760,1840,23060.4,12914,4509,149,600,5431
203226,13476,7983,5432,432,174,10800,1160,40645.2,12671,1489,1511,4868,3303
154063,3439,5635,4260,178,32,2532,1561,18487.56,6644,8498,420,2421,4972
78344,20312,4069,4557,167,724,655,261,4700.64,11727,13338,1282,1379,7140
377090,87331,19622,5912,905,714,3718,646,75418,12629,6717,1314,4832,8094
46593,13136,8452,2331,836,396,3982,1804,2795.58,8354,9686,624,782,3698
46304,916,5737,501,657,253,2674,688,2778.24,12111,7683,1829,3535,3874
433602,60289,74975,5431,750,567,7444,521,86720.4,7205,7402,1385,997,2511
196292,17182,27909,5343,169,322,6209,1322,23555.04,7624,10986,1590,2214,3687
123613,4971,27898,5816,475,12,7866,1133,14833.56,15050,9416,424,4439,4259
210410,50912,35341,1664,505,49,4015,1456,42082,11177,6902,293,3332,6223
497505,19659,56005,1051,582,759,22360,1502,99501,13558,10374,1751,3778,4400
424299,31403,98429,5345,548,232,49352,623,84859.8,13151,13620,885,1672,2372
28354,818,1229,5644,167,952,137,1636,1701.24,9771,5430,161,189,8302
294334,10360,11403,1505,699,993,44023,1809,58866.8,13640,1468,522,3805,7699
16142,0,3133,1620,525,539,1075,266,968.52,17489,1497,1230,4590,5541
431614,48791,99610,4187,750,615,50900,777,86322.8,14161,7393,269,2749,895
193043,3065,34869,1630,489,865,1475,667,23165.16,16935,515,1004,2493,3254
314006,68795,65035,730,299,95,29853,1236,62801.2,7877,13145,336,3771,9063
194482,50058,32903,2465,865,342,6945,1332,23337.84,12806,12806,1556,4528,4938
160575,12300,26953,4983,382,855,4957,53,19269,17755,8944,1435,680,8682
135438,33370,7311,3417,253,192,11605,1688,16252.56,6059,2969,1642,305,4784
58456,4295,1459,2574,772,919,3904,773,3507.36,11019,9458,1125,993,1035
110167,27209,20615,3665,886,510,13627,1897,13220.04,9155,2201,1877,1401,9555
354179,101831,56808,1563,370,450,28807,394,70835.8,6141,11175,1020,4301,3354
280160,20927,33580,2695,175,124,448,511,56032,6144,11757,571,2487,4248
274528,34579,57052,4536,213,80,68,800,54905.6,13921,9665,545,768,5553
203392,44871,26320,4599,403,6,23480,324,40678.4,18203,8034,1088,192,8545
418288,9032,42898,4033,398,329,4908,1761,83657.6,14024,6008,1238,3007,2082
112239,27718,23952,5399,885,82,7369,95,13468.68,5145,7679,1795,3329,3573
121431,12877,17254,1965,975,535,13302,173,14571.72,16608,13476,360,11,179
352162,40731,15227,1160,280,904,50342,343,70432.4,11215,11128,746,940,7655
50510,5249,8826,1144,179,625,1740,204,3030.6,17353,6768,1335,214,9918
190005,47992,13939,3342,936,526,28308,54,22800.6,16175,11651,1093,673,3911
293970,53767,60432,3640,159,112,26595,1770,58794,11011,4166,1871,784,3729
340170,72302,73996,3789,238,439,36660,709,68034,3362,4650,1033,2856,6261
131668,22829,8673,2238,579,889,14252,225,15800.16,2458,798,1826,717,8911
252700,25102,27866,436,296,853,27628,1330,50540,16710,511,215,2506,978
428734,34433,36158,3532,276,761,31050,1304,85746.8,5742,12179,1787,4806,3150
34045,9330,8294,2520,847,656,250,1640,2042.7,5127,9861,1929,4416,7644
191948,39743,28370,1453,273,18,24935,1814,23033.76,18623,11068,843,3838,846
495662,133624,87469,4474,768,8,12921,1713,99132.4,17634,14250,190,2287,7035
100102,23859,21271,1278,490,831,12486,301,12012.24,6933,2821,1632,14,1296
324063,45987,4334,868,667,184,9020,1228,64812.6,13163,4907,218,4972,5646
109441,14274,27268,3210,200,37,15739,219,13132.92,6763,10097,1432,1189,167
168175,45380,22068,2710,547,722,7672,1003,20181,5663,4157,1225,3336,74
259877,29250,28247,3706,463,903,34845,427,51975.4,11329,1379,1404,4265,7426
439404,64686,65121,433,797,133,27278,140,87880.8,9712,7404,1240,725,3446
146917,43858,23134,2361,663,944,1744,454,17630.04,3000,9179,1823,4786,6901
227770,45028,16285,4678,651,101,32790,1967,45554,16252,4842,105,4173,7129
439890,113141,100539,3153,679,940,57669,144,87978,19839,13949,55,738,4152
128325,14669,21367,4030,910,148,4972,968,15399,11586,553,1177,207,5854
29337,2456,5375,3792,846,92,262,525,1760.22,7694,4314,1091,914,5505
163385,25557,24136,426,883,801,11692,157,19606.2,14032,9777,1480,2920,1440
430159,103727,60378,2095,889,139,15142,104,86031.8,11661,5327,1946,193,4868
350093,79782,37787,2149,568,294,34353,741,70018.6,6700,3703,1736,99,3508
272420,78382,24425,4613,343,863,12336,889,54484,16210,11941,1515,1527,7162
323295,37085,18961,4276,461,773,22695,1949,64659,17052,9865,601,2250,9278
420827,50708,33443,5140,871,592,59046,288,84165.4,14371,983,1034,2055,9271
153016,45403,18823,3027,448,543,18872,631,18361.92,9786,5692,436,3951,6887
325031,13470,75409,4026,478,187,45649,1717,65006.2,7366,14389,1637,4804,5006
91442,13176,5587,3860,625,135,5694,1208,5486.52,3907,10336,799,3615,8892
59847,9113,5945,559,733,165,6071,1240,3590.82,5588,5972,698,4037,4363
68653,13546,4767,1541,266,476,213,1054,4119.18,9983,5438,413,4103,912
227144,6805,7004,2143,413,990,9857,278,45428.8,12457,2704,230,1795,7817
263661,62028,27823,1812,666,146,3478,947,52732.2,17325,1125,136,803,8918
328766,50772,54086,5862,930,244,16248,1498,65753.2,19641,11472,1546,4248,2323
299954,52104,7131,4494,668,182,35565,224,59990.8,16380,5766,1878,3353,2483
87842,8080,17696,4577,170,8,9233,1906,5270.52,4207,13679,400,3374,5611
394369,101422,25649,2516,626,435,45522,1845,78873.8,15469,10190,1887,3271,6535
282647,6630,4099,2580,698,155,35159,1710,56529.4,10971,1943,778,3086,4072
94761,26170,18038,1255,322,829,10563,1200,5685.66,9267,14509,568,1705,8406
440192,98869,31571,5512,211,687,21749,83,88038.4,2555,6119,981,4492,3700
398583,15701,30580,4867,355,113,42043,1591,79716.6,10160,9348,49,2026,2509
283734,14859,26469,5935,762,754,38529,91,56746.8,8825,12026,479,3566,359
151958,21183,22402,1408,780,166,13149,7,18234.96,5092,10991,584,4785,4378
416082,40438,24236,5074,328,487,7216,1685,83216.4,3273,14394,848,4091,5610
338768,97285,25110,1842,793,436,27301,1597,67753.6,3212,7190,1076,1077,8486
472115,117556,23430,680,491,222,55975,1077,94423,10985,466,600,1720,4458
173864,31887,37948,1555,589,190,13564,1186,20863.68,4719,12816,1787,4747,830
412980,123737,83299,2598,224,786,847,1654,82596,3062,3287,207,348,8683
266910,42244,57367,2540,439,800,21886,478,53382,18142,10720,109,1407,362
130356,8776,5412,1958,706,575,4671,107,15642.72,2700,9831,736,3731,2738
227228,15021,4652,3284,293,793,4153,1879,45445.6,8489,9396,1473,4551,79
52727,4327,6834,2948,798,172,3889,1294,3163.62,10494,14225,170,4092,1264
350615,55565,7084,4258,357,256,51263,1649,70123,7249,10321,806,292,4486
18068,0,4124,3671,892,714,898,236,1084.08,8977,6821,1065,4254,7328
126923,10355,14692,3729,421,449,18556,1284,15230.76,4991,5760,715,1502,9795
410511,98841,2655,1880,756,500,59452,981,82102.2,11394,14107,1002,24,5762
444376,17198,57752,5160,564,930,46033,528,88875.2,7871,3241,929,4913,2856
21390,1415,1314,3232,546,76,1784,1627,1283.4,4691,12552,1688,1644,2650
116752,1652,14902,5386,533,614,9353,628,14010.24,16496,12647,589,1543,8057
423347,43625,5272,1886,410,225,65,1410,84669.4,6502,10031,904,3677,7429
366898,85982,218,2412,788,225,54450,1426,73379.6,3204,2086,1402,4514,1981
348113,18740,37471,3937,316,738,14301,1381,69622.6,19676,5495,1757,4465,9525
156110,3810,21515,4861,167,607,17181,1242,18733.2,19977,9981,1532,1515,9166
455543,123743,34307,5283,809,940,10008,1488,91108.6,13752,10514,1931,1812,8088
234790,16569,52585,2821,396,75,5290,991,46958,14781,1857,777,3616,8858
349208,99855,78681,4051,791,32,31474,1444,69841.6,2553,752,215,4352,7147
31281,7013,1602,3002,445,593,631,1172,1876.86,15912,2752,1697,4423,2828
64189,761,2704,318,563,68,9559,1380,3851.34,17980,5658,587,253,7891
272093,78047,54888,2869,927,850,28351,1074,54418.6,12984,11321,537,2818,2692
320655,9471,11603,1083,469,414,36026,53,64131,5933,4868,546,4749,3045
132115,6163,2488,2006,703,730,7101,1162,15853.8,16356,9550,76,121,8518
18605,0,616,714,864,447,226,1984,1116.3,9119,9340,722,32,5689
372462,16065,28897,663,842,361,40201,1693,74492.4,4414,7844,1975,1283,8132
404597,110190,18802,2875,330,869,8383,1881,80919.4,17045,11441,1996,2597,6692
469850,117969,16411,1403,445,369,35567,748,93970,12793,6957,1847,1176,6876
291954,83456,60399,5191,805,398,22109,1136,58390.8,7831,2300,981,4726,5353
259415,48348,29666,5609,210,813,1149,426,51883,7504,12715,1071,2536,4730
165394,19154,40975,1471,358,119,19387,497,19847.28,3689,12328,1046,4325,1453
51869,10155,11540,1998,315,47,3545,1315,3112.14,5952,6443,64,200,8942
42955,7399,8524,742,449,67,4194,345,2577.3,8182,13409,519,554,7678
71388,20229,12770,4243,804,338,19,510,4283.28,16382,3748,492,1189,4169
251324,52587,7977,5045,500,84,28276,440,50264.8,11527,13316,742,3106,8887
20207,4710,4661,4904,210,893,2406,1769,1212.42,19517,3620,1524,950,4969
228401,49713,32031,4861,412,935,999,1655,45680.2,14272,13546,1396,817,3693
470844,21101,59429,2712,273,376,68070,1626,94168.8,16039,4554,1761,845,8030
169292,40391,4549,5818,387,384,4425,921,20315.04,12349,1589,140,229,9443
487266,72723,20337,2889,691,275,71864,721,97453.2,16508,8332,1771,2337,7277
215157,29685,27365,2139,916,767,8526,1504,43031.4,19728,11944,1200,920,9477
32031,2180,4261,1803,239,917,2553,227,1921.86,12755,6663,1790,2473,3022
473937,100264,113333,5510,288,949,39906,996,94787.4,3980,6482,1128,4854,3159
352951,53031,24507,1022,511,204,10242,609,70590.2,10252,14413,1673,1774,1032
81312,5153,4973,1141,562,744,10908,827,4878.72,17506,14665,1154,4161,4160
69766,7035,8436,2647,868,64,10414,1113,4185.96,5413,4244,539,4948,4913
153521,11471,10086,2521,242,910,18255,789,18422.52,3891,7304,1050,3105,6542
361977,28460,83276,945,283,828,50756,1559,72395.4,9742,1007,1364,2002,825
197771,52422,25518,323,353,78,9748,395,23732.52,7142,9798,1546,926,9861
247199,21071,19851,3572,968,525,10357,1098,49439.8,2768,9009,1239,665,4814
484469,91725,39732,5126,997,324,25364,827,96893.8,19468,1110,1035,3403,1018
246731,58445,14842,306,771,377,7370,1684,49346.2,10398,2346,1030,4220,3398
245841,54816,56219,4001,187,816,19490,1359,49168.2,6888,3685,1705,1886,6445
121041,20243,27768,3532,606,901,10496,1187,14524.92,18375,13261,863,4463,346
126185,3060,29954,3225,683,680,15740,1542,15142.2,15312,220,1929,2057,905
187164,13731,1745,1571,886,670,10421,956,22459.68,19142,1959,828,4232,3679
466887,77830,12697,4561,587,627,4303,564,93377.4,16250,13952,1599,180,6692
20350,1183,2357,4823,829,345,878,155,1221,7257,6014,283,1477,6453
237230,20719,3879,2492,796,703,34380,791,47446,8465,9243,409,2133,739
373003,47042,85697,5930,771,856,29082,502,74600.6,13792,13866,860,4815,1997
271570,49116,18499,5328,373,434,24016,1844,54314,3626,902,858,4309,9510
78487,23063,2267,2856,317,954,3464,780,4709.22,14763,8272,691,1190,3631
158694,26325,18651,3254,256,694,23364,333,19043.28,2125,2555,457,1340,2305
133853,22597,9688,1899,529,884,9366,490,16062.36,7357,12268,899,4147,663
473479,14551,113369,1966,173,377,54891,1630,94695.8,18353,6801,105,2243,9225
325261,93287,76524,5219,660,944,21610,327,65052.2,3069,5052,1173,712,6274
245062,24278,23470,5738,958,742,6215,0,49012.4,15684,4816,265,681,4285
461610,15141,37249,1361,456,679,27128,1383,92322,5195,7848,899,586,8609
243077,67913,23849,4961,507,14,22241,626,48615.4,9235,6978,646,1410,2009
373228,33615,73309,4101,519,453,15285,1360,74645.6,16837,13869,190,363,6397
33782,7370,3324,5933,872,192,2153,1576,2026.92,7443,3383,1265,1932,8869
300598,62751,29076,1463,320,232,7668,186,60119.6,2643,9115,1622,4472,2997
340048,27452,70123,4179,730,262,39070,268,68009.6,9528,6299,1218,3644,8788
139936,22725,33124,1581,371,445,5269,1973,16792.32,14234,1482,87,1097,7203
418808,50391,15787,2964,592,53,20493,1454,83761.6,19132,7253,1390,726,8000
163245,9524,20448,3195,302,691,2052,1562,19589.4,17930,12764,1508,499,5883
436420,113535,71035,1508,525,946,3066,1996,87284,13928,6671,1949,1120,427
438812,86711,3841,602,430,3,11902,122,87762.4,7000,6459,360,1974,4027
437540,77850,44890,5913,862,256,64849,551,87508,12008,14526,115,589,9557
132258,2365,25402,1055,368,360,9049,1242,15870.96,15905,7605,843,847,8557
121668,32017,21717,4559,765,833,11992,1439,14600.16,9577,12447,788,1106,4014
464418,97662,111713,1526,960,239,40540,1789,92883.6,6919,1910,1455,928,8161
492616,43372,88591,1533,976,481,62185,1209,98523.2,13840,11996,490,3112,1503
396328,44134,66201,3817,971,674,14512,587,79265.6,4748,13809,784,3009,3966
433966,37823,97807,1197,635,460,38654,1962,86793.2,18904,9255,962,2661,1501
479328,71158,23237,5178,659,848,26432,1587,95865.6,6489,3928,1486,3760,8355
288710,1949,42988,5980,484,137,12419,1228,57742,17215,6895,1379,1799,6586
148262,42800,28267,3610,891,450,8968,335,17791.44,10276,1281,479,595,6878
491823,31912,76310,5122,559,323,28338,1825,98364.6,19443,11578,1544,2260,580
48333,7795,553,3662,203,472,2463,389,2899.98,18799,6731,1447,4692,4237
394073,97697,13860,2719,850,740,12631,303,78814.6,8087,2078,1777,2168,1124
221977,44387,24903,3209,883,613,31204,913,44395.4,15013,8704,1407,2503,6092
99571,16508,7045,1754,224,476,7313,848,5974.26,16211,12740,1237,4520,3859
130263,1919,9380,2627,498,192,1555,1702,15631.56,6316,13405,995,4810,9755
404805,42595,56435,2663,833,306,22073,1535,80961,5901,8224,1759,1672,261
35235,9617,149,2312,542,541,3367,1997,2114.1,3342,13963,1722,2288,789
10159,0,1055,1400,703,806,577,1798,0,14766,6495,1860,1631,7510
153217,33298,2853,1115,306,758,5516,1797,18386.04,12631,6250,1145,3519,4348
484125,138001,75664,4546,996,905,51674,971,96825,17947,10297,1960,2979,1159
172993,37117,2736,5404,230,220,5693,225,20759.16,17453,4117,707,430,1664
377003,14456,33724,5915,357,171,14235,1844,75400.6,6414,3931,943,2736,7868
157309,44063,11440,1620,975,159,45,512,18877.08,15628,11829,700,694,2726
117507,21140,5180,5064,235,171,10126,1009,14100.84,18226,251,260,118,4688
411460,83721,30284,4802,893,62,38492,28,82292,13005,1982,6,1929,7729
24743,5156,415,2634,596,572,980,603,1484.58,6611,1493,458,1598,7503
238174,24240,11646,4887,326,64,21931,964,47634.8,19463,1134,870,2811,5384
56101,9228,2645,1332,660,168,3294,980,3366.06,13818,6593,1925,489,520
252717,21686,20158,1455,768,80,19938,614,50543.4,10500,14185,668,2461,5082
131534,11920,14342,1400,288,758,7729,1006,15784.08,4872,4891,1970,540,7755
356371,7432,65620,3085,251,267,44684,1535,71274.2,15662,11923,27,1461,5025
240604,63575,1935,1296,622,379,10202,1012,48120.8,13130,698,824,1266,2198
197450,44971,30466,1735,971,769,10785,1658,23694,15855,10551,1854,1274,482
343270,71725,42376,5509,691,72,6951,1637,68654,15423,7470,421,3237,4327
328215,93575,74798,2845,343,331,16636,1377,65643,16560,9427,722,282,264
212193,33910,11604,4000,982,187,22084,724,42438.6,14050,669,560,2775,6604
346907,30226,42481,5284,905,24,42172,471,69381.4,12031,5034,491,1057,1395
497030,59099,88669,653,635,227,6296,688,99406,17433,11695,1803,3862,1713
245422,18013,50653,2618,463,117,14026,314,49084.4,10345,11918,1708,755,120
415453,21446,94203,5811,846,444,51276,908,83090.6,10301,1872,1381,4941,5162
156721,39673,35241,4827,954,107,23230,556,18806.52,2506,9285,722,3140,8321
178785,37657,33503,1038,396,241,25300,941,21454.2,12412,3834,1504,1652,9132
214535,4839,2838,2819,779,610,26992,1913,42907,10163,5356,300,72,440
186481,36725,35330,5727,587,533,21047,278,22377.72,5217,11613,1412,2878,4410
189838,30203,13440,4903,222,480,27247,1311,22780.56,6894,6480,64,2030,6766
56154,557,3906,354,218,502,5874,839,3369.24,12638,663,930,3869,9115
279160,30666,36994,2384,903,497,18586,366,55832,16437,9531,162,1547,8911
482779,130878,91875,1199,301,55,19225,330,96555.8,2988,8327,1902,2835,3968
451904,99143,30384,2402,980,148,33038,396,90380.8,17886,14086,1134,3775,8598
361822,24578,45378,823,243,310,30204,1844,72364.4,13624,7708,670,924,5767
384200,74779,32643,762,584,551,54661,787,76840,12198,528,1269,182,6131
64238,9596,542,5092,932,946,3139,384,3854.28,18557,13907,1827,1291,4679
330752,57500,38977,1801,580,661,10371,1848,66150.4,12058,4066,423,2581,5376
99081,6998,19149,4176,606,923,1693,1601,5944.86,3462,9531,610,3821,8970
257644,10129,23652,1015,579,120,28329,1534,51528.8,12792,13302,423,2966,7
435113,63394,63295,5630,378,771,28429,1930,87022.6,14775,1209,700,4396,8754
323105,66046,10270,3597,179,25,45275,557,64621,19168,8720,1547,106,8557
209775,11596,17268,3079,774,982,3623,1053,41955,7657,8866,1270,4891,6343
447973,65355,61630,3911,484,111,64476,1220,89594.6,7237,9187,721,4839,6615
299061,12974,36417,1288,809,510,9294,262,59812.2,17673,8426,731,1608,747
425952,66673,46894,2128,718,880,750,407,85190.4,3630,10802,1804,3268,6225
300134,70202,56042,511,326,955,24123,1118,60026.8,12698,365,413,1,5320
72551,8906,16073,3446,973,22,10559,943,4353.06,17461,3879,551,2665,9891
461377,55598,52723,1053,717,680,63974,989,92275.4,2725,11120,912,4635,4133
220695,2654,20317,4050,558,825,8014,1066,44139,9149,13322,72,2380,3852
163512,33758,36434,3989,926,263,9964,1785,19621.44,12615,8016,1382,4276,4915
176277,24204,15448,3522,386,115,14129,846,21153.24,4691,8778,405,2701,3655
90811,2160,9913,735,427,479,2086,1059,5448.66,12341,6906,1591,173,5771
264840,53609,557,2201,226,306,12392,1481,52968,16282,13739,829,3814,2867
327247,30552,44383,4479,785,230,41466,1152,65449.4,6152,2836,568,380,4065
474028,141408,6040,1535,689,700,62423,1542,94805.6,13456,10872,654,1993,1411
444843,47037,46652,1078,803,491,57565,1067,88968.6,6526,6569,1372,2548,9911
378266,16206,60941,5229,307,768,43663,1084,75653.2,17102,3237,1399,1221,4614
244104,34831,21804,4152,316,119,20271,1561,48820.8,11387,14231,1589,4642,4918
29008,1977,1100,2260,334,285,4246,1386,1740.48,12336,5288,655,2991,9341
212346,41335,26110,4572,538,987,6316,874,42469.2,10330,1898,1747,938,3659
42402,8933,5349,2106,161,784,2770,1144,2544.12,3444,2263,1767,4371,9662
194456,51819,30374,3530,318,406,12131,496,23334.72,16169,1391,407,4151,4484
269994,25816,42591,2024,980,357,35861,157,53998.8,12604,5132,591,3179,7647
409009,15619,57,485,575,889,6953,1280,81801.8,6633,7375,882,2050,4339
146643,37687,8503,1794,598,151,13856,1598,17597.16,11484,7805,719,835,5597
419425,92479,93829,2279,643,597,17004,270,83885,9584,5992,1913,3978,3325
123550,26819,22232,5728,598,324,6190,1982,14826,9375,5754,1432,3944,1184
494146,142813,64578,4353,255,856,54566,1334,98829.2,14006,3657,1150,1596,7592
446364,122330,108497,545,915,947,42797,312,89272.8,17231,12653,941,1502,1154
101218,8798,19121,4347,576,838,4935,1140,12146.16,16622,12799,694,2936,8485
143296,25143,5493,683,247,245,9752,1811,17195.52,14455,14253,1903,4517,4328
189767,49695,36645,584,780,825,16270,1941,22772.04,6310,6875,1920,3411,2593
392923,32747,67818,5383,375,917,39481,344,78584.6,7235,11515,433,3582,9805
401858,112870,88706,4294,596,314,22458,1201,80371.6,10335,8712,1146,1786,2284
251060,21182,44143,599,813,939,23065,116,50212,13486,13065,1201,1879,3437
250016,9415,54660,1200,625,804,28693,1699,50003.2,3887,11451,1952,3861,2640
42441,11085,1431,1759,352,161,4321,1020,2546.46,14756,12762,1776,1832,5710
248038,15008,60469,5788,824,611,20853,1778,49607.6,3327,6231,1139,211,1830
180201,22102,34543,3221,446,368,23140,1188,21624.12,8030,7088,838,109,3560
241324,18452,58662,2833,783,184,33795,173,48264.8,16911,12940,1765,2684,2667
334512,64075,11351,1105,165,952,9024,1654,66902.4,10326,10431,492,1391,7997
102122,8120,14639,2528,527,935,11585,748,12254.64,6915,9691,859,1384,9018
54760,7820,9520,2221,485,275,7800,154,3285.6,6236,5170,1691,2438,966
295622,18170,22735,5272,767,996,17772,1682,59124.4,16297,10069,1183,1453,8431
400025,16259,15203,5089,923,528,50064,594,80005,14693,14145,599,4557,9506
343998,22099,3974,2687,169,435,7672,1807,68799.6,13974,1940,1543,3326,3699
366374,9649,85222,2838,589,259,38200,1533,73274.8,2034,1314,811,2844,8691
357860,95791,39713,2296,393,958,42229,309,71572,9810,11370,95,834,807
153252,41037,12636,5125,393,244,17141,1748,18390.24,16050,1664,1051,358,1444
108538,11805,2302,5582,541,817,9980,1760,13024.56,6751,5953,1147,4316,3826
25372,1308,4547,5977,873,337,1096,233,1522.32,15740,5737,879,335,5561
301940,43147,31812,2803,885,987,19217,1374,60388,5777,4994,1730,852,3099
461488,74280,28760,404,411,49,51239,161,92297.6,5749,3863,1670,4438,7237
231035,46053,4966,738,369,271,27368,1614,46207,14311,7011,1023,4991,9539
370970,106777,83962,1821,157,234,45621,690,74194,4262,8306,1157,881,1632
392736,97841,79698,1651,595,583,19627,291,78547.2,18747,1642,476,3053,9783
365779,91393,16058,2998,163,828,45357,126,73155.8,19208,3670,556,2527,9220
121022,10679,8714,3912,536,555,16287,692,14522.64,19530,14794,13,3310,2440
64040,14605,10899,808,791,913,7657,601,3842.4,18981,7266,172,217,6246
347501,95365,2998,4646,171,305,34492,1117,69500.2,12704,3910,1722,3,4433
212440,10985,909,5610,374,476,31681,1469,42488,9245,5178,935,4631,9183
88356,12391,12729,5274,384,487,9125,1950,5301.36,11463,14539,1618,4008,3707
288355,4861,34648,1574,490,79,33322,1112,57671,5685,11676,685,4458,8993
377570,63582,60623,5413,860,285,24579,387,75514,4120,1629,314,1547,8154
277986,51928,7527,3122,283,560,34052,779,55597.2,15031,14604,1880,2859,3428
466331,34364,104000,363,327,97,12260,248,93266.2,18617,5168,1828,2184,1659
338996,82399,3072,4221,705,477,21360,180,67799.2,3300,9646,1105,165,8998
397881,97035,12018,4715,669,916,15929,1084,79576.2,10614,5086,1987,2636,3179
318112,93330,29652,1159,941,405,44580,1170,63622.4,3451,9374,1600,2872,387
289652,42923,4476,3127,688,942,29081,1654,57930.4,17490,1108,1376,950,5128
163077,7919,30232,1847,586,536,14058,695,19569.24,6003,5891,1947,3287,3360
64575,10334,11098,2376,200,725,6158,1800,3874.5,6736,14818,1064,897,6085
483958,85818,102793,736,592,567,24663,280,96791.6,14313,830,1874,367,4143
160043,47396,20875,3957,730,254,22487,1589,19205.16,2529,7359,1120,3941,3408
428815,34840,16219,1062,430,959,12386,1135,85763,2931,8342,782,4333,6604
490808,71160,30448,1035,193,667,21487,1710,98161.6,7035,1491,1260,338,8987
76914,938,14367,3964,836,486,9832,296,4614.84,11767,11601,342,3310,6006
259134,8176,25120,4394,780,672,216,690,51826.8,16153,8440,988,2193,1652
77055,761,6855,5028,514,193,6553,561,4623.3,3465,8109,1702,65,3326
97697,23638,23785,1878,418,515,8382,1140,5861.82,5510,1955,461,473,362
116239,12941,3097,4029,842,463,4712,1926,13948.68,8307,10290,989,1087,1900
245469,1669,44585,1376,714,779,7194,1050,49093.8,6430,11498,193,1751,3502
133106,39896,19889,2580,442,912,1205,1455,15972.72,12653,2429,332,3567,3832
277499,44859,1084,2130,852,503,35410,1902,55499.8,2589,2367,999,666,6218
326264,55786,21944,2198,343,35,44190,310,65252.8,7462,2011,1307,1332,9873
477835,20323,33921,4595,520,15,22757,1726,95567,16699,10707,1438,1466,1519
310486,6021,61282,973,701,998,27423,874,62097.2,16589,7114,651,4725,5221
489208,39807,87393,848,227,918,28742,389,97841.6,17997,969,268,3612,8233
482076,128305,51397,1236,338,967,32867,1698,96415.2,5469,1699,514,2119,7203
12257,0,2846,4444,756,888,599,1951,0,2170,477,574,222,2408
299508,50355,18070,1195,539,648,25435,1485,59901.6,6298,9194,1564,1805,3745
166044,36903,24475,2869,174,589,22168,5,19925.28,6375,3508,1394,579,5964
121715,8711,28366,2387,764,822,6438,702,14605.8,2403,9659,1087,1564,3994
36654,7904,5835,1213,451,72,5100,1010,2199.24,5527,11294,1117,2616,4707
221841,64033,41457,1476,820,319,27257,529,44368.2,4065,13765,1355,2677,2636
353567,100587,59439,5071,507,942,38610,158,70713.4,11337,13272,1876,2416,6534
301464,86478,31489,5165,869,244,15939,1331,60292.8,11955,9045,1149,3482,9660
30808,5347,6794,4606,243,857,2104,1679,1848.48,6584,8635,1857,4927,6636
62389,2477,13483,3573,985,739,7180,951,3743.34,16767,9319,883,3762,7680
498906,3093,57956,4542,700,194,43200,1218,99781.2,8331,8322,1713,1661,7656
128581,24918,15034,1822,485,757,7742,1502,15429.72,2123,7403,1231,4842,5524
137927,7207,33573,3102,313,905,3910,229,16551.24,16216,11624,1375,2997,7695
44773,9654,920,3422,490,88,3581,1529,2686.38,10798,5265,731,73,9116
192240,9394,45930,4890,983,771,9368,1725,23068.8,14409,9991,1992,2633,2642
430963,124501,97065,2756,716,797,13334,1360,86192.6,11286,9556,501,1437,90
348540,92510,46475,1949,221,138,28701,691,69708,17730,11917,1680,2526,5359
379836,93708,50697,2620,191,562,11632,132,75967.2,14960,2152,1144,2287,4698
224764,13280,33978,2805,560,658,22204,948,44952.8,15472,1356,55,3228,5261
67505,3535,16004,1443,987,753,1376,1743,4050.3,15176,4255,113,4040,9518
358040,27453,10272,4072,793,396,25147,1680,71608,3715,14134,722,970,2747
28135,7004,6212,345,170,952,4161,158,1688.1,5459,11151,518,3799,5715
100887,10582,21071,3614,150,483,10405,1295,12106.44,15365,7641,931,4440,3188
132118,2913,9700,4706,827,386,11916,1976,15854.16,12691,2265,1319,3062,7423
499251,133412,95516,2909,721,367,66261,532,99850.2,8894,10411,1280,3769,7705
319521,91715,17297,4726,225,845,6269,680,63904.2,3889,11361,1193,4940,7441
164626,27873,28625,4406,752,457,16465,294,19755.12,4927,4123,163,1421,163
334635,38057,28831,5303,547,421,31962,1828,66927,17136,4142,880,40,3293
458837,131669,56478,3419,868,231,43978,936,91767.4,7252,1583,1830,1461,9554
255739,57988,62909,1700,237,538,17589,820,51147.8,15266,2075,1912,773,3068
330427,94655,29367,1891,743,343,28543,1353,66085.4,13617,13364,128,204,7229
488356,15025,45813,307,166,719,47541,1823,97671.2,15376,1995,751,896,6081
289067,7145,20121,1283,478,137,32411,280,57813.4,3826,221,1751,3579,137
319735,55797,35547,3897,359,373,46023,1460,63947,9202,12358,190,796,1840
72261,8955,11628,2050,973,436,6673,1087,4335.66,14615,6560,1609,1741,8298
326480,73230,17178,5789,532,154,22156,1952,65296,13036,7196,842,2938,1718
346227,4830,67258,3811,714,518,29856,358,69245.4,14195,11929,1893,409,2098
70948,9834,13885,4128,789,114,6142,1012,4256.88,8477,6837,1877,4950,1685
250891,62040,60563,865,295,91,35749,1252,50178.2,7417,8592,823,609,680
174074,43132,102,2620,602,345,12844,1637,20888.88,6721,14515,414,2749,6196
483314,55030,92971,1200,965,593,22240,1829,96662.8,13782,9680,1280,2051,2353
476232,56815,13262,2478,542,524,51533,1270,95246.4,12636,3970,552,4134,7178
298816,85669,7453,3892,459,583,8239,1115,59763.2,14821,11752,650,2672,7528
276357,35690,45174,3071,641,90,4008,846,55271.4,19077,11312,261,4951,6718
151365,22870,12224,413,909,699,15954,647,18163.8,5073,2510,946,4641,1138
459076,57923,6172,831,579,397,25038,0,91815.2,17160,12904,191,119,1671
72507,3804,11252,1822,150,104,5193,1993,4350.42,5540,2313,1260,280,2642
67134,2368,7197,3710,190,811,7734,314,4028.04,5873,9401,1744,2318,7752
143172,40861,31591,1344,734,965,18748,1314,17180.64,16891,11974,77,1152,2887
251225,29203,13677,332,821,595,24305,1269,50245,18948,12943,351,4471,5134
203069,11552,11039,432,361,539,26995,1263,40613.8,14221,9346,403,2952,1934
300316,5608,27785,3267,482,278,36308,480,60063.2,10687,10218,1908,4410,1384
292276,45667,4570,2026,957,11,30539,1295,58455.2,12077,10532,1795,2189,5894
258933,55547,6706,5370,800,919,25163,653,51786.6,17691,14183,762,1128,212
290343,22485,11655,325,595,306,40193,1540,58068.6,14100,5064,1958,798,2157
46609,9292,434,2948,453,363,5752,847,2796.54,19024,5948,1070,4823,409
184037,9862,9449,4940,704,661,23360,788,22084.44,18546,5158,917,503,3392
149088,38299,24630,1561,840,317,2774,313,17890.56,6346,14715,348,4148,7090
442995,75948,74658,2365,850,537,33243,1592,88599,9704,7402,809,4339,5977
304025,86890,46371,3645,907,213,20724,138,60805,12357,11759,1636,2441,8089
223666,57560,10991,1233,959,313,10931,497,44733.2,6464,14963,1484,4713,1371
296616,83529,24887,1350,303,454,20967,1350,59323.2,11330,3566,974,1194,2568
192885,28682,13859,1116,765,398,27476,120,23146.2,14482,8923,802,3217,4249
241440,28415,23640,4503,672,751,29424,1415,48288,18521,1576,152,1338,6002
267803,64523,48339,5343,174,221,5023,464,53560.6,11875,4510,1650,1355,9732
177093,19323,25532,1037,957,579,5581,989,21251.16,9106,3324,1922,4962,6765
326275,53214,53235,3214,174,261,38253,909,65255,17374,1363,1330,4459,8598
165159,17997,38764,3902,745,495,3566,1200,19819.08,17731,1871,267,85,1243
22828,6578,4852,1092,255,622,2264,363,1369.68,6251,647,1677,2506,6628
464826,3679,2512,3475,902,129,5000,1521,92965.2,3058,11120,935,1837,9924
368808,95025,80982,1655,268,158,29756,160,73761.6,6614,9270,1311,1200,5948
142473,40308,21912,1685,257,791,5214,663,17096.76,10361,10049,305,2443,1251
488395,5695,99567,4292,479,290,55060,966,97679,12736,5970,1091,2647,9188
287337,58499,35515,4684,329,814,13859,549,57467.4,9224,225,284,4666,9390
233461,23382,15416,5863,280,542,11734,1358,46692.2,17995,12190,542,3380,2056
448080,14235,72816,1360,956,88,64592,1073,89616,18065,1773,1503,3395,5322
423523,62223,76510,1671,752,967,10428,746,84704.6,5051,6988,23,4452,9860
374662,2366,43746,4438,902,331,42646,88,74932.4,5666,396,1034,1726,4298
291755,27467,43775,1449,908,629,21139,1599,58351,4760,4407,638,1564,2562
184863,46932,36531,3502,317,505,12315,892,22183.56,3360,1878,1309,1886,5465
415166,6764,12227,3653,372,129,47780,720,83033.2,10614,10372,1008,88,3848
348384,90896,13031,3242,618,206,34769,1248,69676.8,4829,6194,786,3492,5111
249719,61836,43283,5472,427,359,8326,385,49943.8,16809,10235,1699,2326,5842
218475,31923,33000,4928,339,58,28976,1190,43695,2145,5790,773,4854,7888
274889,16292,51253,3748,680,95,13011,1737,54977.8,4373,13880,129,432,9648
327387,1614,67564,5714,675,830,11543,653,65477.4,2229,12869,742,1109,7737
276010,20939,18313,5627,904,245,7062,1931,55202,12061,3418,379,3954,1389
173317,47164,9650,3347,770,458,18654,336,20798.04,7388,13821,1810,1645,6615
447940,18800,91760,3010,339,144,11866,589,89588,17071,12865,1453,2453,1869
400825,56440,57751,1800,367,309,10219,434,80165,14058,7448,239,4464,4233
81354,23246,19724,5349,448,636,9019,1545,4881.24,4829,13526,1575,2441,9718
61374,16880,13980,368,460,916,7986,1271,3682.44,19625,11220,145,823,2428
124397,31688,18361,2166,385,533,9535,1067,14927.64,7048,11678,1896,1974,4998
258552,29764,2413,2248,317,380,23657,486,51710.4,5295,2201,1315,2962,6844
396721,32470,31070,4201,929,352,39164,1831,79344.2,11576,222,1965,4128,3109
433332,125088,103722,3808,342,883,53446,1500,86666.4,17513,12823,1335,802,1500
353173,38501,22409,600,391,950,19511,108,70634.6,19772,9605,307,378,581
365718,57207,29854,4422,311,284,23455,699,73143.6,13842,8347,1845,3102,2264
423663,62157,96742,3277,488,718,24982,1093,84732.6,10476,2528,823,1457,9284
302575,3216,29655,2900,940,916,38344,1767,60515,2595,6503,884,1142,1353
421124,22072,9952,2453,604,501,13788,542,84224.8,13075,6627,1653,3885,278
39336,9600,3597,4981,284,257,1370,804,2360.16,14813,2338,625,4873,3852
313136,37132,66156,5205,342,809,41445,1992,62627.2,15164,5947,531,4418,4690
65350,12269,929,5029,551,51,6996,1721,3921,11254,692,228,2209,5563
79561,22426,15455,4318,541,549,362,682,4773.66,13540,4779,512,1830,879
324099,17861,47673,3382,750,898,8133,1132,64819.8,8655,4435,1814,4313,1073
71240,13829,974,5054,191,664,3801,608,4274.4,15494,9878,805,3779,4073
161165,4960,12679,1539,242,844,211,838,19339.8,9877,11483,1043,2969,2936
409371,18781,61791,3233,364,215,4796,549,81874.2,15051,6195,259,2882,8638
56607,8301,11045,2668,498,445,8014,263,3396.42,8884,7706,1778,2137,7122
436703,126434,18073,759,662,222,23404,289,87340.6,16808,5729,891,4984,331
196740,31126,4671,4328,484,654,2661,144,23608.8,14753,14518,1008,129,8116
424179,107145,30365,2926,548,965,58259,528,84835.8,13352,10012,613,4107,7756
191196,22578,46367,4063,313,104,26036,93,22943.52,14589,1836,196,4922,4067
325014,17883,74453,3101,255,521,12430,337,65002.8,9287,1138,389,1404,8128
459763,29782,106657,4555,381,968,11548,1588,91952.6,19079,6777,702,31,1716
74110,16979,7784,763,707,753,1093,998,4446.6,17053,13713,345,2098,7171
194626,33746,46993,1297,866,887,14159,1934,23355.12,16451,9315,640,379,1543
162008,730,33426,5941,682,382,7744,1855,19440.96,16735,12385,1151,3429,9800
389039,56,12291,5331,326,113,54205,1644,77807.8,11875,4320,113,266,9973
14426,0,2542,3306,828,744,1733,1592,0,10301,6202,958,1823,6598
229911,55031,26154,1978,443,68,34319,1683,45982.2,12439,1691,1230,1486,4327
299750,1701,25650,1164,414,364,9525,1084,59950,4639,5526,847,53,4476
451048,73839,111876,1490,937,43,25862,1560,90209.6,17098,9817,1878,517,2256
38151,9393,3205,2997,669,680,4155,77,2289.06,15531,8559,1128,1817,7965
482519,66483,102348,2674,419,210,70153,1562,96503.8,5883,1566,725,1317,3146
283452,20505,36201,1164,979,275,34311,1454,56690.4,12674,7434,1973,2695,5034
250853,6553,39479,2876,361,992,5721,98,50170.6,5989,3974,708,3600,782
465738,33525,72920,4215,312,106,17956,1563,93147.6,13997,13522,1194,1362,5446
264595,44348,50243,5692,972,932,18385,645,52919,2591,10850,260,2428,7228
186743,5651,3059,3226,706,478,25475,808,22409.16,14402,13676,1989,1448,9026
100306,7273,23391,4729,894,678,1107,1338,12036.72,10216,8531,1345,3892,5647
235180,64236,15915,2697,202,204,8175,1246,47036,7398,9677,1801,621,6067
379128,75569,42568,2521,382,118,52457,1869,75825.6,12532,8897,1909,4984,6921
12204,0,2826,2082,587,485,761,1212,0,7339,1037,1187,2655,4892
102769,18677,19436,4298,832,108,12527,975,12332.28,5899,1139,1261,1247,5325
97265,17488,13978,3103,667,453,7271,304,5835.9,11622,4508,674,2800,7556
303275,908,31989,5500,193,238,28370,875,60655,11760,6688,940,1332,4298
62428,4617,313,4467,752,7,4320,355,3745.68,8837,758,1558,893,4469
43870,10048,8921,4847,857,511,4374,772,2632.2,16886,10475,1725,2033,2520
113547,30431,16767,3258,665,42,10668,1503,13625.64,11304,9459,1326,1293,1547
245990,35079,38652,2078,782,393,19631,778,49198,14390,6284,911,1600,4147
59067,16020,1812,1125,724,808,3856,1877,3544.02,16010,8798,164,992,6494
461801,111889,84244,3961,241,131,42767,1770,92360.2,18542,4382,1961,640,3914
248083,49323,13383,5731,908,717,18782,39,49616.6,2733,3306,418,3074,1766
122217,26562,5248,3669,880,899,16368,475,14666.04,4028,14372,1263,2794,842
424823,89909,101733,3395,587,791,44192,1137,84964.6,19148,13964,551,3411,9286
428184,46105,60089,2457,486,750,30825,1349,85636.8,17212,13828,1551,1728,3905
108934,30164,26440,351,892,788,15076,678,13072.08,2191,9112,196,3513,45
152980,1885,21230,3661,443,393,5222,837,18357.6,9137,4461,1290,315,4963
429639,57819,95190,3815,849,557,18563,1645,85927.8,19484,7547,1074,1239,5722
346851,1049,55919,4862,969,984,27392,531,69370.2,18214,3785,1756,4339,6162
219329,53281,16611,3630,829,197,1312,229,43865.8,10972,5210,1391,4569,2898
267354,43271,63483,1974,413,463,29129,1411,53470.8,19177,1078,1389,1802,7796
71215,1161,10256,3165,254,120,9090,984,4272.9,12972,2694,1482,2227,7796
196907,815,40971,1661,373,299,19556,780,23628.84,10282,8074,237,2922,7106
321573,36534,40533,1086,568,219,38700,1328,64314.6,8711,9893,1359,2117,5397
354296,93034,28281,855,264,867,19476,75,70859.2,3641,7720,1368,551,3767
118048,25037,1739,2339,384,800,8440,264,14165.76,5358,13022,945,3697,476
179530,36007,1525,2062,933,93,26815,314,21543.6,5856,11489,322,1477,5038
187241,13942,16453,2412,423,291,19016,627,22468.92,10627,8421,706,4240,6772
148731,27278,6251,2510,379,152,3384,1538,17847.72,3916,11226,1088,1686,2901
463830,99173,108744,2001,878,524,20647,991,92766,17251,878,11,3806,7124
249977,38294,19507,2386,183,934,13885,1546,49995.4,18430,8615,902,4175,7779
349384,73277,79396,3012,537,718,36472,1284,69876.8,4354,10545,938,1586,5809
436009,62509,86644,2707,858,766,46295,1954,87201.8,18497,14051,1004,2645,9916
123688,4694,27906,2616,650,421,5628,1392,14842.56,3081,14150,1837,1679,5615
318617,58150,73185,1910,611,157,17581,1687,63723.4,13494,7824,1375,4268,4835
368906,67470,13193,4652,598,269,42951,1733,73781.2,16090,4356,1813,4284,2911
230460,21556,31022,5005,978,817,20887,81,46092,15323,6519,1355,2827,5345
491546,49086,97192,1427,363,579,8692,1660,98309.2,17052,5926,901,5,4633
379100,18907,81449,5791,195,256,42121,229,75820,3589,9878,1573,3971,8309
390596,71695,64042,1204,554,700,57442,645,78119.2,6855,6484,166,4709,7397
196823,48487,15629,463,482,514,15171,1621,23618.76,11629,4381,1765,3961,2288
398455,29158,30692,1436,389,236,19512,297,79691,8030,3759,1467,3273,8684
219987,20293,4954,5010,403,945,2294,1578,43997.4,3525,13122,616,3815,6337
457470,99468,33512,2325,377,444,15019,1933,91494,15959,3666,1620,1070,1864
279150,33387,10719,405,882,931,3914,1739,55830,14643,12840,1213,2644,3962
259243,40750,55427,5094,315,643,29743,280,51848.6,6595,12191,1115,116,1452
84218,3066,12402,4759,734,170,6988,467,5053.08,7599,1647,666,3346,1990
206416,21256,37344,3392,886,269,16282,529,41283.2,10935,7475,1840,2330,1344
437056,2460,9216,2321,660,600,32029,407,87411.2,12733,12666,880,138,7784
42430,6820,941,1452,747,614,45,1726,2545.8,4165,8973,1550,325,1640
33091,5546,5050,998,742,636,2443,974,1985.46,11846,2149,1824,552,1954
267125,16191,46716,4167,876,66,31863,222,53425,13699,4709,95,4778,4945
436199,84631,2438,3570,825,774,35899,1897,87239.8,7778,405,813,574,4821
33989,1291,376,1046,539,7,2663,768,2039.34,13993,9341,225,1452,6543
85451,10390,12078,1260,901,555,9141,1038,5127.06,18646,974,1523,3351,558
28990,5374,89,3791,572,447,3568,693,1739.4,16264,9482,1653,3428,8306
362414,25976,43815,3597,560,134,27297,545,72482.8,6431,678,1222,4812,7956
352504,63116,62460,3277,730,759,36566,1203,70500.8,17210,9553,652,447,6121
260541,62821,9257,508,798,815,21621,1025,52108.2,11208,8616,692,3406,3464
308225,12204,25634,3616,813,829,14572,1955,61645,16539,9476,166,456,6108
152105,7394,28648,5707,596,24,11481,150,18252.6,19367,4160,1969,3366,3787
380416,64814,92712,2191,552,464,31867,1943,76083.2,9671,1516,1989,3193,8455
288385,33593,48980,1476,246,985,27910,1133,57677,19943,214,1138,1580,329
134932,11652,10296,3806,528,373,16209,1951,16191.84,4702,8441,827,3900,6318
278083,53365,60197,2339,819,195,30889,1330,55616.6,17191,8139,904,2513,5331
123000,443,21959,3589,335,703,14019,1837,14760,12455,5420,1129,4095,6538
188634,23903,14570,1752,829,880,22919,1420,22636.08,18281,3697,889,1730,7919
45063,754,2655,5061,393,401,3221,1888,2703.78,7686,1163,3,1883,8062
217793,28180,14727,4160,780,121,19701,617,43558.6,6497,5329,244,1449,6567
168117,48791,17899,1917,857,771,12788,766,20174.04,7802,322,1883,1832,6531
447985,103700,35785,734,652,912,20428,13,89597,6268,4957,1812,938,383
319262,3465,62806,2627,437,558,18605,1296,63852.4,17128,2118,1163,121,5221
94703,2711,7343,1946,518,885,12880,1401,5682.18,6048,9062,1100,4758,3889
424841,51559,77875,3463,214,208,37035,655,84968.2,2506,3243,893,2405,3629
245796,25198,34341,5558,311,300,23203,927,49159.2,8287,10692,49,3768,4951
138557,22488,5597,5062,746,600,7237,206,16626.84,14214,13843,652,1100,6185
299220,38515,10244,1740,720,953,2984,618,59844,2246,3472,691,2830,6235
263317,27898,3796,4743,943,514,19640,1270,52663.4,8684,10211,1014,1548,8471
205877,1919,41591,5160,811,907,26012,734,41175.4,16655,7465,1498,3132,1868
316749,50070,75589,1233,567,986,37241,779,63349.8,9552,13733,347,477,1765
356709,62613,28528,4578,630,656,24548,1760,71341.8,16569,2967,977,2669,6937
491725,96707,115920,2855,782,885,7179,1410,98345,13801,14810,484,2519,7553
311265,86135,18648,1446,418,533,42734,1098,62253,14849,10943,207,1037,7392
468317,47003,83967,4296,916,38,66518,1972,93663.4,11634,1045,1652,4752,4443
303577,48478,535,680,885,806,22807,1066,60715.4,4639,12487,660,743,3418
53309,14434,7884,1124,716,618,1138,1156,3198.54,6157,758,1206,829,4796
339612,46246,64912,1838,797,611,42193,430,67922.4,15382,11066,1545,4915,2489
447470,59030,44493,3675,339,783,37310,794,89494,3918,10335,973,4378,8672
339437,53061,72417,1937,555,740,17214,1918,67887.4,2943,6713,630,39,4942
368402,1999,45785,4587,914,946,30089,1459,73680.4,2988,788,91,34,9389
441069,52800,85017,824,638,885,65156,55,88213.8,9936,1553,668,94,6658
310549,5445,66561,3407,461,796,31454,207,62109.8,8693,5540,1134,3770,8009
469868,246,30869,1393,745,205,45053,738,93973.6,16672,4642,394,4064,8028
53527,14769,2051,404,838,582,8024,103,3211.62,6279,1789,1053,4106,9798
349371,5212,30192,2039,243,680,13492,463,69874.2,16615,8450,1703,2810,9763
403708,3339,69157,2660,539,696,7632,1871,80741.6,11928,2279,1498,249,6741
234490,56238,30566,3426,696,411,15387,469,46898,5113,8025,176,865,4574
149883,19394,20947,1976,560,332,20672,579,17985.96,11515,3915,1666,380,7654
103344,21103,14405,2654,361,207,2860,249,12401.28,13627,8599,512,3880,9921
165344,35136,4403,5216,787,404,7105,991,19841.28,16325,2585,1311,3743,9904
497151,34607,36091,4431,518,387,26544,602,99430.2,6214,11676,1318,4956,4037
475226,52055,52510,3234,891,486,24174,782,95045.2,5148,14714,1620,2948,9810
233564,4395,22525,5444,317,381,2471,402,46712.8,4886,509,129,4721,1178
57153,15290,5017,2172,163,866,6234,25,3429.18,14178,6752,1737,4554,4549
118042,22151,6435,5456,735,883,13082,718,14165.04,4481,1861,1694,250,1
64110,3691,7321,1342,713,270,4836,940,3846.6,3425,2385,657,1861,4598
155051,7470,19729,3734,356,436,6288,1787,18606.12,2667,2638,134,2970,9403
251131,3841,28430,1741,957,857,20721,9,50226.2,7532,6725,772,3764,4745
249173,63197,38584,2145,192,429,21534,1633,49834.6,18486,10172,412,4655,1212
38328,6621,4604,3801,591,646,772,613,2299.68,5685,5000,1987,1490,9511
122911,17776,3424,1841,664,657,11864,1520,14749.32,2048,2088,1581,57,5124
285011,71596,53252,766,756,344,12178,1433,57002.2,6947,5288,1207,2348,7949
69234,20639,14628,3244,544,996,1778,1159,4154.04,18167,14022,2,3227,8414
297995,27584,12501,4594,387,148,26595,847,59599,14288,14580,140,4251,7256
303423,4300,30131,1891,828,627,43884,220,60684.6,14448,6192,1090,2810,709
258503,3338,23566,3115,680,391,25164,543,51700.6,6719,4757,1095,194,4546
237135,62601,23824,5630,868,186,272,1300,47427,19677,10062,1713,3024,3694
83402,5487,2812,4372,891,19,11121,95,5004.12,16811,4213,1138,929,6385
287593,36282,9402,3872,553,337,1501,1836,57518.6,8908,7090,899,4651,5270
348365,95065,55956,4636,363,372,10297,1462,69673,12155,3338,425,3403,3520
361224,95798,51920,1493,717,978,13270,1531,72244.8,19700,11026,1634,1752,1102
15451,0,593,593,995,755,386,779,927.06,15899,10703,587,3348,5872
97178,11280,24259,1221,523,66,7628,1711,5830.68,2498,10017,1303,1425,5607
444532,108611,67462,1638,281,438,54879,614,88906.4,18870,3885,1381,4131,4517
466280,11158,66392,3498,158,61,45100,1210,93256,9579,13092,274,2629,8845
335905,74157,5988,4863,892,485,14626,841,67181,7740,11475,1782,467,914
246562,10547,8743,2714,302,785,1281,1861,49312.4,2888,13081,1123,4788,800
311014,88713,56999,5153,580,858,17653,1060,62202.8,13920,10432,994,4862,3060
368710,2459,69674,5509,632,974,4335,1233,73742,12483,2418,81,3551,3872
395893,28768,81618,3775,454,621,11676,879,79178.6,9736,7246,807,1491,6060
133765,38041,33374,1841,433,567,10657,1438,16051.8,3104,3505,759,3698,3587
397025,50870,74399,2798,621,84,2254,1790,79405,18564,1527,1662,126,8529
434089,107761,60659,1207,339,405,34343,130,86817.8,6767,9921,1279,4088,5144
138389,38191,29807,2793,677,775,9561,1860,16606.68,19253,5814,801,2771,2274
199699,50460,22118,5352,661,394,12094,97,23963.88,13640,8948,1752,4615,2293
207227,17434,5149,2427,492,618,8759,1466,41445.4,10408,6880,635,4351,4454
297516,60817,38079,3388,579,523,12447,1568,59503.2,4810,6347,1030,815,1233
275786,38247,2484,5927,864,175,14145,1059,55157.2,16337,3659,74,4502,3985
270220,15419,55474,4947,835,358,28767,969,54044,15886,6573,1573,1536,6007
431217,100553,90727,4290,829,830,14760,1772,86243.4,17834,9857,914,1,924
306208,35577,48601,4051,183,538,44956,1538,61241.6,14747,13960,1762,3657,744
235898,2921,55929,2397,620,290,3187,1994,47179.6,19015,9285,1836,4388,8583
286266,4676,43809,3474,543,129,16982,1666,57253.2,15044,4145,1683,2809,7745
428036,85961,20791,687,890,738,46386,1243,85607.2,17119,394,474,3165,2247
78431,2417,3807,598,644,478,6411,1385,4705.86,18514,4451,222,2098,7261
65745,16916,3173,4734,662,647,8235,954,3944.7,13480,4405,1752,3243,302
60081,13463,1473,3760,471,531,1881,693,3604.86,10721,3730,1911,4255,3238
474118,40935,62327,4361,264,263,30620,27,94823.6,15542,1900,1153,2231,8407
411927,67005,93386,773,363,958,16356,904,82385.4,12025,14409,548,1841,2751
226204,58596,52490,5011,915,835,23740,1561,45240.8,3147,13508,30,1215,9459
422009,72828,42967,5357,294,670,57724,668,84401.8,2561,10500,238,4261,3211
411415,90945,53709,5187,708,502,22335,521,82283,19479,6040,1577,1661,3107
86253,23526,2412,3513,941,159,5762,922,5175.18,17731,12455,1285,4941,6122
308335,55152,48861,5589,327,908,6870,1982,61667,4172,4932,1645,898,4278
282355,72467,68718,4408,874,853,2162,108,56471,12622,4090,980,2092,333
121086,1091,25003,748,509,537,15861,829,14530.32,16520,8166,1672,3261,2203
466285,122537,20948,2521,434,80,50810,607,93257,2083,4892,713,2182,2602
492112,53806,33782,2282,394,412,72118,657,98422.4,4987,12475,597,3920,9612
459962,131332,50756,5551,914,474,52044,1204,91992.4,14952,4017,478,2024,173
424758,75992,82789,3911,355,887,38811,209,84951.6,17045,7832,1204,1765,7084
434528,22320,105217,2942,733,981,46398,341,86905.6,8875,9458,906,2070,9296
448458,78971,101031,2220,883,17,25451,1680,89691.6,7079,1186,373,3231,29
374115,42145,68388,2616,491,68,24255,1072,74823,2905,8675,1618,4609,8623
103783,30920,9077,1574,876,907,3515,1496,12453.96,8793,9154,1384,2721,7568
135681,27025,18992,5789,509,129,7827,665,16281.72,16018,3438,971,3260,9183
97893,28109,1273,5168,648,937,27,772,5873.58,10730,6024,499,2043,9003
458604,20754,7649,1915,290,646,66171,328,91720.8,16498,7767,229,1134,635
168763,4301,29002,5283,817,814,18399,555,20251.56,8205,8970,1295,3453,9810
87960,7207,1955,3918,371,890,10316,1259,5277.6,14550,9110,1036,1798,2218
356532,27920,74314,2606,538,729,33354,1943,71306.4,2198,9227,1445,265,7743
32601,5819,200,559,479,309,3622,1464,1956.06,11723,2795,1932,472,2864
421236,123746,70085,3506,892,486,45289,1144,84247.2,19355,8774,398,4737,108
149227,21545,15863,1812,542,14,19854,247,17907.24,7314,7141,1041,1949,267
210191,24016,11809,5038,803,495,29000,1542,42038.2,13055,6692,1423,1104,6262
484267,60522,58169,2428,507,185,3470,1043,96853.4,4370,9182,168,315,4123
177849,8556,8302,3738,543,416,25858,695,21341.88,14632,646,1073,2064,108
291854,54068,8100,5478,736,706,6900,502,58370.8,14199,10380,105,183,3045
380858,112099,68447,5658,189,702,30705,363,76171.6,11825,12150,1131,2645,3486
165604,20102,12091,2476,422,745,22946,488,19872.48,7321,3794,196,3992,6643
138727,38893,9099,4807,569,431,8582,1223,16647.24,3371,3135,1242,4879,2570
421817,1924,55020,3808,219,65,55133,1789,84363.4,10626,9946,1151,152,1931
73227,19479,5663,5010,978,80,10135,1426,4393.62,2839,11653,1729,1294,214
146039,39451,29904,5294,772,960,6132,1268,17524.68,8291,10511,40,1636,1653
94289,21565,11881,3380,607,35,1950,1506,5657.34,13908,4594,1393,3512,8796
161094,18922,36104,531,383,746,2637,1599,19331.28,18296,3346,1655,1806,9278
446679,126372,39137,1029,346,16,38735,1834,89335.8,8412,12356,538,1207,3464
215743,9945,2534,3312,860,513,6258,811,43148.6,17050,848,698,1572,6157
277866,50062,67762,5816,658,32,27266,664,55573.2,14523,7093,1344,3360,991
168485,306,9585,3229,685,348,7906,1040,20218.2,6738,12768,382,2178,2498
495988,88495,92796,5993,968,379,46207,38,99197.6,18224,13472,141,1328,4991
353194,69767,76438,617,296,507,20488,664,70638.8,2891,12949,930,693,2566
243820,12207,36392,1830,723,645,14453,866,48764,10952,12774,278,2157,3290
246994,39426,18731,1410,608,938,3538,294,49398.8,3225,9044,1514,104,4886
489083,6336,83324,1015,216,867,15191,38,97816.6,4296,9224,21,3098,905
355740,75166,31126,1641,179,855,2747,186,71148,18333,8592,1562,2435,782
338876,17256,42485,3704,256,266,18058,749,67775.2,13508,1711,433,2176,1846
415513,99445,45798,3612,827,516,44494,961,83102.6,15536,10980,24,2486,6033
78323,17049,2774,5529,539,797,9123,783,4699.38,2864,8486,1889,1133,5145
295960,33719,9017,3420,555,905,24700,308,59192,8582,13785,181,2716,8920
50695,9249,9316,3387,270,484,6366,361,3041.7,15622,330,688,3605,935
422918,45704,90680,5492,160,346,31047,461,84583.6,13772,12222,1882,3222,2474
428458,30013,95446,501,733,602,40833,668,85691.6,4101,12010,1364,2567,7938
65841,14455,10150,2440,496,663,2865,1254,3950.46,19626,13449,102,1849,8539
400642,70258,36507,1972,402,442,24834,705,80128.4,13058,13808,898,3151,895
208784,12812,47679,1356,946,377,30786,1273,41756.8,19311,8505,664,4578,8562
488879,10060,92221,3971,268,629,39794,777,97775.8,7588,3361,494,3159,3409
117096,13056,24402,718,669,962,11325,1,14051.52,2346,3045,323,2618,4077
102764,6655,4464,2898,364,572,9163,1498,12331.68,8819,11038,1848,3161,397
456790,49923,95599,925,882,357,57335,652,91358,2488,9637,782,1279,2482
95744,13027,12381,5240,229,537,13837,181,5744.64,11272,9682,1730,193,31
300626,4030,24020,4130,568,620,28950,1,60125.2,9708,7912,650,379,810
19171,0,4094,2178,733,879,1146,1193,1150.26,3110,3788,91,4330,517
110755,19739,2930,2244,861,806,12240,1293,13290.6,4425,9090,514,678,5277
118125,34168,763,3229,834,209,12789,976,14175,11578,2495,124,619,5253
402866,110234,30755,3067,438,770,55953,306,80573.2,19353,6954,1011,2954,9939
378226,61687,11552,3683,383,805,11532,875,75645.2,6403,13050,1553,2699,7553
13696,0,2147,3840,410,41,892,48,0,3934,9992,877,1663,3081
136310,30013,19779,693,806,815,3623,1445,16357.2,5160,3467,692,3554,1084
423274,72115,29000,3156,171,984,8038,995,84654.8,6786,6913,264,2103,8704
161385,18242,20103,3219,227,12,359,1953,19366.2,9454,14711,1662,423,2337
291293,4781,53953,2918,891,600,17872,1308,58258.6,18330,9601,334,1902,803
402208,20448,57564,931,821,599,48375,1902,80441.6,13859,8877,103,3983,8359
325665,51550,14102,3156,163,823,22144,379,65133,8799,876,1863,4272,915
55740,16526,1861,621,897,488,290,1855,3344.4,2163,12622,1959,3359,9439
116611,21446,10806,3806,297,186,14371,790,13993.32,7414,9414,439,3444,5687
408172,76579,32682,4969,811,62,43986,790,81634.4,13923,8963,1805,2476,16
478947,114679,78819,1993,179,335,21339,503,95789.4,12551,7682,357,212,3750
485828,85615,91133,1363,587,554,51265,783,97165.6,9920,5713,1724,3535,1493
258922,17101,49261,3411,822,744,22058,555,51784.4,9641,1000,1804,3398,132
338785,66178,77972,1776,922,745,28434,571,67757,15191,11130,1786,2948,2782
73811,18932,8890,3217,679,74,6264,1222,4428.66,13556,8514,1966,2431,9233
455376,90481,48120,3561,212,764,6335,108,91075.2,11338,2069,1353,171,6212
192385,52802,38297,3093,579,824,11739,64,23086.2,4568,1131,619,1632,8253
73232,7549,15843,3386,284,148,5473,1938,4393.92,6938,13878,1757,340,5446
287561,78933,8299,5543,306,990,17950,1708,57512.2,5796,1005,1412,4245,2445
165801,25362,41348,4111,718,693,10596,1376,19896.12,4374,13755,1365,4496,7261
122492,33717,8616,4270,926,206,479,1121,14699.04,3931,10238,866,1624,4496
40099,5444,2494,3651,403,692,4892,1152,2405.94,17892,8161,260,4968,396
239206,23016,11157,1258,336,684,5192,267,47841.2,9173,14886,1785,689,9022
433177,55200,95299,4443,528,240,23942,1432,86635.4,6138,12273,395,1747,7318
415818,80268,32687,1882,476,675,7097,86,83163.6,17196,10870,1954,4254,2453
128474,26911,31809,3476,348,574,1099,1624,15416.88,19973,4186,596,4041,1560
281400,83402,60047,2716,320,893,14302,1879,56280,9818,12335,409,2098,7979
489336,42607,10191,759,464,234,46417,1417,97867.2,5096,6932,1408,1783,7779
253588,27621,56884,2594,155,124,25051,449,50717.6,19291,1310,1776,3872,9108
44681,12823,5759,2611,405,256,3377,928,2680.86,6672,1815,137,2920,7791
101328,29986,11767,1529,970,91,916,740,12159.36,10451,1632,1278,19,4077
228512,64325,17911,1830,469,736,10401,470,45702.4,16718,7748,421,973,8988
468005,127925,94165,4925,397,706,59415,1665,93601,10128,1697,151,2939,5620
315505,57771,43726,1687,880,886,9551,1667,63101,7537,2116,1139,71,2557
467719,54973,34623,3097,153,206,50459,1942,93543.8,7594,8476,734,2789,8071
44540,2537,8638,1663,662,416,2221,764,2672.4,11324,11225,1772,2011,705
167608,14690,17981,4802,987,287,23858,109,20112.96,14815,6096,46,2377,8371
94700,6339,17232,752,655,214,4974,1832,5682,11869,13983,1878,3704,2454
466259,57888,71494,4204,180,697,11013,293,93251.8,2869,10038,1876,999,1237
350676,10956,80241,5209,982,637,45285,214,70135.2,11780,10799,1281,1677,6251
197647,21303,30636,877,778,793,8894,1335,23717.64,17545,10200,1396,61,1659
399770,56227,63027,4219,424,766,16501,1227,79954,10766,14373,1630,3169,7632
406087,36533,58995,3312,858,511,43060,1451,81217.4,17585,11463,1403,126,6311
56002,2827,10108,3564,474,572,3263,959,3360.12,8368,8267,1665,3664,8280
59812,2058,3529,2231,326,367,5043,1559,3588.72,11398,12798,1181,1883,4120
425842,56901,51070,4542,436,400,4667,1116,85168.4,8304,8701,1176,3619,2169
201051,11519,25152,4801,897,200,10152,680,40210.2,11277,12387,368,2787,1596
479273,1832,104065,482,228,580,23182,1051,95854.6,17270,11568,1618,4104,1351
267906,41368,66224,3477,392,284,28784,1341,53581.2,18780,3270,189,2795,7535
118946,22889,25365,535,972,62,17671,1422,14273.52,17952,9839,765,2786,133
76668,15618,6306,937,650,645,7658,1725,4600.08,3864,7120,1280,1260,3190
109003,7170,5072,3305,354,750,9559,265,13080.36,15708,4547,868,144,1558
221142,37570,17739,4574,609,763,28910,895,44228.4,12255,5792,1499,4089,3150
230462,6615,50839,2779,532,360,20187,993,46092.4,17270,13304,1214,1548,2005
315142,72298,63211,3772,872,186,25181,284,63028.4,8752,12705,1210,1994,8867
204886,38311,10909,824,482,482,2169,1950,40977.2,13623,14705,1647,626,962
114601,24709,28115,3090,752,370,5419,1086,13752.12,19035,5577,1333,4064,6572
448823,103187,12713,5959,315,20,65220,598,89764.6,13168,11110,964,475,8584
279956,23434,12614,2670,310,940,33330,913,55991.2,10846,275,438,2311,8644
71844,21343,9321,1584,155,940,6460,1542,4310.64,19232,4058,1629,403,5247
211165,15739,32561,1935,802,854,5938,666,42233,17710,3904,1321,4218,11
405395,66202,20734,2023,354,802,20384,1928,81079,10669,6700,986,4294,7900
184870,33044,30709,2746,681,307,8211,19,22184.4,3061,8748,820,3388,4160
84601,14063,6086,4732,249,45,4637,1787,5076.06,2975,14088,233,555,3808
411491,33649,78267,4514,826,193,20344,1908,82298.2,17657,2193,1088,1202,8724
453790,116770,86128,1881,194,56,3541,1371,90758,14140,11395,1672,3513,1725
320001,39470,13341,2760,606,553,35925,49,64000.2,13088,10757,113,3967,2650
397699,74965,39435,879,998,456,55013,1212,79539.8,7883,9513,1222,1140,7851
292844,48621,12976,4241,376,332,11932,66,58568.8,18902,3031,50,2806,8028
267927,32926,5290,495,464,746,6548,364,53585.4,13831,304,1241,1437,6108
442680,114300,45812,632,201,865,56273,1225,88536,4948,6990,373,1890,2508
183423,37997,23586,3391,295,15,6836,912,22010.76,16787,6539,1039,3564,9345
103330,27172,25139,5018,430,644,10351,1122,12399.6,6032,1966,1460,612,1678
235391,40724,55456,957,272,512,1314,660,47078.2,11044,3238,1861,3805,1751
223606,31704,16340,1003,868,743,30617,1992,44721.2,15025,11153,189,4497,7729
417085,122202,48723,5852,620,149,18810,976,83417,11153,5203,1769,280,3687
201387,28391,35655,5278,446,815,28529,1183,40277.4,13544,11433,36,161,4788
251133,63291,48562,1749,763,633,17323,815,50226.6,6359,13091,444,43,6855
496904,2526,55833,1552,661,793,8429,1701,99380.8,12258,6220,696,4006,4269
424170,24686,80096,823,935,801,57987,27,84834,17520,12480,172,2523,7533
172627,7803,23997,2564,790,881,8376,465,20715.24,18135,14582,1355,1625,7995
335497,98204,66876,5385,651,825,7887,1723,67099.4,4853,9938,1111,3242,6269
485406,6574,110233,2722,828,212,34553,1861,97081.2,8303,1686,637,1939,1151
448242,8733,26013,335,351,390,42408,1849,89648.4,17521,13050,1808,1793,9387
372916,50290,32862,1075,564,280,40797,1221,74583.2,13606,8908,1277,2545,4430
188048,7257,22282,327,763,952,7490,1232,22565.76,17277,4599,1912,1825,4271
483794,36051,45608,385,732,651,47704,1460,96758.8,4432,3228,385,822,7389
363646,15909,84612,2535,571,670,50533,265,72729.2,13270,13286,478,468,5646
386087,89682,40894,2652,669,538,361,769,77217.4,6970,14959,804,1991,2725
381994,77338,85201,3793,823,341,50211,992,76398.8,13119,4686,949,2262,1927
55095,7896,1497,4581,222,673,5865,1514,3305.7,16871,3114,1961,2666,8700
155342,28133,10923,5424,494,629,22796,1432,18641.04,14030,8687,284,2887,6478
171980,51571,39821,4953,176,336,3141,1957,20637.6,11471,2188,1856,320,7909
287667,79062,47940,2856,318,74,20123,256,57533.4,13153,11861,747,939,690
72433,18140,10935,5366,924,92,292,1359,4345.98,2617,4777,205,2346,5411
450284,111546,89577,5421,949,545,38173,857,90056.8,4359,14289,374,3145,5139
29991,2306,4275,4612,734,114,359,1256,1799.46,7602,5145,935,4540,6668
282919,64265,11073,556,358,420,1609,1739,56583.8,13852,7597,112,140,3627
481017,55415,7691,4106,760,953,34128,72,96203.4,10284,12280,778,881,1580
357139,91087,46538,5872,692,112,623,1036,71427.8,11082,14527,953,1525,6676
464466,54160,24490,1747,997,367,34333,582,92893.2,15139,8359,1247,1051,5998
157745,25298,15688,4719,694,59,1920,1528,18929.4,17982,8536,275,4253,406
132808,35338,32969,2544,874,281,17895,1024,15936.96,13210,12189,1729,3153,8749
168128,22191,13829,4899,806,236,23930,1182,20175.36,9829,3232,414,825,770
147686,33092,3086,3643,760,637,16148,1532,17722.32,15231,6266,1412,2068,5724
17415,0,3113,993,971,940,617,482,1044.9,17581,2455,351,1369,3805
491907,62513,2590,5354,459,44,22303,1239,98381.4,14319,8837,1073,2264,2495
256038,51097,39893,2365,329,799,24313,194,51207.6,14924,4709,904,4946,2392
447100,35198,73396,3900,796,740,34769,1335,89420,6818,11262,1064,4584,433
420180,94223,38176,4520,587,196,396,402,84036,7095,6121,1534,2360,1171
440942,49997,67484,782,626,723,54827,3,88188.4,15298,14476,1545,3857,7648
264205,78692,26295,3965,544,498,4497,764,52841,11677,7603,692,3987,3221
309188,567,38131,3375,851,582,34279,1819,61837.6,8648,8936,867,4966,3452
198221,2179,44893,2974,691,746,10285,1835,23786.52,16073,12108,176,4257,7469
178616,2019,11924,2698,743,790,12441,541,21433.92,10402,13553,409,1417,4468
59976,15919,5887,650,206,448,2692,803,3598.56,9949,1354,1131,288,1049
435468,85239,10851,948,323,678,47390,1972,87093.6,18348,4998,1602,3698,299
275976,18704,7734,4170,869,194,2032,105,55195.2,10974,12397,35,3986,8134
231883,18030,42681,527,475,684,21118,121,46376.6,10094,4052,406,2736,8455
221509,3420,48959,2363,471,194,27328,954,44301.8,9136,5051,349,29,7484
306292,59875,5293,724,332,574,7639,707,61258.4,9370,6735,1190,210,3850
464456,16740,53203,2811,384,581,48761,982,92891.2,2111,14596,314,4564,6842
249241,65263,46613,5119,768,734,4252,714,49848.2,11580,11109,1814,2362,2791
229526,64559,13820,2121,335,309,10668,771,45905.2,5784,3065,278,2805,527
384374,19465,67827,5189,415,794,51060,1290,76874.8,2696,5388,938,1515,872
357220,51432,47163,4572,793,860,5077,1264,71444,19636,12781,611,3021,6858
480332,4131,12391,2890,991,590,66811,1076,96066.4,5409,9858,792,4372,2825
456675,10652,101002,2856,478,547,32562,1147,91335,2257,8486,339,2996,3642
310546,64973,41970,1885,979,388,32826,1111,62109.2,5131,5055,1083,4530,2612
198799,21507,46823,1978,514,706,20307,309,23855.88,7077,457,101,407,7644
48578,14379,1041,4959,832,434,616,1779,2914.68,12468,7630,1696,2276,4098
100453,14903,17941,2580,959,728,14092,851,12054.36,15651,10647,160,1710,7631
425534,114217,83127,4049,173,799,30254,556,85106.8,10623,4689,997,825,2920
347859,89342,36389,2838,410,660,3671,912,69571.8,2117,6884,1728,3120,5703
218859,19171,3352,1316,504,495,18095,1599,43771.8,8076,5029,814,395,9499
121435,20593,23839,743,345,784,1342,697,14572.2,4947,9371,544,3752,7063
226101,55692,18062,2367,760,200,33791,12,45220.2,8169,12977,1317,1595,4673
161538,9470,28172,3982,639,665,6965,208,19384.56,18723,7529,1175,780,7429
367886,61344,10937,4098,482,533,17117,434,73577.2,12410,8847,1480,2492,4882
55475,11540,11737,3927,762,296,461,1075,3328.5,19660,2217,1374,1108,2705
332286,50639,80138,410,781,493,24713,1934,66457.2,8520,14633,869,500,61
226232,21326,41740,2834,470,826,17145,1923,45246.4,3596,372,816,1858,4567
167636,4597,23136,388,596,726,10389,849,20116.32,2150,14016,1750,3312,7955
163484,37304,945,3690,526,330,592,106,19618.08,2828,14123,1821,229,6711
103526,30788,19812,5537,352,633,5696,1544,12423.12,10466,8974,465,245,2486
61001,16709,7973,2241,239,777,7821,623,3660.06,11419,2945,1526,100,1402
329793,33071,23552,3610,856,854,18731,119,65958.6,13442,1557,1081,2856,3201
202029,5067,14118,371,326,260,17830,66,40405.8,2680,6939,1753,3000,8326
438733,70560,11290,1121,776,54,47988,986,87746.6,10073,7596,883,1693,34
154228,7715,25123,3770,994,281,3325,81,18507.36,17874,13288,352,1068,5414
426280,124320,81919,1115,181,771,39415,713,85256,15319,13350,954,4169,655
35711,8340,2984,703,876,874,3756,1720,2142.66,11834,13761,1656,256,8589
40106,11226,2590,1998,969,794,1336,1892,2406.36,7075,14120,1167,1126,5407
337602,35399,75902,4646,940,741,21781,1911,67520.4,17222,7713,988,1115,1459
419805,121079,67333,3216,392,993,8993,1692,83961,16011,5025,655,1260,5958
492488,143641,91992,2342,947,637,40840,1966,98497.6,2242,12869,1440,2770,9302
402573,2369,44016,5991,219,441,15153,1651,80514.6,18863,3194,1318,4179,7112
227583,528,21427,2253,220,258,10549,113,45516.6,7214,6509,557,531,3684
373898,108806,2257,5263,772,561,44217,1668,74779.6,7030,13463,1518,4958,9631
148286,30314,2197,3593,307,735,11487,759,17794.32,10400,12499,421,4094,7804
237189,18047,8222,4002,698,892,8787,1646,47437.8,11737,648,1174,857,7358
488947,19748,25187,3553,965,793,34815,453,97789.4,14188,387,25,3618,3041
136479,35109,14152,5291,475,145,8218,959,16377.48,2480,12467,1840,2140,3216
430343,13919,20781,4101,184,390,35196,231,86068.6,9691,11739,592,3032,7940
146213,15256,35680,555,629,372,5439,1594,17545.56,19932,14016,1637,2359,8589
38884,4905,8874,2231,609,44,130,1826,2333.04,3958,12729,620,2341,8562
493637,113843,57600,1411,985,396,19451,772,98727.4,3637,4753,279,2780,482
274852,74420,25515,1172,565,261,19735,561,54970.4,4260,3646,638,4693,702
290519,28906,71688,4887,720,930,2332,315,58103.8,19576,11966,618,4537,1535
25088,951,2894,1861,568,478,1220,1806,1505.28,4017,3021,1874,2677,8976
329759,71486,3185,5826,660,745,736,474,65951.8,15885,6409,1193,4717,4355
382282,66896,90888,5028,517,564,36615,875,76456.4,18904,13975,1149,3783,7810
186118,37895,30743,5708,356,484,17682,370,22334.16,17996,9484,538,4681,2815
282158,21946,31212,4757,510,746,17475,1638,56431.6,15985,13126,129,462,7902
205497,47020,26618,5860,585,707,232,992,41099.4,10210,11588,1651,1342,1083
406489,74266,74697,5314,727,937,31330,1687,81297.8,17446,1325,1159,620,2042
188207,22161,17467,1193,923,515,16605,1556,22584.84,6625,12189,846,1510,845
374986,27738,87125,2984,419,571,38523,257,74997.2,4284,5697,380,4006,9771
434097,3925,37630,1546,382,684,53551,722,86819.4,4151,11613,680,916,5541
88077,8463,3070,1046,818,583,935,428,5284.62,19320,4806,140,3299,8214
149784,17412,8563,5543,255,485,5733,1523,17974.08,18620,3677,90,2863,457
215776,61009,25254,4353,815,586,24514,1617,43155.2,15949,7944,661,4097,8340
325018,87938,16585,5398,167,833,7567,1033,65003.6,5173,3267,1910,3482,5617
79087,1242,16472,4385,644,465,1343,1964,4745.22,17497,8312,46,774,8751
284441,41552,14772,1306,409,465,364,676,56888.2,11134,9811,302,3176,3594
250341,56271,14455,3040,634,21,32378,662,50068.2,2390,13190,576,1241,2956
299272,9797,71835,4610,462,395,42210,1708,59854.4,4808,4922,196,2322,2766
78368,20594,10188,4622,780,208,8647,424,4702.08,5851,3906,412,935,4786
497235,71942,110990,1190,970,562,26339,1600,99447,14904,12727,334,1337,5335
490815,118065,112315,2791,251,144,14840,1785,98163,16752,4741,1397,4505,3606
229571,13965,24763,3176,686,419,11924,1535,45914.2,14123,10498,797,3529,9713
351102,13733,87091,1931,329,348,41778,1340,70220.4,7143,12370,761,4899,2849
305064,53223,17938,4003,659,304,28668,629,61012.8,15598,1849,301,299,706
261514,26926,21983,2326,626,783,26541,133,52302.8,17441,2841,1285,2044,5785
414372,28783,12874,5856,823,970,19775,960,82874.4,12566,2973,1925,3071,2364
152180,17824,24805,4407,549,43,17119,17,18261.6,9665,4040,1622,3903,92
435061,36394,60896,5541,499,106,31211,1370,87012.2,16919,523,563,2686,523
406016,108378,46209,3622,364,149,47564,367,81203.2,2629,14544,1028,1814,5380
269904,64796,32822,5969,532,605,19990,1790,53980.8,13813,1738,725,72,1339
445928,28287,20750,5699,273,263,50619,167,89185.6,7978,655,1576,1054,818
405826,82104,42083,1041,441,109,36282,1957,81165.2,19534,7120,1939,1414,9798
87603,21380,19524,5756,817,17,3775,1964,5256.18,5051,1561,1427,4294,7982
43872,8412,8078,3308,854,749,4661,16,2632.32,9086,7692,678,2428,5246
282872,73567,27946,2276,477,335,15886,908,56574.4,9735,2013,29,4809,3242
367246,87483,1552,3962,714,238,25395,1545,73449.2,10828,812,1583,2221,1019
498535,3188,95585,5720,831,885,40924,1530,99707,19257,14653,720,3996,2009
394193,91205,73331,4100,996,723,34482,1765,78838.6,14264,14988,1723,3800,9634
292727,6765,5271,3871,247,742,515,1497,58545.4,18404,6750,634,232,7825
95774,18858,14665,3211,808,327,5220,542,5746.44,7360,4887,150,1821,6083
410479,88707,65651,3384,449,861,31127,726,82095.8,17941,11596,1383,1458,4946
398518,10807,28994,5785,179,293,42388,305,79703.6,15532,7852,955,3794,6341
208522,10204,27186,1073,223,412,5249,378,41704.4,7733,2739,1713,3572,4192
230357,57944,30267,2444,321,460,24515,339,46071.4,16402,6894,883,1565,4035
422672,42120,39140,1292,233,80,12322,150,84534.4,12016,13002,1036,3361,2784
363262,102903,24935,2138,734,254,6142,1068,72652.4,2241,6881,109,1755,2051
75942,22658,3837,4113,893,743,3135,206,4556.52,13787,9406,1769,2322,5844
23689,4313,3533,5207,439,362,1782,1445,1421.34,18779,3535,1993,4101,2075
436150,125615,62694,3621,788,720,56185,138,87230,6315,9884,1061,3216,2111
43276,2218,9610,4142,234,456,2615,1415,2596.56,17026,1275,806,3172,7942
111968,13786,11108,3553,403,897,5071,845,13436.16,6514,14220,1382,602,8775
423089,94819,104135,2175,813,442,38710,383,84617.8,5297,6213,1475,3215,7522
285194,50304,22347,3537,973,809,31720,1804,57038.8,7333,11618,402,3523,9355
76216,56,1294,303,668,885,9468,725,4572.96,10692,10816,691,22,8018
225516,58548,55122,5882,601,983,21284,673,45103.2,5542,10653,424,3266,9385
356184,98447,48431,464,456,532,4659,1472,71236.8,9947,7773,121,3517,5363
31644,7218,7550,4739,797,237,2962,1892,1898.64,15330,3757,91,2391,7589
72021,8559,13830,2197,333,897,9086,991,4321.26,14148,2815,26,1934,3345
178197,26058,23750,5524,463,260,25429,202,21383.64,13020,6898,918,4042,1819
470115,88281,110173,5733,490,272,12627,9,94023,14963,13538,1406,578,5823
52291,615,11345,3540,376,279,2410,349,3137.46,4261,5876,18,2514,5925
438276,73598,38585,2867,986,903,18429,1099,87655.2,4539,9717,335,4267,4191
404754,28214,83698,3807,905,925,22238,1769,80950.8,10413,8248,1442,4581,5690
439392,38745,45635,2859,413,945,35993,1768,87878.4,3923,232,388,4802,3933
313664,42548,44854,1638,599,149,30740,737,62732.8,19491,5446,1623,4138,2645
35675,10681,373,4937,400,826,3036,1910,2140.5,6838,10022,1924,1135,1585
159359,6984,14770,912,557,151,4764,216,19123.08,4091,3043,92,746,9924
272318,27579,17957,5295,319,793,39855,1315,54463.6,3611,2597,261,3901,6122
102268,25274,22410,2184,715,572,4053,3,12272.16,7071,7209,40,1418,6854
307142,54933,20828,4324,281,647,4464,1401,61428.4,5948,12084,1832,4574,2834
194384,27399,17171,3434,976,11,2706,1684,23326.08,18544,7448,1717,3208,6891
415328,31481,99849,1355,755,13,62133,1916,83065.6,11592,2938,1451,2949,669
115410,944,28697,1922,195,510,13389,1724,13849.2,6403,13191,751,4336,839
347369,93993,13146,3582,499,541,12158,605,69473.8,15913,6890,47,3637,7068
316958,9114,46266,5882,248,950,7166,1061,63391.6,2887,10859,1444,2877,5099
357235,39846,45939,2910,895,866,21622,587,71447,7769,14797,604,632,2044
322863,83666,14202,3369,930,444,12646,1318,64572.6,15918,692,1207,4330,8848
139887,12312,21831,1555,186,317,20310,1112,16786.44,12906,9124,255,4433,8375
306063,32596,59046,2960,587,798,34408,821,61212.6,15241,7553,544,598,3085
345299,75287,9849,4524,224,731,18034,829,69059.8,19323,7495,218,3202,5903
343713,6907,59272,1342,207,237,14367,274,68742.6,13588,8286,1442,895,9918
313472,28114,20439,4752,168,538,26981,1537,62694.4,4151,469,101,4586,3601
211554,25009,16990,1742,551,995,8253,1173,42310.8,11522,12688,1391,1282,1380
296762,84846,35344,3977,337,768,11641,605,59352.4,3164,3071,901,962,3806
44675,1089,6569,4476,288,808,5766,1336,2680.5,6129,14102,301,1310,5360
291063,35725,53276,3986,292,653,21999,1010,58212.6,7475,5216,1609,3398,7719
276317,18996,5051,2204,257,761,22113,99,55263.4,10244,13659,1013,4662,9544
381513,6047,49474,3013,370,73,12739,1282,76302.6,5074,3762,1059,970,9965
298544,28767,16967,5537,294,433,36054,1302,59708.8,2329,12701,427,2139,7088
191517,16347,21773,2177,659,297,15443,1027,22982.04,9786,8334,134,891,1509
80305,3759,11001,1090,525,710,1692,411,4818.3,17970,13401,1926,2275,1862
178636,24102,31014,524,154,295,23658,589,21436.32,15092,12099,1308,3181,151
449030,4263,74383,3334,537,13,16740,709,89806,13955,14168,1743,2328,1507
482963,108585,70417,5175,717,611,62485,325,96592.6,3669,2389,576,2597,6426
98791,1902,8414,4532,916,602,595,1960,5927.46,10340,1761,315,2875,7466
169034,30823,7699,525,883,394,18008,1700,20284.08,15612,943,367,3156,2697
488108,130251,24180,3705,709,190,14260,1542,97621.6,4306,5991,1314,1221,766
489058,27690,114349,5648,965,873,57180,972,97811.6,3299,9764,238,3147,2419
80533,2994,18604,3479,312,816,10633,1024,4831.98,17051,2479,696,976,6076
197256,37997,37891,1111,897,420,4966,599,23670.72,9228,2690,28,1196,3861
486128,67546,114515,2792,909,105,26606,1441,97225.6,12911,5902,1829,611,7477
375735,7377,69086,4402,514,393,11364,1203,75147,6937,8704,204,623,9605
151650,13036,22163,4523,566,437,10023,9,18198,2824,8592,1523,4863,3377
141060,26467,29675,4366,658,6,3953,374,16927.2,7785,11731,231,1449,9003
159696,48,32934,4662,761,80,23699,1979,19163.52,6697,8394,907,2681,9413
311338,36978,55595,5323,170,764,24444,645,62267.6,19823,8295,854,4188,1525
382047,47606,26592,4609,763,651,27877,1475,76409.4,14418,12840,621,1892,1570
403605,81574,23039,546,666,484,38998,1991,80721,15539,5462,591,3613,9309
371447,98112,64099,1918,346,356,2570,1133,74289.4,7213,8528,1721,3904,8957
252188,73414,42769,2127,810,310,32391,1148,50437.6,4724,10488,1869,3659,4125
386047,93145,89262,3745,494,931,16476,1455,77209.4,9788,9587,335,1829,2489
339535,49222,34018,720,479,505,10392,1742,67907,5987,7960,389,3411,8761
247501,48115,53158,5460,527,518,32166,1324,49500.2,18955,1379,1571,1805,5524
417010,89606,4558,3064,360,663,12641,651,83402,17546,9412,51,481,8045
330146,40647,32174,1671,309,801,25454,102,66029.2,11808,2164,1879,3930,1930
307675,54607,42631,4538,807,637,21087,1646,61535,6649,2004,1394,4856,1093
193887,57410,2151,2488,719,448,7741,1093,23266.44,3686,11254,1818,3304,9938
14986,0,981,2912,503,284,1896,884,0,4586,249,536,3304,8991
304442,46022,15552,2380,389,281,25558,916,60888.4,18257,14710,167,3032,8090
273625,40148,35065,4624,228,73,35732,109,54725,17097,13772,931,2825,7341
328552,67764,2614,3035,301,960,31128,223,65710.4,2762,13262,955,2086,5644
210339,26365,34647,1129,666,44,9302,223,42067.8,12101,5741,1820,2655,9648
131950,25188,620,3358,532,528,6354,1754,15834,15240,9196,350,225,4466
420051,124766,23082,1149,842,744,24452,750,84010.2,19576,13850,514,2966,6609
135355,8888,21891,5634,501,675,12002,630,16242.6,6680,7856,652,2527,1512
37798,6746,8262,3080,350,456,1547,842,2267.88,19165,8807,1347,2390,3581
101649,6391,18187,1453,282,998,2918,213,12197.88,15063,7807,1162,2454,2009
337031,42197,32314,5240,783,574,21508,1571,67406.2,13083,13765,431,2837,7338
29477,2406,7116,4129,318,406,2458,1366,1768.62,14166,11890,974,3346,3790
420482,90360,53685,2982,540,92,14339,1380,84096.4,4626,11018,827,638,2405
227400,24474,34693,3379,534,321,21420,1814,45480,10621,1838,1,4769,7016
227060,17333,50189,702,969,465,19927,1462,45412,19336,9186,1358,1915,960
399959,108400,93554,3275,247,603,43419,255,79991.8,13387,10413,965,25,9165
446742,36355,19567,1902,943,884,38880,666,89348.4,11389,8954,1902,1711,6066
399570,99415,25978,5022,526,553,2082,1505,79914,9949,2935,1804,1580,1013
415105,73903,76089,1280,929,752,13553,1019,83021,16722,8207,546,386,9690
296479,66258,9630,5472,987,326,36495,1427,59295.8,15452,12730,818,979,4255
414470,31145,12003,2594,489,766,5003,1806,82894,4695,10620,1771,951,6724
358754,103170,41444,2684,680,842,35626,1065,71750.8,5969,6042,107,4580,2616
283586,75675,31607,3652,281,582,41243,1411,56717.2,14901,5669,624,3885,8893
318433,49854,24821,4428,757,810,726,1052,63686.6,6467,13559,55,110,2143
325891,67664,14601,1098,359,727,16720,694,65178.2,17149,11695,39,565,7838
309471,86153,45904,2895,154,822,19986,1226,61894.2,2286,9169,504,3864,8901
419415,93616,71657,1666,526,567,30666,560,83883,14262,4901,972,4990,2100
344971,35285,38557,3238,789,590,38851,326,68994.2,5162,7760,698,4760,5431
116464,17533,19755,1562,203,414,8758,842,13975.68,4594,3255,11,1776,7390
141184,32624,16310,3076,647,498,6226,1077,16942.08,7693,11718,1807,2238,2859
97051,14228,17734,3548,347,850,13987,1513,5823.06,11133,285,1972,2103,6150
160653,46947,22098,603,590,439,10557,416,19278.36,6672,4390,234,3097,8115
255300,27956,45902,1993,867,632,4970,1757,51060,12460,8437,1651,4205,7664
69722,18262,6485,2616,329,713,6822,1887,4183.32,11049,8273,1320,3007,2812
102036,25829,9980,4795,390,431,1651,1021,12244.32,15611,2283,915,2498,4702
238634,42443,59046,1221,935,947,34558,1383,47726.8,11778,8401,423,4248,5932
157595,33077,36393,720,469,327,21845,1572,18911.4,2855,11707,1596,788,680
339104,65464,44280,2478,650,256,2881,1228,67820.8,17021,3139,1996,2721,5255
258709,3952,8951,5829,799,641,5543,902,51741.8,7920,9442,1569,1011,7913
291696,56880,8117,4109,172,860,7130,279,58339.2,11407,8982,274,1524,168
151880,42460,25979,5644,781,553,18450,1078,18225.6,11894,13914,1196,3685,8693
245419,22796,8989,1466,776,73,14134,1930,49083.8,15054,12114,602,3432,5734
475741,15,16915,4973,743,233,31186,222,95148.2,14146,8423,1052,3608,5065
164692,25957,29535,839,857,520,21784,107,19763.04,19524,12123,530,4288,6649
273031,81541,35677,5631,329,881,9205,717,54606.2,19226,4341,1770,767,8037
303946,21292,49830,5329,324,542,6133,683,60789.2,5836,771,1207,1390,1203
95024,24390,19768,3799,347,607,1989,601,5701.44,15404,13974,1562,4992,1266
498765,47046,8922,1760,687,257,59246,1532,99753,13970,7435,641,2999,2596
255809,14817,31160,4987,603,791,18188,960,51161.8,3605,8408,423,4367,1827
128639,25470,2025,5657,248,228,3325,1029,15436.68,5831,12672,1638,543,1684
390392,9759,13220,5039,894,244,36466,506,78078.4,6871,11226,448,3946,5035
91938,15664,13190,627,576,426,5973,1822,5516.28,15437,1740,1101,327,4839
227813,6412,53380,3159,602,709,6210,1194,45562.6,8642,11033,519,4440,4686
262100,57757,2766,5538,340,455,17261,874,52420,13076,4248,1050,2443,3735
394890,20504,84018,2393,727,743,36125,267,78978,17381,1278,1760,2499,5993
298193,8507,33159,2431,907,472,16515,192,59638.6,18363,1585,925,3518,6834
349933,21050,10935,3141,648,810,37935,755,69986.6,9324,14539,664,3481,2154
94526,4820,3784,651,765,562,10844,1203,5671.56,10453,13530,560,4539,6929
411062,7835,88586,5432,340,728,39852,759,82212.4,16445,11366,1780,1865,4722
493779,100153,20221,5032,290,173,992,69,98755.8,11990,330,1591,4668,8913
56220,13587,12795,4208,840,74,5772,1756,3373.2,10692,2745,867,2052,7974
318307,57732,18069,5591,922,98,23782,1053,63661.4,10032,6922,613,4767,9188
406981,51921,35682,533,324,512,26335,1142,81396.2,13214,7652,1344,1119,7149
389270,45499,56268,3422,569,123,55579,1740,77854,14350,14716,1310,2837,1210
353630,6840,77818,5176,825,116,2596,509,70726,15664,6991,1250,2879,4362
448486,31440,20110,3028,583,342,2949,733,89697.2,15330,2623,315,3415,5770
85277,2415,12965,5814,589,706,5341,459,5116.62,18964,4940,1236,4842,7007
491494,96172,31232,1232,680,232,30071,1661,98298.8,3851,11527,1697,3560,3233
493455,133461,44273,2123,681,128,25477,457,98691,8278,12966,1680,4623,4792
376389,55076,70487,3800,948,373,52636,566,75277.8,18924,14312,72,2354,2047
132332,763,7655,4373,510,574,5590,38,15879.84,3735,7681,1052,2011,8448
244231,39023,29461,3645,900,235,12629,969,48846.2,13011,9733,1223,1650,1166
32931,877,4610,1160,595,843,65,1873,1975.86,7706,13337,1746,2996,2967
99116,7173,24205,1530,705,741,12894,261,5946.96,7160,12959,1518,386,1959
261671,53950,31617,2495,857,189,3764,183,52334.2,8602,9185,1669,3980,5048
327777,86959,7583,4695,856,700,44101,519,65555.4,11156,12198,1367,4059,6141
483918,76054,25583,1776,506,167,19177,979,96783.6,8121,7637,1149,23,3141
61913,10252,1317,2323,710,606,1419,822,3714.78,9909,3744,1541,4018,5057
260216,61742,6880,2896,208,668,5477,872,52043.2,6719,3815,1127,177,5072
104776,26155,2349,2730,793,290,12645,1551,12573.12,16539,4290,642,4555,3014
35991,10393,7337,3989,316,859,1415,1911,2159.46,8828,2734,1118,4470,8258
195917,47857,39976,833,796,340,8567,385,23510.04,16924,3056,158,3760,9085
114092,28173,26854,1556,750,394,5424,575,13691.04,16383,13507,1611,4384,3019
239577,9395,46488,1957,932,473,6207,252,47915.4,11738,6080,691,1209,695
196384,44835,6881,1452,412,138,8369,1034,23566.08,9655,9045,135,1185,5959
413777,84743,3722,4193,580,190,16618,599,82755.4,6044,6391,234,2909,6443
420117,103591,20077,2052,777,964,52064,210,84023.4,15427,14199,1625,2028,444
247113,46229,15332,1983,345,567,761,1539,49422.6,18411,4642,762,1481,1817
105556,26639,20776,3278,503,518,3878,1666,12666.72,11330,11933,281,2914,4416
335019,62583,13229,4632,769,50,21790,1806,67003.8,4947,5613,398,1102,1792
166989,28924,7802,3953,196,990,1282,359,20038.68,14507,12366,460,4282,3330
334264,72969,61679,3313,902,550,15826,67,66852.8,7874,11496,183,2586,4713
405204,30104,87637,1000,458,297,17647,426,81040.8,17538,2610,597,384,9943
382185,109588,11439,4970,379,71,28150,1872,76437,12633,7856,121,2755,203
138467,37594,2598,3364,560,255,3613,8,16616.04,18368,5343,1918,1789,9293
417472,3664,92297,5166,906,308,37214,536,83494.4,8963,3809,317,2913,5095
390634,10528,4052,2064,465,90,37404,1600,78126.8,10897,12537,140,4915,1638
228800,28190,12741,4618,911,148,23493,1639,45760,5093,881,557,952,544
136155,497,3824,1422,226,29,3383,1089,16338.6,9268,1318,1205,598,7792
300374,61161,36288,4130,211,461,19393,694,60074.8,5247,12706,776,4018,8212
69778,7641,1249,3258,720,634,1622,1196,4186.68,18655,4676,343,2002,654
55833,4643,6586,2620,387,384,7275,800,3349.98,7168,4948,1282,2170,7099
294769,70592,15565,1722,850,748,27454,21,58953.8,8718,3174,918,1491,4831
42088,131,7843,1840,717,791,29,1065,2525.28,15223,6055,11,254,1764
220722,17241,18458,4825,227,636,9701,1227,44144.4,16647,1502,552,2259,9972
444383,46211,51656,822,883,645,52582,154,88876.6,11569,5484,427,283,7774
376081,63472,62134,3307,708,517,49288,1546,75216.2,17211,2100,1721,2327,4914
474507,31346,45765,5767,799,894,35371,809,94901.4,3967,1282,522,3239,2017
206375,15660,2014,5970,565,372,2480,1485,41275,11099,8833,658,3274,490
86361,6147,4944,2798,173,196,9038,77,5181.66,6814,12247,442,2775,3691
360373,77124,14012,2389,178,189,24782,103,72074.6,5805,10222,72,2992,3018
145189,37372,3240,2038,640,802,19514,277,17422.68,8497,3983,1188,4711,8051
100265,9452,9762,4489,284,895,9421,1672,12031.8,3567,2841,1161,3732,7523
107718,17942,13731,2833,500,747,6474,718,12926.16,7396,10689,1352,3455,3060
332854,49167,18018,2864,499,78,21075,762,66570.8,2202,10274,1056,1858,1160
497642,36373,108434,5569,430,546,23052,1760,99528.4,3931,2000,1740,2877,8478
104876,13284,17916,3064,625,815,2796,56,12585.12,10806,11555,147,3409,1692
470270,67143,40376,798,441,881,33895,338,94054,6270,3549,1963,4073,2380
40949,5935,1440,2718,338,872,4947,1822,2456.94,7372,4882,330,1081,1617
425763,110013,65046,5376,732,71,48492,273,85152.6,15665,8189,1768,1955,2426
222954,2016,20030,3046,568,42,1287,907,44590.8,3177,5213,348,639,3738
340280,69110,77125,784,617,802,21234,1703,68056,11511,9400,1646,782,415
121541,7274,21983,964,355,132,13664,1913,14584.92,9823,9429,636,1341,8455
205691,42703,12437,3754,391,798,3929,1892,41138.2,4412,13214,635,1189,4044
71842,15748,9705,927,455,105,1387,1708,4310.52,10457,13449,1292,2623,2705
498019,11826,57146,1984,333,670,58617,432,99603.8,18891,1302,1147,619,3737
242930,34129,22680,1031,627,356,36031,1920,48586,19771,633,747,1367,79
299134,70009,51750,4587,653,7,25382,609,59826.8,6029,12108,830,1734,9453
157265,23490,25420,1544,277,773,1927,390,18871.8,18634,8868,653,714,6892
302253,41435,44379,5466,598,342,27709,1921,60450.6,10677,11176,1736,966,3872
140356,9481,1835,2474,379,436,20365,1912,16842.72,2196,12727,53,3992,4638
422449,8520,21283,4174,190,79,43059,1365,84489.8,19682,4133,425,4032,398
254629,61877,49506,3074,942,555,18129,1283,50925.8,7485,6744,933,3301,1190
222802,19798,42565,3378,823,688,28984,1708,44560.4,13798,8136,82,4601,3359
400277,54638,53625,5091,541,391,53140,173,80055.4,16590,3413,617,4296,1004
175582,3536,35963,1439,973,575,13590,1747,21069.84,7205,3510,1646,3178,4265
273450,67309,9179,4959,489,899,12675,1218,54690,13107,7934,372,2803,2955
13849,0,232,3417,819,287,1225,1800,0,12420,3763,1533,468,9890
22360,1844,153,2740,985,820,2186,977,1341.6,4196,13016,839,2069,5723
383216,54567,11955,4418,170,112,5971,1464,76643.2,19745,11472,849,3118,2399
263279,35326,7198,3502,496,962,18450,271,52655.8,8692,583,1249,4120,1138
104767,22291,1620,3498,159,830,14656,1330,12572.04,19446,9258,291,3685,3289
271445,5079,44588,4840,236,881,32897,307,54289,14842,1062,1032,1340,957
186872,25838,11766,5172,694,719,7272,1672,22424.64,3229,8659,719,3763,3785
440179,121412,96626,2344,488,955,39856,594,88035.8,10417,14145,772,2015,150
64330,14341,4418,1007,864,225,3268,1925,3859.8,4485,12340,1778,4303,4820
61707,9981,8523,732,153,332,986,555,3702.42,9262,9737,654,1012,5139
290833,36292,69874,772,172,416,35878,206,58166.6,3456,14525,919,2067,5849
39084,3504,429,347,346,277,3572,1140,2345.04,3534,5718,510,4712,4368
50387,8998,5301,2214,970,894,816,1925,3023.22,6582,3689,1087,3689,6467
346960,79233,15144,1405,647,798,23682,4,69392,4658,12012,494,357,2125
12642,0,1496,3480,935,791,153,1756,0,15846,5699,1003,2732,7373
314281,13429,67959,2190,422,2,35368,1965,62856.2,12973,1189,1071,4238,2830
483048,57748,8272,657,600,544,48448,1818,96609.6,4559,7189,938,2219,7492
196633,48807,1573,867,256,477,2169,498,23595.96,8953,14004,1190,1678,5518
334404,7140,24419,779,527,409,18163,1649,66880.8,12228,14795,1688,3703,4467
156510,41553,16803,1166,349,993,17140,1785,18781.2,19373,7247,1743,4725,5355
320586,14901,48555,3560,876,306,33935,1324,64117.2,4697,13854,341,853,8609
375205,88815,5176,4359,151,213,23737,1448,75041,17569,4878,1393,395,7695
406210,28525,36161,1328,270,29,35362,1113,81242,5183,13016,719,2970,8262
264511,20491,63440,3657,764,418,21714,1051,52902.2,19123,12381,1248,914,5312
397988,68816,58862,2113,298,536,47503,949,79597.6,9912,7469,1924,4297,3378
371719,34980,15164,4028,301,27,3104,1567,74343.8,18886,11681,443,2018,8149
273957,8078,25379,5813,714,608,40094,1240,54791.4,7681,6223,1398,4856,4359
365171,91654,91189,3826,827,86,33173,1844,73034.2,16666,10205,262,2923,3045
395633,89521,83552,5103,455,25,59196,70,79126.6,14679,3567,145,3121,3328
94381,15936,18368,1350,828,119,2411,1787,5662.86,8594,12212,127,764,7998
259880,16997,23505,426,977,712,27603,29,51976,10474,9309,773,3911,5847
327420,79810,32771,3906,624,391,32447,1279,65484,10380,11567,624,2186,5987
313387,868,64950,2678,513,356,24738,820,62677.4,19323,13644,267,2702,2366
203984,49963,40245,1952,956,352,11003,670,40796.8,5939,2768,1387,3646,745
70272,16042,5998,307,220,14,8322,1419,4216.32,4661,7427,1696,1368,4602
183123,31820,33370,5008,789,304,19551,1544,21974.76,12014,12763,1505,3593,6970
482070,113711,72792,1584,182,253,51852,993,96414,3979,8221,1812,2289,4737
223808,21246,43327,5618,306,622,10509,322,44761.6,10599,12610,1721,2492,4191
263091,20561,46454,4993,479,519,38568,1956,52618.2,11533,6121,1233,4014,9942
337762,16254,46741,4781,927,950,43911,369,67552.4,12740,6251,973,2096,6175
274064,34512,31977,478,865,852,37650,1179,54812.8,17711,12954,1577,1017,5698
116121,23996,6714,3895,856,639,1933,1005,13934.52,10464,9763,1245,1568,3057
480435,57865,106680,5210,536,185,68515,213,96087,4914,12100,301,845,8049
86872,23580,11701,4117,770,386,1346,665,5212.32,3035,4166,1282,4276,4578
353276,70959,14891,3554,308,904,11992,1106,70655.2,3190,9998,1976,4388,8795
274237,72144,52299,4753,944,499,2636,404,54847.4,2268,8045,1076,4885,2515
285049,42485,65167,2723,688,13,30927,612,57009.8,3336,11402,1085,1244,7061
131759,4876,27516,5097,376,229,346,1033,15811.08,14523,14567,908,4737,8832
427567,50603,58639,2050,401,90,45769,1871,85513.4,14010,12661,1842,915,425
303125,21038,40912,5177,516,403,20177,1303,60625,19079,2086,484,474,7815
346047,93542,75452,4477,926,504,16199,280,69209.4,19816,9908,1426,3842,2026
342965,101311,68446,3729,411,3,12934,1715,68593,3383,7904,1466,441,1493
381344,96346,83790,484,795,663,43376,1113,76268.8,5971,3079,1341,4677,9047
92289,14325,11482,2635,687,218,12645,128,5537.34,13910,360,420,2404,1683
126506,35892,3348,3433,192,587,18926,308,15180.72,12326,11254,716,3646,1184
487237,132825,83521,5278,680,795,70536,1987,97447.4,10939,8716,1422,3992,5293
88513,17996,5830,806,165,866,8251,484,5310.78,5179,837,1113,196,2723
423090,68811,44297,5881,254,215,18729,1130,84618,4696,8676,581,2386,3271
192003,8747,40888,4425,940,158,14394,973,23040.36,18760,12674,1626,4040,7773
410890,45211,56195,2232,352,762,15783,1022,82178,18136,2242,779,1161,2767
322660,62820,71016,5712,869,578,37094,1528,64532,14244,12001,1519,4720,7886
269480,824,54334,1496,827,733,3766,791,53896,10578,14086,344,2093,3500
272043,13880,39761,3985,208,703,33215,282,54408.6,16156,7809,433,3032,4169
497790,117718,122617,5547,197,730,31332,1130,99558,6325,284,558,2161,3102
201758,1081,26930,4481,809,372,7793,154,40351.6,6049,937,527,1170,8466
498067,11517,59117,1638,426,16,35183,1879,99613.4,4285,12460,365,2289,9015
341356,21683,23095,5670,561,901,36846,1255,68271.2,6062,4984,1423,2989,6398
143498,16876,11946,2920,327,494,12841,1472,17219.76,8390,13826,194,4327,7488
264024,56354,3991,982,950,618,37916,1403,52804.8,10577,13957,1013,1393,6027
140970,8266,23519,3814,263,465,3035,806,16916.4,18030,6582,1825,192,3416
100009,11183,826,4667,445,443,2324,1356,12001.08,3061,11510,983,69,8031
209570,52512,42625,2460,879,738,23136,595,41914,19484,13789,233,3365,7435
433159,123250,82049,2029,587,986,31422,869,86631.8,11984,1687,1837,2917,5842
207467,21066,17801,1717,415,80,30074,1955,41493.4,6504,3636,598,2918,1492
54816,12877,13462,4314,311,778,4926,1099,3288.96,17709,903,63,2940,1323
14138,0,2702,318,990,165,37,1988,0,5649,4469,477,2192,202
101176,8968,23157,2952,653,356,9422,260,12141.12,17971,7298,944,4680,2648
348089,26598,28363,4100,185,233,5825,1360,69617.8,2843,924,1428,4220,7808
276161,14639,50559,764,736,161,40587,1253,55232.2,7582,290,948,3217,7394
282595,70210,5136,990,607,174,41248,1929,56519,6649,1969,1725,3309,2152
204028,4316,17421,1310,796,671,23502,783,40805.6,13711,876,693,4836,3674
366007,9695,78027,5610,520,362,21996,983,73201.4,13257,9738,1617,1158,8909
282422,48582,7546,5912,635,375,40704,220,56484.4,12029,10619,1154,1442,3894
231552,31094,5903,3361,421,696,14363,692,46310.4,5142,6770,1460,4267,5103
53764,11483,22,4320,328,173,4797,397,3225.84,18629,4404,238,2886,8066
133030,22187,14949,462,629,237,15092,713,15963.6,7110,6889,139,4390,9278
404350,118013,9825,1935,308,162,59725,796,80870,17170,4996,1999,522,4200
335087,1214,71823,3046,904,987,38260,411,67017.4,16397,2574,549,2313,6684
105667,23940,12193,594,962,917,14138,629,12680.04,16874,10148,1357,3199,272
326462,44406,34173,878,353,911,39472,628,65292.4,10533,3722,90,3425,9328
375567,91221,55619,1885,944,237,23852,400,75113.4,15689,4980,1169,3147,5507
376142,43481,83114,3680,427,617,32971,708,75228.4,8067,9072,1619,2405,6717
70128,15977,8767,2649,292,629,6522,1729,4207.68,4886,14398,674,1645,8557
229128,44839,7923,5727,669,231,31621,1827,45825.6,19693,6267,339,2783,4557
294013,57874,34374,2471,661,587,21618,1521,58802.6,11671,1491,1221,687,1485
243540,58414,41411,494,265,516,25619,1639,48708,11938,12758,1497,4116,1608
15039,0,2928,1141,541,729,1007,173,902.34,9622,2885,454,207,4929
162353,25538,8316,4307,492,793,18004,300,19482.36,6288,10174,1381,4952,3332
122935,7965,11646,4884,522,844,3257,102,14752.2,16223,10943,843,4850,735
20442,1405,2364,3231,933,919,352,520,1226.52,17864,2519,1296,261,7592
345932,60481,10058,5999,837,235,17521,1187,69186.4,12087,4554,1940,3130,2440
391873,107012,25482,745,875,322,10753,1028,78374.6,19050,7266,1524,611,9323
299730,27740,44494,379,518,543,8737,1870,59946,18969,8629,69,3530,451
63053,6569,8621,5140,364,406,8864,1864,3783.18,2353,12894,1838,2677,2498
191561,50643,19135,3045,660,176,23721,1624,22987.32,12414,6279,932,4002,7188
224176,11881,23888,3988,718,499,31325,177,44835.2,5097,503,984,2443,3110
96346,4228,7663,2160,890,996,8951,1819,5780.76,11796,1826,1845,738,9847
339231,32177,64459,5861,961,118,9536,26,67846.2,10715,13950,1806,4038,8925
415841,122196,90473,1230,476,189,31085,1901,83168.2,15675,1453,1930,184,1216
44397,4409,8623,2234,186,613,519,1710,2663.82,13536,10742,1032,668,1679
330815,66126,78682,4667,529,364,8000,1184,66163,18063,9318,707,2772,5880
126214,26119,30101,5762,945,485,15241,1138,15145.68,8794,2198,1026,3644,3282
495001,117744,76789,2471,661,972,28191,377,99000.2,9843,9834,268,4860,9302
339041,27915,48504,3594,473,78,32306,96,67808.2,16082,4459,1375,1596,1697
167221,2708,3223,5909,518,321,12967,677,20066.52,4386,13407,1029,215,6129
463246,44989,70977,5081,373,138,44574,1159,92649.2,8742,2601,384,1278,3684
473122,22106,108126,5047,963,335,13246,387,94624.4,13630,2949,1257,3548,7574
408499,17131,40149,4692,862,401,6467,1903,81699.8,9019,7496,900,4637,4191
410826,46553,12863,5538,249,225,38839,1002,82165.2,19160,11227,1601,4963,5327
446542,6553,103488,3134,943,265,14347,163,89308.4,13385,5261,981,3222,1218
287068,17881,29564,5016,224,332,1822,1898,57413.6,19139,7052,95,753,7130
123143,1379,16653,1954,873,223,18408,1438,14777.16,14607,12167,1522,2267,6277
382397,90791,89624,3228,586,571,15382,1737,76479.4,5695,1060,623,932,1101
479378,105664,22499,3903,852,775,66720,944,95875.6,18686,5133,124,2482,8072
372441,69306,89218,1972,517,966,14599,680,74488.2,19482,13433,1533,835,3633
273013,19726,32132,4650,212,559,16763,1001,54602.6,3404,9670,552,3563,7659
369232,9088,4533,1587,773,592,32496,1159,73846.4,19705,14076,945,363,7743
273158,34314,34409,3026,804,808,14760,157,54631.6,2304,680,368,3774,5042
20103,3126,2441,4424,248,986,615,397,1206.18,18391,14132,6,4588,4644
485738,104512,101601,1358,926,890,33203,812,97147.6,3214,14957,276,1316,5069
382461,16350,56207,5144,374,519,37785,1762,76492.2,14543,2171,1232,3680,9817
499223,99599,50535,5713,224,860,52301,1389,99844.6,12472,9252,1972,626,5063
436674,81397,95661,901,939,248,1547,1325,87334.8,8520,8499,1939,3582,9123
493821,79509,3996,3574,859,755,54042,962,98764.2,2697,6020,192,542,733
92409,17769,14,3278,333,676,9326,348,5544.54,16968,4113,159,1176,6927
33248,942,1674,5487,442,858,451,783,1994.88,4726,13479,487,456,2228
492376,101584,37867,430,206,420,15773,393,98475.2,8799,10403,1631,1176,7545
184588,46365,20001,410,398,831,4355,1347,22150.56,3923,10468,979,360,7646
432277,50185,57251,2871,775,186,15157,947,86455.4,11828,2362,1481,4781,158
165242,2786,17864,3659,618,248,15710,49,19829.04,18813,746,246,3032,2722
18024,0,1745,3034,289,126,1207,1347,1081.44,15333,11254,5,285,8612
485430,126525,24082,1130,508,87,711,1537,97086,7388,10368,552,403,8141
244864,1620,52198,965,702,44,21889,842,48972.8,11897,7015,32,2326,7416
358091,36303,40131,1366,557,911,31304,1486,71618.2,8156,2886,969,4222,3822
184875,19589,5957,5270,623,793,7439,1098,22185,15281,4085,1688,384,1085
422512,2882,4210,4088,814,245,28373,1782,84502.4,13182,7915,1303,2190,166
363973,62248,64586,1617,595,926,47289,500,72794.6,3220,2318,1630,3092,6360
364852,49322,83605,584,381,410,27275,1750,72970.4,7726,8785,1931,254,7166
358808,24524,34851,4959,766,217,38788,741,71761.6,14554,10229,1002,113,246
421473,9745,26865,4414,767,426,41126,1777,84294.6,7950,11048,1956,1262,6812
153927,36665,18070,3878,449,14,6286,187,18471.24,5122,4833,754,4640,3839
95178,15861,4158,4942,791,767,4588,945,5710.68,15499,13687,105,1505,5127
373265,91707,57852,347,575,825,18503,128,74653,2302,375,945,3961,9575
292169,54261,49339,2068,310,688,7511,1516,58433.8,16086,6356,1544,4160,3485
407674,2837,101086,4614,550,334,59890,96,81534.8,9510,4965,1628,1202,8616
73610,8599,4100,5161,527,726,6290,364,4416.6,16032,4519,637,4558,2702
80843,15911,11701,3559,406,536,7668,500,4850.58,5669,3725,1090,2462,6070
117237,20553,15525,2378,890,491,5457,1188,14068.44,16032,683,3,4407,7500
487177,105025,60861,2606,643,835,50992,918,97435.4,15354,6537,53,544,1968
190903,49831,18456,3715,638,291,11130,176,22908.36,8549,12612,1364,3177,4108
184499,23813,97,4703,331,116,19238,1007,22139.88,4479,13006,1157,1586,3601
497025,44397,75019,3442,675,591,64333,628,99405,12095,8703,1473,3716,8120
140299,11549,1787,867,249,686,19598,1745,16835.88,13097,5605,1956,1317,1031
441722,63865,106067,5518,886,743,58234,969,88344.4,19744,6910,979,1668,7943
15668,0,1308,4626,507,826,1334,1983,940.08,5818,5025,44,55,1083
232542,62345,33451,4365,380,468,19824,272,46508.4,4386,5536,1248,4944,6770
188267,35191,16092,381,714,947,5826,1350,22592.04,13857,13928,1677,966,8747
345377,12906,1132,3305,155,551,34487,398,69075.4,18283,9585,851,1944,103
165489,14988,12314,516,239,682,2860,1586,19858.68,16196,717,170,2498,1458
354126,27723,88118,634,213,628,41930,410,70825.2,15977,8655,449,1331,1235
116133,33800,27780,858,237,695,11704,776,13935.96,14046,5136,366,3363,1250
282895,39107,13068,3211,182,592,66,1087,56579,6996,12103,902,1399,5255
318362,27430,47401,1173,221,386,24285,1470,63672.4,10215,13074,310,3547,1447
398793,32535,48526,1052,705,582,20229,340,79758.6,19409,8607,676,2710,7115
279496,68476,58958,4061,402,651,25413,1972,55899.2,19571,6669,203,4999,1774
220124,52284,50193,893,256,192,17310,1252,44024.8,17859,2799,1520,3902,8480
98835,23464,11057,3051,951,682,3605,504,5930.1,19391,11135,1295,3820,1900
107493,11652,22273,1978,663,100,340,860,12899.16,7470,4887,1808,1634,4862
301071,37710,63372,4197,285,69,11577,1833,60214.2,3117,10200,1502,2920,8246
182166,6961,2026,4948,778,173,24517,1772,21859.92,9290,4639,250,3689,3384
111948,26499,26563,1782,558,443,16284,736,13433.76,10228,14414,1094,3575,2373
195194,40498,38133,1082,270,700,13239,628,23423.28,17288,6127,1369,2972,4237
39493,633,2550,2434,627,432,1133,249,2369.58,11044,1327,254,4395,8411
495463,25968,96458,3886,949,214,21386,1093,99092.6,2633,10947,128,216,7704
476755,62508,7089,4094,973,536,26965,511,95351,11444,2561,513,2817,1958
303851,63220,16623,4908,243,600,17211,344,60770.2,6514,10373,350,107,1302
209886,47899,49641,1283,654,642,29874,546,41977.2,14181,546,83,2408,2730
148368,19830,12043,4982,156,707,10918,1296,17804.16,3030,7313,1380,1166,9062
166470,5738,1036,5897,749,318,5149,555,19976.4,12243,7165,1146,4838,1168
307986,3098,64136,5351,843,285,5091,986,61597.2,11416,14544,1696,1447,1017
23261,5312,1338,1042,340,224,384,1962,1395.66,9059,7162,1932,1198,5915
86709,8097,21164,4844,606,348,8789,871,5202.54,16585,9041,832,1227,2065
105985,13136,24293,4983,869,387,8,1368,12718.2,13396,13048,1330,4595,1231
378760,38244,6122,4655,535,845,50465,459,75752,2685,11109,1184,307,1427
459920,54333,47346,3908,952,340,13263,1130,91984,5140,8656,514,3927,4732
339317,50969,16150,3571,427,838,978,885,67863.4,16626,11637,1764,1669,8534
303925,90744,12054,2810,597,660,20107,740,60785,8080,577,1595,1199,8344
285796,70423,1767,4310,976,503,18474,763,57159.2,12894,3141,466,3769,4974
277247,44411,4708,393,201,70,11368,487,55449.4,7648,7137,1707,2148,7045
297644,75028,57999,5416,554,128,26423,1067,59528.8,2429,12167,377,1666,4839
256404,35421,52158,1675,545,443,19486,501,51280.8,19578,6505,103,2399,156
110336,1454,1256,1431,928,289,3744,1957,13240.32,14665,4010,1503,2193,6152
438745,38575,92270,2816,905,598,6930,1448,87749,13889,11591,1156,3255,3213
123499,3192,10143,5263,843,386,1788,920,14819.88,19544,2274,942,1883,7084
159524,45580,23461,390,360,17,17626,48,19142.88,13566,11547,554,144,782
321537,55268,5351,1779,859,554,10199,59,64307.4,16338,9631,814,3871,5999
434390,127874,47031,1254,419,75,41072,1281,86878,5084,10338,1252,75,4978
467666,81311,99053,2731,694,845,47835,576,93533.2,14801,13680,517,4964,6444
176508,10402,17092,322,763,552,3766,1137,21180.96,11582,3866,1211,2772,1215
319550,78610,39718,2025,994,987,6155,1794,63910,15084,3577,1443,385,4395
335203,80781,12777,4418,431,873,11734,348,67040.6,15187,2034,1956,2214,3592
157026,36527,24320,3605,547,364,1363,397,18843.12,17491,11504,1996,446,347
354866,52181,8308,2021,898,279,11111,1964,70973.2,13095,10387,1397,4496,2535
260819,27002,43441,1740,365,279,28571,673,52163.8,9060,9263,1483,1123,1675
22356,4268,195,5752,581,770,2293,1493,1341.36,8407,10457,517,2081,4474
138128,30482,4714,4970,470,442,15609,675,16575.36,14841,10628,1821,3901,5499
12187,0,1474,2450,963,953,1593,14,0,14781,6543,100,2463,9888
349387,48228,43432,2847,788,328,39420,548,69877.4,13588,7420,1917,597,723
307242,83265,17658,5223,642,535,36143,137,61448.4,16329,4375,219,4908,7266
495687,50126,69245,3854,755,507,12151,1288,99137.4,4914,11772,137,377,905
162297,20545,33106,488,735,449,16251,817,19475.64,5996,9684,667,882,9613
144678,28204,11491,759,277,374,5632,930,17361.36,7685,5089,261,1879,2124
329764,75350,50808,2536,223,295,3432,1581,65952.8,3578,10039,584,2816,8185
436044,57801,39530,4746,625,475,16074,617,87208.8,15411,10017,279,3560,5660
136270,13890,8834,880,601,838,5438,80,16352.4,3295,12734,1587,3393,4871
429705,121284,14358,2461,611,392,14942,302,85941,12400,6399,1105,2199,4311
286531,52482,9872,5015,587,108,15653,1297,57306.2,10857,12316,323,2791,3524
341607,63397,58694,1831,405,358,23036,1136,68321.4,5862,8580,428,1,7643
475048,132812,87193,1668,597,955,5893,1021,95009.6,18472,7867,1397,1724,2113
499196,142290,123498,2734,251,934,17733,408,99839.2,14627,3705,505,1946,3540
252998,71591,50321,3291,708,288,29948,1954,50599.6,13310,3420,470,3414,3034
405807,88241,90363,3202,826,417,307,719,81161.4,7795,14799,1306,957,9926
251503,34722,8173,5628,917,317,9538,1842,50300.6,5874,5032,1987,4890,7592
451732,49431,16685,2830,432,340,13919,364,90346.4,12410,903,780,3275,7817
363827,51543,11333,772,909,316,25442,1014,72765.4,2416,9801,970,3079,920
72061,9232,17950,1158,353,348,7055,240,4323.66,12673,1039,586,3859,3865
245497,71975,11356,3289,235,26,7809,88,49099.4,9817,11021,146,1715,2675
469952,30921,40584,2740,473,637,63523,1718,93990.4,14666,2765,160,1529,453
91257,961,12149,4006,313,400,5736,1295,5475.42,17225,733,717,1296,4607
71753,17601,11344,2012,206,315,8055,1278,4305.18,7919,12960,1292,3692,9574
356918,93332,44619,815,355,681,24093,1512,71383.6,3242,13094,1286,2336,1675
414303,123254,81331,2693,578,558,31660,1879,82860.6,15081,14442,1824,4406,4876
434032,71543,95279,1675,297,367,40877,244,86806.4,2889,10425,1183,2250,4177
33408,4130,6588,3969,450,342,1512,1803,2004.48,9330,1541,556,2376,8900
134116,17776,1943,2690,940,692,15296,1122,16093.92,12048,11020,311,2145,1054
141208,2076,24649,3562,439,364,2283,570,16944.96,15174,1821,228,363,398
27413,4316,2873,4938,170,916,4024,1096,1644.78,12245,11008,1991,1514,4065
123650,16292,14015,3166,286,903,1382,623,14838,10408,3895,1325,319,7876
69500,10315,8348,1359,518,72,3614,1700,4170,10537,7008,1761,3159,2039
356658,30383,77286,1056,671,121,27438,1311,71331.6,3428,3737,1810,4452,271
66358,11785,5385,3795,969,864,7095,952,3981.48,4655,6160,1123,3440,6011
76197,8142,16639,487,706,185,9175,210,4571.82,12264,10592,417,167,6440
233861,39028,19494,2681,585,835,24693,533,46772.2,10040,7229,1251,2233,9603
233492,24855,42011,4878,910,318,25794,940,46698.4,13765,872,1214,594,2912
271545,24281,18640,5635,179,954,24203,1889,54309,7182,562,69,1012,4443
436070,113838,35402,5577,597,593,17427,1106,87214,18722,3279,762,4710,6346
86240,4841,1891,3014,374,991,2505,1265,5174.4,2321,1583,1535,3421,8004
245595,60155,28259,595,535,541,11711,11,49119,18719,7999,1916,1542,2985
231135,26918,28987,3833,838,792,24142,516,46227,7271,8532,758,2490,8070
288466,56313,52616,4440,757,632,35455,793,57693.2,7214,6660,309,826,7282
385197,111688,10683,4342,578,352,3156,1139,77039.4,10598,14927,1974,3441,4631
16968,0,3739,2342,678,354,575,346,1018.08,18480,2487,1841,4207,4651
299662,17443,9967,4570,177,105,27921,19,59932.4,5134,12993,832,2333,5873
324069,32250,77664,3351,275,823,11039,1724,64813.8,5831,828,300,2441,6211
200920,1922,40194,5765,962,417,402,135,40184,12679,1849,1053,1121,6795
384044,31976,93831,2100,934,945,8444,445,76808.8,8930,11312,1102,4262,5302
365566,11991,85873,4204,648,641,1629,1461,73113.2,2916,10419,840,1304,8451
273844,53744,62661,4081,336,204,24352,1871,54768.8,4130,12514,1270,1959,2969
365926,22733,87738,2561,803,564,48061,1593,73185.2,7691,7677,316,4135,3336
242076,2473,6771,1822,521,381,35477,1985,48415.2,16673,8547,220,487,780
33199,8108,6748,5153,287,296,4764,172,1991.94,6301,4508,1466,1538,6766
447805,28715,31460,1720,486,278,21207,704,89561,8353,10619,129,435,3582
173187,48218,21387,4892,890,188,11523,516,20782.44,15147,3044,1181,3885,4148
465150,37317,49800,404,363,726,30129,158,93030,2633,10532,1197,1121,6267
195388,33362,9832,3923,935,542,4043,1814,23446.56,6448,3460,758,4420,60
15520,0,2352,778,440,449,1145,1428,931.2,14934,3515,67,469,2436
119814,4889,12626,5818,719,257,16003,511,14377.68,3723,8208,146,3899,9035
177527,24021,18485,992,520,452,13828,1675,21303.24,3125,13149,467,2549,9179
256356,73748,13423,3338,679,571,3816,3,51271.2,14216,3983,4,1275,5577
489681,31971,96939,3269,841,77,19110,804,97936.2,18526,12288,584,3326,1408
133364,3201,30623,493,819,22,568,1610,16003.68,14048,8436,211,4504,5538
444821,108957,16802,1789,917,502,45598,745,88964.2,14234,792,1592,3937,9883
24955,5190,2352,358,698,184,518,103,1497.3,3639,7070,446,1121,818
185121,13715,28085,2186,445,546,4105,372,22214.52,6908,10158,1587,2155,6593
154989,5681,22159,3909,923,512,12444,1672,18598.68,2098,13029,368,349,580
473509,101982,24660,4873,740,616,69590,281,94701.8,18599,2198,58,2170,3406
481797,46870,56843,5522,568,687,20382,742,96359.4,14006,4437,315,258,2368
260144,67203,59643,2880,815,48,32904,282,52028.8,8581,7072,122,2452,2839
74925,17293,1751,2268,510,167,4786,1500,4495.5,12711,9751,591,2002,8712
379360,57619,94333,4987,307,829,30295,1773,75872,12252,3256,378,176,7870
80269,8204,19041,5234,224,782,9615,234,4816.14,6330,10359,1776,1837,4412
434170,37890,44935,4353,521,669,31162,1725,86834,9250,5465,1619,2429,327
499887,90073,22507,5741,716,20,50617,1201,99977.4,6338,12135,1939,4065,8726
475833,61401,71060,4944,867,391,37539,1880,95166.6,3759,13365,1126,3958,7662
313602,11217,57223,3385,876,902,17920,337,62720.4,19631,9581,672,3917,8912
361181,48351,27675,520,670,104,35092,1525,72236.2,16520,9019,1675,1603,8794
162185,33741,17673,1175,255,289,11947,1245,19462.2,14973,12540,916,286,5852
109977,20654,11315,3762,979,632,9571,455,13197.24,17115,342,505,4554,6462
493442,1408,35470,3025,516,703,12037,1921,98688.4,19504,8300,1335,4867,3670
316083,42903,41603,1496,551,425,7260,1749,63216.6,18704,12353,1911,3708,8010
39345,2288,2905,3009,906,228,1067,724,2360.7,6995,10232,662,2359,3591
265688,1218,31230,3031,968,180,27514,1918,53137.6,12454,10472,403,2213,8690
449529,122189,14542,635,252,351,10582,1382,89905.8,3073,12244,982,2309,4185
382251,109268,61407,524,936,224,56678,409,76450.2,6178,12174,560,2548,6652
394010,30105,53821,4241,474,965,39272,1628,78802,8387,7047,686,2967,6899
495581,69634,35690,4583,522,233,48458,1988,99116.2,10416,13658,1093,2995,8711
271798,65063,6654,1547,487,265,27382,557,54359.6,5037,1820,254,4206,8134
341310,7619,67557,2990,182,857,45563,461,68262,17722,7660,300,1096,3186
188933,11939,46723,4257,257,313,24807,1790,22671.96,16446,3841,1526,2212,5663
107406,18226,20008,5358,571,498,803,190,12888.72,18539,2256,1227,1633,3171
321442,25322,27446,4889,418,876,18951,1861,64288.4,5274,12619,1186,1661,9036
450437,117504,95515,2186,222,217,18531,1942,90087.4,18481,6926,1863,987,9598
317086,58215,48484,610,330,210,39164,1168,63417.2,18084,10324,887,3121,3776
13453,0,3118,2868,929,98,307,1367,0,16307,3462,1399,4874,6462
112811,6560,16520,1904,301,620,15129,1639,13537.32,14891,14782,154,3993,7732
64935,5510,4225,5959,661,387,1723,1599,3896.1,11657,8198,1487,3003,6210
394583,36212,74745,4282,217,344,50298,156,78916.6,15368,11524,302,2843,9373
184442,29299,44660,668,521,252,8323,1331,22133.04,17193,6763,244,3795,6714
280472,73079,45487,3846,497,903,15595,893,56094.4,8579,4559,287,2815,3480
25534,7562,3140,5141,858,523,2268,861,1532.04,8497,801,1052,2392,4256
357424,31740,11721,5651,956,117,43069,1151,71484.8,7586,12258,198,574,527
488141,110733,2587,1297,181,599,28337,1047,97628.2,9004,5815,1999,3260,6704
46320,7253,10574,796,769,855,731,930,2779.2,10861,14433,52,4249,8686
59170,13775,6669,5985,228,208,8594,1148,3550.2,8072,1268,1116,1682,2844
110546,32813,18989,1263,408,408,5595,1198,13265.52,9206,6257,439,1201,6340
90201,15597,5004,2304,646,480,9809,1124,5412.06,6092,4565,1240,146,6096
244473,67593,60431,1498,324,922,28685,50,48894.6,4080,12955,298,1766,8564
280784,33431,41168,2645,516,641,269,1281,56156.8,16157,2097,1635,2791,7408
241324,37436,7504,5784,164,328,13365,660,48264.8,14062,9908,1135,270,5304
494273,38485,102114,5505,200,182,56732,1191,98854.6,3743,14499,1667,15,9912
171121,2696,6080,876,256,953,17538,1128,20534.52,5249,2623,1471,2963,9680
408834,111504,7408,3460,871,416,48737,1604,81766.8,6479,13051,1114,3583,7413
243612,16101,4153,353,618,82,30468,34,48722.4,9867,2188,982,4242,105
197125,8831,11055,3732,351,253,24284,427,23655,10406,4988,1686,4019,1045
405136,84583,19760,528,938,944,32744,1698,81027.2,15512,3772,1339,1031,5911
316081,51897,17752,1078,367,4,22020,338,63216.2,12636,4090,1309,4145,8091
210796,5004,24193,5953,190,302,6772,719,42159.2,10875,8340,42,1724,4408
153279,22705,3800,4130,920,979,2348,1176,18393.48,8350,9545,1239,2951,3840
206846,45924,1037,1284,534,535,19135,505,41369.2,18954,9975,815,12,9060
174044,21509,30054,4768,864,632,10175,79,20885.28,10038,7829,975,1225,7961
414015,119636,61816,768,485,606,38826,1054,82803,7712,7288,1286,658,7665
212160,37170,26866,2767,760,427,4522,224,42432,4476,2327,1110,4529,7292
432132,43555,992,2149,810,963,2163,1790,86426.4,16140,10576,1765,3478,2742
80463,14662,4510,831,254,735,2283,1232,4827.78,2551,201,1822,1976,8021
103500,19811,393,5819,352,750,13874,179,12420,14369,4370,1141,3945,3849
217772,38680,8005,3335,659,226,22540,418,43554.4,11739,5279,1769,2205,6541
47158,394,3686,5603,244,653,5448,1520,2829.48,17758,13426,18,2972,1375
94607,14635,16741,861,326,931,4163,1942,5676.42,4045,5540,51,2620,8172
391783,36365,17565,389,214,562,43750,1328,78356.6,14138,2005,750,3618,4259
255017,62188,39585,1706,702,389,15172,655,51003.4,8615,11447,1529,1391,3890
343840,76060,34833,4764,373,656,37254,741,68768,14007,6595,1859,4472,1902
333654,98633,12094,3445,728,849,14295,313,66730.8,7208,13314,504,3177,4512
130076,26673,31280,1592,529,839,13737,1841,15609.12,2215,6813,1157,4927,5583
68692,17156,13879,4410,404,818,8964,1357,4121.52,18345,7670,1787,2418,3714
140841,1645,19513,4081,447,563,10158,1087,16900.92,13055,11831,889,2157,6233
202816,59076,154,4367,730,11,26927,307,40563.2,11016,9321,1234,2341,631
287954,75351,28134,3805,320,336,18810,39,57590.8,18220,10822,1339,4057,4769
408342,50151,8678,2691,762,606,16097,1266,81668.4,14859,1095,474,2378,1833
171081,1848,6294,1518,801,882,19630,360,20529.72,16672,14699,1523,2471,9992
121718,34329,9574,2245,867,128,4183,1268,14606.16,8901,3304,348,2271,6413
363076,33541,35183,5455,981,10,27253,1845,72615.2,10490,1582,117,2220,7520
10192,0,1070,5312,513,489,624,1905,0,3237,5042,651,3200,8293
257536,50955,18638,2552,968,271,37976,1632,51507.2,12833,4313,165,245,9604
46413,9290,8042,4191,222,356,2924,980,2784.78,9002,11869,140,2343,4338
153888,34818,26082,1974,209,880,3892,1168,18466.56,8207,416,507,608,4128
49082,9790,10067,1075,604,91,2779,899,2944.92,19153,1580,27,351,8272
337192,82667,7807,5476,485,8,46054,1999,67438.4,8773,14540,1028,3719,7252
133130,30143,23224,5529,817,886,6599,1591,15975.6,8975,1511,1197,292,3846
60940,3973,6713,5081,273,122,8646,1053,3656.4,11704,10811,813,3526,1831
173202,26898,32143,3867,604,775,20018,1643,20784.24,10519,10104,1872,3183,2210
50142,9745,7264,3065,163,280,6654,929,3008.52,17188,3179,154,4811,7611
46468,1615,9262,524,565,457,3246,725,2788.08,8679,14805,409,4172,6788
433914,112854,90302,363,925,935,13222,1451,86782.8,3409,4103,757,1610,6075
151727,20138,24715,2087,176,450,4304,732,18207.24,6709,1767,1085,4175,4100
188969,43262,7398,5356,906,630,24180,1405,22676.28,2417,9374,195,3627,215
433291,5506,12202,4150,199,406,60728,1476,86658.2,11675,3892,583,435,6101
412575,20605,27987,1675,336,701,32689,960,82515,18753,11255,89,3764,5035
401192,78590,35740,3834,206,790,59762,615,80238.4,18492,7163,1632,3857,3788
246187,28231,50666,4215,920,811,35618,1204,49237.4,3915,14644,639,4007,2773
52056,13861,11312,4752,816,55,5623,497,3123.36,18566,9040,395,3260,601
61831,11587,3970,392,183,707,2133,1662,3709.86,15942,13468,1484,1816,1872
331335,13515,53871,3042,687,378,44297,197,66267,4887,1331,1492,4130,6456
259664,38622,60868,5719,911,501,14630,1366,51932.8,11389,5863,179,4678,177
394092,16600,13627,5913,520,22,34489,32,78818.4,10755,3409,1956,211,691
436488,27892,99649,1977,235,776,18410,333,87297.6,14001,9897,664,4378,5770
118117,17743,28758,3966,309,244,14300,233,14174.04,2643,13504,1062,2780,2077
286815,69310,51069,5808,574,771,17534,1571,57363,3290,9117,1730,2185,5805
299192,21801,40409,4164,861,417,34197,529,59838.4,5176,268,1170,4682,8918
479490,135501,94022,2781,255,230,66184,886,95898,16513,3026,582,484,5497
298107,4606,61486,5521,540,209,33123,818,59621.4,9549,3969,1488,2805,1934
53954,4478,1611,5236,661,161,2823,952,3237.24,5184,6627,76,3978,6203
475525,114380,31657,1701,424,376,8157,743,95105,14257,5663,791,2533,3674
243192,40134,18462,1906,438,865,15581,427,48638.4,2122,13673,1970,834,2053
367574,69963,76309,4256,407,169,40311,1289,73514.8,18471,636,812,2047,9949
10717,0,2064,3709,369,898,1337,1004,0,14824,2865,775,2469,2052
283820,70897,38547,3371,676,338,38037,1318,56764,2541,1007,1479,1161,7074
407650,25475,29063,1197,682,801,22763,1463,81530,10171,6023,1452,4101,5558
190882,641,39918,3231,995,473,3934,1584,22905.84,6047,14395,1153,3166,1037
128696,21730,16737,4887,208,226,7085,569,15443.52,13849,1873,1949,2977,3344
497852,55746,110896,4013,509,872,61508,1355,99570.4,14254,754,322,2608,8072
402974,42853,79397,3431,743,362,46800,1893,80594.8,11083,12208,1452,1823,679
14994,0,3636,1832,779,478,266,150,0,8026,13454,665,4380,6691
276378,36818,42523,2277,262,554,7317,1670,55275.6,11800,8307,1552,377,7241
79300,4553,711,2098,956,474,1880,1324,4758,6515,14862,549,741,4442
316093,21309,13706,5890,425,194,17932,877,63218.6,16034,823,1858,784,5680
47405,2304,11694,1651,406,932,381,344,2844.3,19075,7808,1080,560,7603
307016,28176,10924,5516,478,11,34403,1334,61403.2,6612,13943,1184,2182,3268
314359,68879,15921,2138,926,494,45561,1659,62871.8,14107,7190,1885,2828,3280
33185,2056,4272,2860,384,982,2284,1206,1991.1,3279,7941,1486,2435,3102
184514,19192,17813,3291,200,976,11850,1740,22141.68,14941,3637,1095,1342,8376
454975,8584,104748,1963,827,783,59716,933,90995,2915,6580,1373,1220,4685
313297,93302,65250,2697,892,61,7417,1170,62659.4,13795,3716,319,123,4566
349679,18830,68956,3503,370,528,2637,620,69935.8,12155,13194,1302,1867,3932
143653,20289,2068,4941,932,270,15125,149,17238.36,9155,5108,1035,4173,9830
61717,11530,7159,898,745,537,5570,744,3703.02,19688,3972,358,2948,2478
12763,0,710,2344,379,556,753,266,0,16504,6561,762,3345,955
365054,93878,30539,558,958,897,38818,1513,73010.8,17725,13710,1543,1863,7773
65480,18565,11683,4871,371,656,1951,130,3928.8,13646,11849,1480,3544,3349
179831,21395,19615,2205,815,64,26021,146,21579.72,14612,11665,1991,370,6559
217139,54182,35674,3319,203,861,22329,602,43427.8,19640,3109,1829,4249,1786
128094,16738,19935,5315,780,479,16404,902,15371.28,18411,10486,1056,1610,723
166379,2631,20575,687,859,797,12592,374,19965.48,8454,11718,431,4512,7297
237443,17905,19807,4169,422,489,28000,1508,47488.6,8011,4106,1376,1045,6008
21064,2672,4057,2161,347,67,603,1527,1263.84,3396,5037,300,4351,6719
86848,11370,21578,3932,277,361,1009,503,5210.88,14043,8676,74,1604,2041
47548,2337,11117,1097,753,811,4540,1242,2852.88,3067,14560,1942,853,8603
178017,49780,3665,2803,158,607,7779,1518,21362.04,10202,821,874,34,514
451153,54418,44390,4320,376,571,47369,1569,90230.6,15074,12235,242,1246,9658
278620,37190,63887,2225,707,994,39908,1034,55724,16139,630,1394,1149,1122
454972,26014,48266,4254,283,768,54439,1284,90994.4,5783,3852,1322,2176,9661
362245,72999,55541,1927,165,18,19032,1011,72449,14486,7430,280,4905,2494
12382,0,111,4612,364,544,1708,70,0,10090,4122,526,3641,3602
452899,125563,7882,1088,261,978,14968,1187,90579.8,9181,14041,521,3927,901
491215,1780,70825,5939,306,931,54004,260,98243,18351,14907,1427,1252,6602
186348,26107,13910,2356,574,90,12611,695,22361.76,8620,1581,271,2269,8261
436618,59258,40566,1363,601,972,38153,1668,87323.6,15019,1771,1890,4959,8145
495097,42192,63073,4768,467,986,49012,1818,99019.4,7877,531,380,3519,9710
430162,59300,97519,5365,509,237,29757,860,86032.4,3921,3871,1121,4684,9661
89698,6571,3408,1747,525,461,10655,1434,5381.88,6019,7040,212,4450,3149
255762,43923,17545,814,445,23,15017,1439,51152.4,12334,5477,1848,2983,1216
253381,2395,30289,4759,347,226,28332,1368,50676.2,10459,14271,1069,1441,7355
477149,102449,50411,2213,719,850,62539,233,95429.8,7084,7253,1902,4535,5965
425551,121747,69626,2251,547,380,51604,1905,85110.2,18477,4078,635,522,7369
55095,15779,11033,5870,739,920,6508,1889,3305.7,10489,13385,503,3032,9957
483146,71028,15362,5935,391,906,61338,1038,96629.2,10704,14313,1255,1319,6980
402118,29722,87610,1073,578,776,44927,616,80423.6,17721,1596,128,4748,591
299341,7111,13783,628,760,5,11933,1377,59868.2,19292,7579,1816,663,5139
399763,111391,44162,1093,155,569,12105,482,79952.6,4253,1579,1335,3171,4273
32010,6792,2981,1261,940,611,3796,1461,1920.6,15504,7739,45,1159,4017
427339,124243,106369,4992,467,633,24960,1043,85467.8,8181,926,954,3318,3848
360067,26924,3554,1710,361,356,53256,759,72013.4,14735,6762,1469,902,6757
143962,32577,18773,1437,422,156,10754,471,17275.44,2819,9705,461,4413,5097
496521,138783,73694,4966,233,200,7536,161,99304.2,16587,2716,444,1008,9672
402670,85548,66550,5457,773,224,22836,638,80534,18207,1604,978,1222,2696
119162,34333,22113,1868,859,982,2217,1057,14299.44,5543,4141,775,126,8608
393071,101971,46295,4772,509,462,16530,1138,78614.2,8635,11957,552,1052,5176
280170,4096,30331,3574,530,778,28165,1453,56034,13754,11599,1166,858,4852
337069,66555,45640,3573,689,662,18310,730,67413.8,2666,4082,555,4583,5886
78842,9476,14201,3769,290,921,3754,753,4730.52,4145,13830,1873,3409,3742
305809,8254,42986,2263,659,256,41039,1044,61161.8,7820,9158,1278,3585,5882
281421,77120,7585,2465,322,989,29475,736,56284.2,2258,8762,640,1978,294
183311,5965,4122,5662,169,592,6595,166,21997.32,12320,14725,110,2996,964
450880,103025,108196,4936,778,430,17361,1319,90176,14157,1061,1022,4803,8913
320152,32963,16838,5646,652,877,13866,171,64030.4,5533,7478,224,316,5812
286827,3273,17301,3872,715,424,38820,1187,57365.4,15146,12251,1216,2733,4448
141742,15330,23107,2175,376,406,19188,822,17009.04,8502,1403,1140,3399,1392
230283,21494,57357,1536,258,611,4390,1240,46056.6,15406,8987,417,4707,337
158961,10886,22625,3046,892,104,9345,198,19075.32,17646,6427,387,4666,3513
458828,122089,102678,4508,469,251,6012,49,91765.6,7689,1013,848,303,2379
185607,3212,489,4768,457,644,5883,1521,22272.84,11373,14366,1409,1928,8664
350686,101059,66520,2646,890,98,41572,1465,70137.2,3874,12875,422,2449,831
326463,83441,17344,1342,960,177,27506,329,65292.6,2956,10822,1278,1877,9077
255144,1080,57202,5171,236,264,19962,1353,51028.8,7531,10351,1784,748,9242
364211,32675,14959,5066,935,131,20548,293,72842.2,18172,10572,949,3274,8808
162711,22007,38751,4406,377,198,4651,279,19525.32,6489,7207,1673,3226,244
205784,48269,1869,307,459,704,2956,363,41156.8,4057,13145,1321,415,1800
419849,82641,44264,3996,977,719,38549,1993,83969.8,17870,8196,1580,221,688
262217,46815,30268,4031,528,56,29171,570,52443.4,14123,1664,1636,3413,4670
437876,83482,84564,1873,732,891,49025,1196,87575.2,13531,9734,409,3930,8816
341119,639,39606,5792,889,408,49981,153,68223.8,18913,7456,794,2762,7573
173244,12502,13550,760,534,953,4597,1757,20789.28,17259,7110,1702,4826,678
462413,93899,5702,3606,262,261,66195,1754,92482.6,12982,14744,920,1007,3000
111158,3736,13027,2602,442,741,7805,1515,13338.96,18647,3532,796,4528,2927
462063,16473,110164,2933,454,653,66296,1618,92412.6,2477,2602,365,656,6350
283721,34019,61745,1651,440,574,30773,1984,56744.2,10547,11714,465,3366,7830
349443,86623,24459,661,254,117,41291,992,69888.6,13522,3804,1557,4808,1341
292320,36820,56782,5793,440,484,33726,1290,58464,6172,2859,1394,4536,2350
447602,57589,87822,1087,626,970,42718,945,89520.4,15141,11738,1881,1550,8886
73972,271,6032,508,670,320,5840,1663,4438.32,16139,11102,443,891,857
392162,18414,1825,566,826,307,55951,697,78432.4,10860,524,345,3998,4629
493007,127378,77090,5051,209,489,4408,1909,98601.4,9501,14184,1715,3333,8168
444219,24220,48101,5392,461,320,62053,1441,88843.8,16523,10315,596,3904,6175
292140,60531,60109,853,255,756,37658,1765,58428,6776,3240,1428,1365,1045
110922,9387,12470,5925,772,892,3162,271,13310.64,3743,2486,1641,1053,5821
358742,76815,3770,1887,238,355,20264,442,71748.4,7532,1258,1159,4181,987
45931,11200,10884,4816,417,647,6517,512,2755.86,13921,8706,372,708,5110
134168,39809,29,5838,891,607,8395,808,16100.16,18663,1777,321,2467,2537
176782,50278,30083,1418,988,736,20349,411,21213.84,15072,838,225,301,5166
133099,10857,8958,1813,732,519,608,1038,15971.88,14404,6049,1739,3456,8192
44693,9493,8806,2226,268,525,2680,79,2681.58,19780,556,1136,3316,3011
438956,73588,32162,5444,594,23,8076,685,87791.2,13573,7453,17,1419,3535
480457,13580,74732,5651,578,191,33908,543,96091.4,14458,7416,848,2041,4133
118944,18240,2121,3703,500,752,12353,1574,14273.28,4773,6817,1678,3921,9640
234655,46111,27702,3361,455,348,26754,1728,46931,4770,496,770,4844,2531
217574,24911,35777,520,764,24,4874,1263,43514.8,5734,10260,852,1395,6541
289518,34866,52971,2644,351,389,4996,1608,57903.6,12479,7472,594,4278,6378
479890,80974,7739,5622,172,640,46465,1628,95978,13896,6904,1338,688,6506
257572,73401,24599,2271,239,598,8173,88,51514.4,18086,13582,1718,3254,1538
353615,82093,36827,4738,620,744,39003,970,70723,19191,8855,121,1859,6279
55913,12211,11285,4988,242,800,5196,253,3354.78,11367,12661,1439,808,3520
395827,58985,96683,5624,925,909,7917,745,79165.4,18203,13831,10,3254,3156
207097,33268,29727,4364,434,958,15611,138,41419.4,10267,3705,180,3017,1793
316660,3646,68446,2284,832,567,738,709,63332,19119,5986,412,457,5205
97796,22603,14674,1191,458,189,14183,1313,5867.76,4689,8605,1858,718,3895
298213,42816,23039,5969,882,27,23871,305,59642.6,13077,11142,1521,2730,7356
390477,89460,44929,5102,685,540,10892,171,78095.4,4307,8237,387,1516,6651
459449,44112,97367,5461,525,490,63541,525,91889.8,17052,10028,219,2512,6406
94811,18280,11116,3826,863,487,3723,327,5688.66,19533,9098,1160,1105,7969
200121,54911,25146,1505,648,790,657,152,40024.2,18931,2402,312,312,8213
242892,1778,45819,5152,785,171,23696,707,48578.4,13816,206,1189,1839,5524
390172,45752,83162,1518,291,37,19110,1201,78034.4,15966,3252,1798,4913,4604
49178,3057,712,2155,201,944,1109,606,2950.68,5817,3394,960,3012,2284
304965,70726,31308,2299,219,298,22572,852,60993,18797,10206,418,3975,9925
454943,44788,13054,2735,409,265,24421,1772,90988.6,5811,3721,430,2743,2686
464151,4747,79606,3274,847,26,2164,1439,92830.2,2702,14921,33,621,8094
26999,1094,1293,3398,868,647,146,310,1619.94,10963,14777,318,3034,8472
465738,45,52018,3686,442,747,54292,589,93147.6,19909,3947,1288,4211,1078
310856,7758,26250,5740,965,756,4631,1267,62171.2,15793,4097,1881,1644,5922
205623,58789,14413,4843,527,451,3229,731,41124.6,3562,6296,1735,3350,843
181244,23437,11855,2116,188,468,21551,408,21749.28,13194,13010,274,3624,3151
305866,19585,38921,2077,497,84,20898,1243,61173.2,5307,10190,1433,86,3400
282769,9854,25785,2804,727,925,37997,718,56553.8,10374,9225,1197,3164,7676
208237,52076,31864,3239,674,12,27194,1459,41647.4,18777,11414,1335,1248,3574
479725,56950,96847,1138,855,569,62437,183,95945,17325,13365,265,3386,8515
16859,0,2612,3001,977,258,1100,626,1011.54,4924,14822,631,2302,2761
444825,19455,13979,5059,655,979,33689,1147,88965,6281,757,682,3061,9135
446523,88552,66833,5160,531,99,62548,237,89304.6,10280,12813,1437,3345,9259
120986,30215,14745,3438,574,615,7849,1643,14518.32,18469,1989,551,2374,7717
242654,3404,357,475,949,260,20413,405,48530.8,5687,14764,1507,3963,1339
293983,37260,47201,4905,585,277,35746,1582,58796.6,17981,11445,182,135,9429
299360,65642,54254,3986,794,953,9279,1221,59872,2119,3068,441,361,5029
325097,80731,10796,3462,856,65,27742,562,65019.4,10279,13348,1822,3344,7871
487697,46009,23238,3052,471,600,38545,1729,97539.4,11370,11531,1479,1842,9722
463809,128824,94176,1489,739,807,22925,581,92761.8,19295,10997,489,3488,5469
475291,29605,50978,4997,399,599,23415,1910,95058.2,5365,13292,1070,4673,4110
59522,12575,8115,1137,893,377,2096,86,3571.32,14648,354,972,3043,1827
240233,53205,31857,4198,329,516,5572,1098,48046.6,10116,6112,292,3103,6724
408102,37569,85478,5397,838,655,18576,1728,81620.4,6791,12468,1720,135,3824
383393,5580,69396,4151,178,116,50068,1755,76678.6,2734,7379,78,1086,1475
17485,0,4251,3033,645,782,397,789,1049.1,13351,387,1208,208,7257
434671,5400,4447,4110,827,498,29442,1960,86934.2,2052,2264,610,2087,5290
253056,39643,20523,5506,475,204,21150,1356,50611.2,16018,14483,898,513,1370
419983,96185,64079,2953,887,586,30424,744,83996.6,5996,11079,1692,1791,2167
122701,30496,16521,3550,797,79,5422,1454,14724.12,6968,9766,1495,1840,5285
431669,127319,100271,3649,336,17,25003,1979,86333.8,13061,14142,556,3046,5334
217352,53441,39347,3610,204,728,19472,369,43470.4,15555,7997,598,4848,8553
112638,20637,4849,4980,663,942,4176,1763,13516.56,6733,14564,328,2590,8689
194514,41424,24718,2686,559,613,10423,1941,23341.68,10904,12092,1537,2627,6064
455093,39015,105471,5491,980,999,39378,899,91018.6,14339,9287,398,2393,6645
284370,71713,60977,673,166,643,40006,43,56874,8127,14944,657,1416,5324
103405,7269,22789,4975,720,820,6233,1320,12408.6,14689,12374,1782,1033,9867
294732,14974,27135,4912,237,57,20047,1790,58946.4,7842,13392,1692,4146,3812
220048,14037,45117,1561,372,111,29270,465,44009.6,9280,4436,1319,1195,2407
172781,18756,30262,420,933,596,16098,1273,20733.72,16558,3062,2,3097,3875
451004,88754,89971,5832,207,842,53253,1445,90200.8,12209,10161,1760,1358,4034
491247,43148,34787,4145,853,825,43364,912,98249.4,8328,6474,1337,747,2883
47019,6617,6174,3184,711,627,3520,472,2821.14,6491,14913,1350,4715,3998
448164,122790,15689,2917,874,314,3217,1296,89632.8,12552,3217,1373,2077,1832
271497,56879,39860,4438,379,161,10294,988,54299.4,19605,8281,218,4806,7655
75133,21590,17576,5923,303,797,5816,172,4507.98,10100,6852,1701,4324,1966
386588,65839,67891,3568,422,949,41106,235,77317.6,17430,12881,1692,2639,1463
207530,29756,51658,2342,195,323,4681,1069,41506,6805,1387,670,3194,8938
389747,12683,65869,2419,601,717,58323,1415,77949.4,11748,2115,1661,4330,3023
168598,49485,35330,790,455,330,15827,1756,20231.76,15151,1187,1728,3514,741
476709,142097,80312,5144,576,579,46175,1678,95341.8,5801,11648,1896,869,9230
138585,20890,27014,3345,267,921,7658,232,16630.2,8526,10698,298,4053,4237
455414,92943,34563,682,837,898,66389,416,91082.8,19614,6776,666,837,6799
255172,75705,15270,1104,729,759,247,1968,51034.4,5503,8044,154,659,6135
315539,17116,31279,5885,400,501,46604,265,63107.8,9672,11995,1653,3268,283
427247,36744,98557,1477,552,56,15429,189,85449.4,7559,9745,988,3274,2765
478758,124697,3657,2517,891,164,22876,1206,95751.6,4479,9385,1348,1153,3107
135814,22043,23886,1595,349,165,4537,1849,16297.68,7787,10887,1026,2695,5806
440917,116072,107919,1217,295,296,42369,356,88183.4,13029,9181,1692,1671,2229
384743,2124,68773,4546,200,3,27128,1726,76948.6,12230,2908,870,196,9608
35939,6652,3331,4826,517,409,3771,138,2156.34,17814,13736,652,63,7949
452361,7176,1027,2714,847,806,14654,546,90472.2,11963,12823,864,2083,3128
423540,91310,14199,950,469,876,52889,1528,84708,16458,8881,1083,2638,6732
163939,18676,13781,5215,348,105,9177,1505,19672.68,2700,12906,595,2736,6071
272347,45177,15120,2586,590,619,6473,1375,54469.4,8991,13099,1858,2128,178
419760,90296,56812,3051,294,681,61398,1365,83952,13555,4168,1221,3788,4022
419115,110623,89825,3498,208,778,40079,1667,83823,11153,9811,362,618,7012
301207,997,5983,1241,856,778,21750,884,60241.4,15979,13524,848,4847,2364
100880,26562,1093,840,292,565,3134,1857,12105.6,6204,4034,890,2798,322
13748,0,693,2980,372,997,1932,1952,0,3896,207,1838,4474,8006
246094,11231,2912,4027,249,165,16173,72,49218.8,13079,3130,1987,1645,13
389413,95287,47879,2829,175,253,7670,162,77882.6,3149,10598,1632,588,8437
469845,119574,21873,1502,581,787,21280,1829,93969,5828,9164,1184,1532,1700
352908,72976,14332,5264,675,665,49274,222,70581.6,8470,5447,517,1672,1647
161956,19911,16564,950,271,127,18701,1997,19434.72,8791,13171,885,4910,5653
166255,43986,12259,3306,614,485,22535,184,19950.6,5347,1018,447,1257,8907
484786,81144,107716,4832,414,75,23257,94,96957.2,14349,1206,488,106,9175
474462,92693,20526,3204,156,886,41645,1824,94892.4,5146,14688,1869,4549,7389
380180,94315,65481,613,880,220,1661,683,76036,13889,5236,1005,1658,8666
160331,29968,21113,4414,369,781,7482,1332,19239.72,8281,10964,1018,1618,5204
177031,27387,16006,1483,844,433,19259,975,21243.72,7287,7274,454,3246,1783
388669,4090,21643,5213,545,634,29007,1171,77733.8,8659,743,1861,4427,4222
436673,120846,89949,421,606,536,23275,1342,87334.6,4248,10383,946,1574,8385
357823,24945,63128,5474,257,438,29532,1202,71564.6,4149,6749,322,2437,2148
135829,40239,30122,468,641,434,12092,1905,16299.48,16354,2296,868,1443,9281
138216,3743,4684,3982,785,617,2163,653,16585.92,15733,4291,1429,445,2251
405319,30924,73390,5568,831,617,19222,1314,81063.8,17718,978,997,2851,896
75901,10196,6417,5024,609,614,3460,1645,4554.06,12880,5902,1479,1182,2178
253386,68860,17946,4421,918,985,13475,496,50677.2,15168,2315,791,4775,5120
185607,41400,13127,5667,158,777,25747,1324,22272.84,4196,8559,1228,3131,2082
419319,85177,29404,4268,516,525,33322,1184,83863.8,13654,3177,1996,3932,8975
108046,27482,22888,4317,941,132,11399,60,12965.52,19133,12223,320,479,9876
362156,98530,17401,3997,274,440,40693,860,72431.2,3046,2098,1778,2794,9202
88278,14863,15428,2029,311,533,11481,71,5296.68,3979,2351,1204,2596,3332
284535,48795,64372,3855,185,586,4008,1460,56907,13221,925,1151,1274,9502
112476,24111,8949,5429,153,796,1816,481,13497.12,5601,11621,936,4753,9472
432117,113566,11971,1418,562,390,7539,114,86423.4,12292,12250,99,985,3798
392865,63083,88018,2468,236,243,47337,1229,78573,14690,10540,799,401,4492
107537,21664,25196,4521,632,767,15110,1357,12904.44,6799,14649,1604,1953,5663
353303,61600,85504,5488,925,145,15474,1329,70660.6,19432,13957,326,309,3524
471130,50022,16565,5081,752,414,49340,910,94226,19145,6661,241,1401,3163
403184,3199,6829,5368,956,426,50592,553,80636.8,4735,2925,44,1310,9606
191429,50897,10487,3416,207,211,1220,1905,22971.48,3401,8933,1055,3411,6523
227980,38038,35435,5030,289,248,23051,1555,45596,9379,7399,539,2907,3129
441653,123323,98161,2729,321,34,13947,1627,88330.6,17211,14874,1376,3651,3532
307647,55038,38941,2307,409,838,43828,1603,61529.4,9792,5435,749,3015,4589
499498,120278,120109,1350,644,252,10253,1158,99899.6,12388,1632,781,4991,4113
496675,111054,42459,1004,174,861,29638,1601,99335,15114,6849,652,1233,519
85403,7897,15208,3199,347,771,2907,1864,5124.18,17735,11052,1457,61,6995
444474,64541,79199,3507,728,818,15604,1174,88894.8,5148,7966,1191,3150,4909
436940,106968,9176,1006,572,861,34483,547,87388,6621,1747,1920,4358,7036
74286,14892,15072,4132,267,285,7809,139,4457.16,5006,4560,1454,879,1665
346986,8271,71052,2308,941,861,31152,406,69397.2,10757,9796,112,1182,3502
114927,24815,19689,5021,155,692,6110,1758,13791.24,3788,3180,624,4350,8633
287052,45612,18599,4921,246,209,16995,489,57410.4,12191,472,474,863,4439
495833,16267,82045,1897,221,109,27501,1930,99166.6,8828,8298,1309,4135,3818
453842,18268,35388,1366,581,329,2670,896,90768.4,2945,6842,1569,2386,2823
309372,14263,50603,2246,529,141,15135,204,61874.4,9848,5302,1581,3047,5397
33386,5399,5547,3099,919,675,1627,294,2003.16,10699,568,1024,192,609
187826,29811,23087,395,699,86,17995,860,22539.12,17102,6309,417,24,6623
300446,59660,52282,2374,957,139,41641,581,60089.2,6748,8768,186,3366,6552
332959,65527,33464,5231,205,331,11631,670,66591.8,13237,1283,1926,4871,710
262156,63379,41994,2218,764,673,15516,904,52431.2,7245,971,448,652,4252
487964,94542,81596,1565,252,25,31453,1207,97592.8,7882,12912,681,1217,996
335488,41271,25594,2834,365,645,40398,17,67097.6,11720,7819,977,2924,9184
438834,66612,52563,539,170,868,46659,1406,87766.8,6609,2207,753,923,4479
383747,7235,80352,1627,776,626,37024,1594,76749.4,3033,4170,1298,1313,7890
479450,88757,105021,1442,359,692,25935,1858,95890,6566,5456,908,1974,7554
333258,16417,28386,3523,440,910,2073,735,66651.6,9541,7122,22,3910,3819
258724,34609,51196,4148,864,361,28151,620,51744.8,13037,8359,1089,2653,8647
211202,37249,1116,1715,984,870,3370,642,42240.4,10927,13746,1410,2376,8991
35525,8440,1156,2698,337,658,2484,541,2131.5,9232,9915,1109,1298,8333
89818,1134,15179,1060,300,359,10010,1531,5389.08,4156,1478,931,1558,5537
124589,23645,988,3942,340,942,6902,1215,14950.68,15353,10244,1968,4620,1220
155406,21682,5587,1852,556,214,18442,197,18648.72,8766,6831,711,1500,8474
104715,29465,18212,1162,363,995,7405,1265,12565.8,6123,9764,1110,3998,4180
203839,45907,15803,4335,703,76,2666,90,40767.8,4610,937,327,3399,6520
278788,23401,49039,1455,627,94,27981,1025,55757.6,14500,3639,1976,4461,4684
373298,7771,10269,656,343,956,3384,787,74659.6,5708,11966,856,4570,6744
436149,41335,6088,1971,399,996,60416,976,87229.8,14441,5417,1762,3447,9001
267438,74451,42044,1628,742,217,16906,608,53487.6,2157,9692,959,1933,1855
315613,79434,27081,1329,190,874,18077,464,63122.6,17255,4320,1646,3477,3819
436903,67449,61388,2676,519,367,4183,1308,87380.6,12533,10908,1162,4541,5679
378753,102601,10543,3541,169,51,26865,776,75750.6,5437,5893,1832,1459,9232
455872,133014,3005,2291,158,273,7495,1027,91174.4,13023,10011,234,3919,3342
420591,20388,37203,4171,974,443,26734,1261,84118.2,12473,11999,773,4889,537
337350,83251,16220,2685,785,686,18720,551,67470,12416,3980,873,3511,6242
368606,57042,32696,3440,352,824,30827,1462,73721.2,2638,2672,1001,4491,9355
177679,337,14147,1181,739,32,24067,908,21321.48,2051,7296,1009,4047,507
93178,14256,13613,838,871,871,1714,1413,5590.68,19855,13065,1836,1840,1993
427209,23450,47984,5132,167,415,28314,1352,85441.8,9983,14273,1744,4071,7112
185458,10057,39396,2157,897,643,13088,1817,22254.96,2329,13776,227,1675,1889
264466,8983,76,5926,468,424,10976,240,52893.2,13857,7602,1720,4707,7380
449503,130469,104056,3857,861,786,32125,1638,89900.6,10976,4943,81,1627,7520
96724,19995,18946,4838,431,6,13907,808,5803.44,17912,6469,672,3707,9132
239204,38886,17956,5319,625,494,24778,1518,47840.8,17157,6951,188,434,702
496524,89025,23471,2496,401,738,35666,1833,99304.8,18729,7182,17,1259,9755
106393,31036,14994,2250,489,766,11764,895,12767.16,4201,749,1030,3587,3879
399458,95149,61531,1910,900,793,17648,1997,79891.6,9313,3419,1308,3942,7025
86312,2673,5970,3463,611,747,6943,1007,5178.72,19889,1730,1220,978,5725
347468,34890,40720,4763,930,854,6850,1084,69493.6,5874,13046,399,4888,1289
81196,11977,11862,4307,780,353,10651,1085,4871.76,12186,2326,734,2711,1931
80014,23466,3111,4975,550,946,9429,1761,4800.84,5956,6318,964,1207,2535
411426,106554,68273,5051,520,695,31160,766,82285.2,10221,4835,73,4370,3584
151994,27009,21788,526,431,198,1554,1788,18239.28,8641,4774,412,1618,1096
439505,50406,25522,5354,539,714,56531,1475,87901,12803,12419,412,607,9427
43340,3688,4649,891,486,434,52,1300,2600.4,13459,10717,1039,3276,3665
311994,69284,69404,4419,494,135,27735,1182,62398.8,8883,10159,259,2093,6876
460200,114579,52289,2375,668,908,66207,1262,92040,19077,8504,1088,1681,1904
123711,13665,7824,5909,422,287,8274,42,14845.32,12234,6010,1095,1212,395
225250,20641,55288,5248,402,801,29720,1940,45050,3503,3039,987,4678,5687
21094,3029,3486,2971,789,657,224,874,1265.64,2177,7593,640,3116,8036
360103,84766,45147,1668,523,718,52720,412,72020.6,16747,5392,505,429,2982
436634,45950,82922,2322,753,566,43437,1462,87326.8,17908,12548,1755,3088,7607
277885,25046,8614,2378,967,810,34219,1337,55577,11936,13001,1154,2376,1335
121585,35667,25147,4250,155,407,5237,1175,14590.2,19377,11828,1599,3873,8095
475590,140710,76637,4181,563,916,56190,1836,95118,6898,11923,753,650,9760
394708,86363,20914,3621,735,913,55195,1103,78941.6,7345,6782,65,2729,5015
78798,21173,9615,4445,647,909,10212,1160,4727.88,15319,3275,1624,4701,9405
388170,13222,50785,2736,205,761,23522,1748,77634,8050,2991,824,58,5593
211604,50064,23053,2104,956,948,10317,1473,42320.8,10188,257,1380,3070,3585
120130,18095,1753,3659,547,786,17463,1409,14415.6,2734,13126,1482,2699,5171
294308,1439,57811,2030,971,716,40753,1700,58861.6,7468,8148,877,523,4736
176667,38381,13481,3962,387,824,9474,382,21200.04,9442,1956,1297,539,1374
40257,3630,6353,5410,639,703,534,164,2415.42,19333,6498,1129,2780,8571
417427,5375,76031,3273,171,335,47777,708,83485.4,16124,14053,1062,3757,8284
368133,89023,91818,1329,590,1,12040,301,73626.6,10739,6453,487,2924,8684
408448,107181,146,711,190,184,40529,773,81689.6,18048,8750,635,3879,9347
470969,20600,40275,2281,927,673,4666,1071,94193.8,18059,6209,1144,866,4963
62691,2466,316,961,407,560,4673,1150,3761.46,2311,963,595,2844,942
492981,109934,15977,1647,600,601,67698,367,98596.2,11160,13829,208,2423,660
89768,20508,8797,3770,197,437,10018,647,5386.08,4274,5512,774,4037,9611
428829,50117,107070,1605,959,762,36766,1055,85765.8,19466,7198,950,2861,9929
24026,6011,1177,4586,652,21,2521,506,1441.56,13008,14968,111,3291,7674
456751,6928,109822,3133,288,211,23885,612,91350.2,7216,728,1424,2844,9977
235162,55309,36190,4980,351,476,26415,76,47032.4,2720,2646,579,3123,8136
303052,74647,2594,5354,801,465,40244,706,60610.4,10012,13154,1827,3623,6224
455329,116196,76610,2153,658,988,41290,1224,91065.8,19810,14652,891,2565,7782
29610,871,311,4895,803,233,2772,67,1776.6,13320,2129,733,3236,7976
187718,12582,27431,4975,435,171,13270,1051,22526.16,13945,6295,0,4480,3667
335329,60598,82684,1115,382,602,34295,935,67065.8,18456,2476,758,3247,8646
344711,66399,27571,3805,465,674,45143,399,68942.2,17749,3171,1314,4862,3575
188646,47651,44160,1776,610,796,7051,56,22637.52,17188,10313,1099,1931,3655
232123,27684,435,5912,819,517,33291,1226,46424.6,12808,11438,400,4803,8494
308326,68591,61797,3813,699,243,30260,566,61665.2,6198,4586,1615,1265,3275
388280,77722,43937,2337,736,420,42131,1106,77656,11327,11862,667,3819,3119
403786,2682,59643,1630,470,378,43513,617,80757.2,19202,11650,1823,106,8655
29288,5278,134,5175,324,472,4179,1274,1757.28,16084,6802,749,724,8479
350968,21832,86538,4106,188,340,42381,341,70193.6,19301,2302,950,2035,7173
433093,16997,107299,1449,582,953,10423,422,86618.6,19914,1943,802,4692,9559
94425,1872,2366,306,634,959,2216,1867,5665.5,8975,14354,895,445,4971
10917,0,79,1736,734,670,1584,438,0,19433,14491,530,1336,9673
347746,40491,76990,3550,207,122,43115,413,69549.2,15124,7931,1116,4929,5852
498256,63043,75204,3839,645,871,71872,871,99651.2,2927,13530,1628,4170,5640
336719,72725,68951,994,750,433,41811,1961,67343.8,13784,9838,498,1700,7052
344662,45520,75768,5387,934,975,15573,132,68932.4,3845,7097,591,2478,9863
263187,62919,29039,5862,283,187,21863,1892,52637.4,17579,9886,771,339,3649
49104,11565,1006,3265,804,13,5214,428,2946.24,14994,6019,1428,4322,1769
159134,21770,25568,3599,658,69,9371,703,19096.08,15481,14545,1533,3354,7171
289143,47498,37459,5143,756,650,36363,1567,57828.6,10156,9871,624,4784,8973
272091,61477,7669,4541,305,410,20751,1633,54418.2,19069,7689,114,3515,24
465061,244,89749,3667,350,869,55008,267,93012.2,8723,639,1707,2630,9417
413157,32788,83816,5252,648,836,10051,106,82631.4,2138,13518,573,256,6789
71169,13917,2748,4682,551,590,5001,65,4270.14,7338,4385,1664,355,1796
164542,46489,23076,5347,645,805,737,1006,19745.04,17762,367,850,4992,5012
139744,5767,2661,325,637,317,11004,1075,16769.28,10689,2650,1330,1525,2966
382828,28390,23333,4847,309,436,10984,710,76565.6,3048,10637,1139,3954,6180
69821,10247,15173,2453,360,591,2818,287,4189.26,10597,7336,1131,1386,3154
227741,59719,44367,4635,602,145,13086,231,45548.2,7371,7230,1241,968,9392
259265,34678,38875,3789,833,884,38110,1186,51853,12685,9979,715,4620,7379
447651,29583,12698,631,219,736,28737,1264,89530.2,9049,5675,1680,806,7817
407745,8076,96500,5461,980,226,41486,389,81549,11292,14675,36,1555,6035
224127,18006,31408,944,463,381,33216,1045,44825.4,18863,13219,35,984,943
284336,15051,15133,2152,580,179,14436,728,56867.2,3709,10768,1948,4504,8782
346246,4314,73746,4430,531,535,49094,686,69249.2,7262,12126,324,1463,6239
213834,28670,36126,3223,806,98,23818,908,42766.8,16978,9711,1637,3541,9354
244538,67551,33043,2731,316,390,6873,1814,48907.6,7456,1933,642,1408,7411
387038,10236,4078,3884,540,269,6697,1516,77407.6,18836,3577,398,1607,4316
96795,2800,21138,4109,468,945,4161,1707,5807.7,17623,12551,962,4579,8679
175159,41791,11137,1110,266,93,7996,520,21019.08,3369,7002,332,533,294
338821,91903,29350,1611,846,791,10043,361,67764.2,12625,14747,708,3047,8576
145699,16352,4698,3095,661,462,119,58,17483.88,8308,8153,1940,2516,4671
459757,125721,33132,2194,352,780,14580,484,91951.4,9563,3682,1384,1620,558
253877,45650,10165,3306,311,658,12574,1652,50775.4,2530,7976,278,1566,4066
209298,10346,794,5452,970,284,19231,1124,41859.6,8938,9508,46,1768,6219
406471,25156,13646,4600,611,21,50942,1780,81294.2,12689,9232,1237,922,8658
198505,55904,23179,2370,999,1,12705,797,23820.6,3551,14004,1569,4865,4085
146285,14035,5870,2956,849,102,19401,339,17554.2,8657,2035,1832,3577,4969
112412,16108,589,4434,704,972,16734,485,13489.44,18788,14849,729,1001,4049
29404,2853,4294,4568,350,35,2202,1835,1764.24,2617,5381,1838,3565,7794
126545,18620,30736,5155,380,805,9744,688,15185.4,14491,1657,158,2439,4498
428596,4176,102617,3784,665,273,2250,1039,85719.2,17366,12066,34,4716,8279
232128,25920,16211,713,901,50,21444,1521,46425.6,11928,6140,1926,546,2369
160245,6829,21129,991,355,142,14196,120,19229.4,11225,9774,487,2950,7743
194099,57689,7377,2962,480,895,22967,1237,23291.88,3792,2706,1836,3818,5983
296133,73927,8861,4417,755,482,19621,1765,59226.6,4236,2301,824,301,4476
271657,40667,17821,2998,893,947,22906,329,54331.4,9599,12785,1759,4882,7101
380250,65842,78488,4609,496,16,44469,83,76050,12525,13186,509,4174,2996
296663,35843,26953,1219,498,879,24623,1204,59332.6,2694,13775,628,608,8988
266875,50808,36801,1206,309,588,26852,744,53375,17882,8117,917,482,9286
294583,30543,18277,3510,774,277,30671,385,58916.6,4928,2958,1646,1767,4866
390714,72780,89439,4028,401,634,46896,322,78142.8,12675,8726,1861,3084,6665
480165,6611,83762,3019,371,437,15016,1577,96033,7086,557,660,414,7335
24995,6322,6244,3966,755,435,3093,447,1499.7,15802,6771,1260,1734,2676
33559,2692,326,5195,543,999,4024,903,2013.54,10522,6642,1382,2686,2908
361193,46902,27802,2664,545,383,16321,72,72238.6,3055,12735,1584,933,2988
408237,116452,63497,1092,316,980,38162,254,81647.4,11307,4039,1070,4408,3666
108000,275,18784,875,601,857,11376,859,12960,6284,12377,1124,2659,8147
162191,5271,4278,2027,287,685,18276,916,19462.92,7197,12395,1946,4598,485
454755,72867,53702,3527,359,131,34506,1906,90951,8583,7014,777,1373,3210
498051,77089,28677,5843,917,262,25544,1022,99610.2,2117,1099,597,1202,6349
311494,58745,7500,3871,734,393,11194,864,62298.8,16359,532,1451,3724,9906
449439,85970,4015,4486,363,782,60504,1723,89887.8,9707,1006,946,4811,7134
35517,8080,5452,4025,927,921,4741,1313,2131.02,15066,2341,401,2241,8068
481869,118523,118994,5461,509,207,35271,1523,96373.8,16066,218,1987,1556,8091
425466,20662,58812,5156,812,807,22444,899,85093.2,13227,7563,1772,1692,9682
225558,18228,7826,3666,384,225,21534,1775,45111.6,16037,2312,866,4691,7200
486111,60721,9201,5165,877,700,9662,1908,97222.2,16032,3055,997,895,2177
361276,49223,29048,1660,546,464,52651,984,72255.2,9800,12839,293,1201,5749
494282,138458,121471,2348,453,357,13252,829,98856.4,10403,1427,547,2751,4700
470014,6862,19941,3275,258,143,27214,607,94002.8,3600,14611,1339,2824,8201
457415,40108,80641,3496,961,353,35329,587,91483,15739,5019,707,4366,3767
331690,91788,58418,1387,981,250,37262,1,66338,10223,13458,236,2996,1422
115686,9487,153,505,957,375,16350,382,13882.32,15593,11196,1609,4832,8917
98151,15061,8773,3786,539,988,3603,689,5889.06,7949,12600,863,2228,9685
275471,80140,49939,3615,269,244,6761,1135,55094.2,6716,13029,841,4354,2708
130318,17427,4886,922,989,17,3751,1908,15638.16,17535,2232,746,2069,9630
432984,27201,23950,1977,759,714,35468,203,86596.8,2901,4030,1452,2342,1724
205490,3042,2267,3587,359,715,5844,1773,41098,8005,3763,329,1996,5247
497602,49966,20642,3312,576,484,29153,25,99520.4,14061,6855,458,4619,1505
183860,54774,970,5947,693,1,8491,1876,22063.2,9318,9827,1649,1376,6412
125945,10386,8839,3312,479,949,16415,107,15113.4,13224,3507,1766,1786,4519
223456,15225,31288,3937,375,375,8733,1700,44691.2,18024,1912,1672,866,3598
318974,16693,14450,3000,876,913,30516,1590,63794.8,5344,8996,1036,806,6366
62446,6661,5618,2171,784,565,546,867,3746.76,12859,3440,184,4354,425
418376,43021,34263,378,296,165,50135,273,83675.2,14421,2356,1001,523,662
197655,53379,2047,1776,489,864,14759,1815,23718.6,11806,12792,81,1578,2879
437214,117174,74900,5568,713,328,24955,1565,87442.8,17727,8548,1390,332,2413
430446,121574,28794,5034,329,654,49648,16,86089.2,6810,1864,312,3447,6453
150148,21219,13091,5457,439,447,18299,1487,18017.76,10668,13798,1188,706,9735
79341,11937,2886,3528,336,91,5054,297,4760.46,5015,10722,942,3581,2144
41085,794,5188,2635,635,519,2185,592,2465.1,13578,7658,522,1646,7835
327715,47366,15161,2025,486,251,24110,875,65543,5081,11503,1947,4185,582
417931,72322,4158,1414,257,941,12695,1419,83586.2,9424,1935,1541,2825,5091
400452,102318,27663,460,275,611,24760,1050,80090.4,16060,2381,1952,1523,6313
15750,0,3461,1725,922,38,488,182,945,12966,4950,909,1283,1182
386075,103657,6733,2033,855,435,10257,1539,77215,18214,10749,686,3940,2060
350912,101711,32001,4715,958,647,50872,674,70182.4,18132,3684,1820,267,7287
45903,10648,6360,2711,183,361,5191,448,2754.18,14159,14465,102,271,8518
213561,26427,49630,4260,587,945,6778,1355,42712.2,17221,12320,1678,4240,6549
435309,17358,9329,2822,425,561,32938,1948,87061.8,17732,8350,1519,2910,4007
101036,25623,20337,5161,643,82,8591,1607,12124.32,18220,11693,1719,1793,7649
97954,28942,4043,901,331,765,11784,1479,5877.24,6143,1314,1860,28,3208
437530,95326,14242,2659,388,707,64712,587,87506,19592,7985,1365,3421,3999
451441,86157,98901,1855,983,26,28228,419,90288.2,12342,12574,1182,1519,2530
491201,28365,91814,4984,497,588,62986,239,98240.2,3247,13786,786,906,2296
355158,13189,27133,5639,295,805,24466,511,71031.6,9979,7971,1778,1380,6496
438395,7248,24740,1820,193,766,11813,1313,87679,19784,4039,1169,673,2313
127305,4369,2324,2690,965,20,6620,803,15276.6,6206,6889,1209,4597,9955
428554,63763,30976,1205,648,217,25924,438,85710.8,10513,13057,709,1254,4497
495651,139122,40067,1950,952,44,73458,771,99130.2,13903,13198,1224,992,9950
210753,28605,11231,1417,444,953,21238,1020,42150.6,6858,6586,29,4216,8679
42101,464,569,1824,920,406,2089,522,2526.06,9153,2644,1758,2224,5376
12775,0,140,4567,680,693,233,570,0,5224,11723,1186,346,9118
121497,15398,25261,5021,876,797,16939,1282,14579.64,12006,6226,528,4432,3993
55619,8115,8878,3380,360,478,4771,713,3337.14,9080,8569,745,3340,8143
449054,33055,3280,5077,551,862,62743,1291,89810.8,11632,6876,911,4331,8741
262388,68731,31742,5740,380,655,3275,112,52477.6,10056,7939,1248,2428,6838
422755,90987,3590,3540,488,563,15078,1608,84551,3180,13916,323,4586,6731
243346,7450,51190,4706,154,762,845,404,48669.2,19263,14194,1502,4555,7151
329268,2925,50226,4101,460,617,30678,1941,65853.6,8839,6388,1789,1776,9258
75149,14515,13570,2235,930,808,6653,1425,4508.94,19806,6897,800,2165,9147
36616,1120,2225,3927,311,710,1319,235,2196.96,4962,6246,505,4524,2873
482871,5310,95129,5919,365,336,42670,1029,96574.2,14279,13688,753,71,9931
231767,31817,47646,4680,935,791,21487,1624,46353.4,5506,4678,1267,2806,3515
195639,49598,23907,4009,985,147,14332,1137,23476.68,10439,907,1827,2631,6027
178171,27408,9533,5679,761,614,24817,364,21380.52,3497,11978,778,1812,558
216903,44528,42649,2842,320,410,2890,846,43380.6,14245,7150,1723,2270,8757
241318,55779,16747,4750,401,513,35393,1344,48263.6,19931,11511,1655,976,8157
333943,84816,13366,499,830,767,5513,1334,66788.6,5146,12636,771,1711,1058
362365,82641,76368,2483,187,571,8644,1191,72473,16414,7597,1214,4329,7726
387023,84083,28325,5343,377,818,31226,849,77404.6,3746,217,1266,3586,8720
297623,76310,34798,2975,786,384,34397,51,59524.6,17438,10920,1891,33,3069
449388,15457,39453,4336,427,481,23520,1911,89877.6,8961,11706,516,2085,9547
371309,42311,22849,5312,434,602,47512,299,74261.8,6636,3889,1215,2174,1500
65863,3980,6157,3793,659,100,4717,862,3951.78,18406,6506,852,1741,7068
183115,20886,30178,4272,798,113,558,1085,21973.8,3679,5351,716,3806,3705
354713,77112,82537,1664,515,261,40838,83,70942.6,9782,321,1667,4243,7036
418624,50877,29030,2152,769,421,62311,1771,83724.8,3629,2686,625,4729,3841
263347,36181,51134,4737,217,53,1068,1376,52669.4,12132,9810,290,4591,687
199052,33262,193,3901,253,187,24420,1865,23886.24,19909,11054,1049,2107,5266
486172,132019,8164,687,550,538,43714,1692,97234.4,8585,11137,665,449,954
288495,22,1119,4399,395,751,42220,1526,57699,16617,934,1554,4845,7052
145203,1128,13351,5072,826,591,10962,1682,17424.36,16191,12837,36,700,3589
257908,32322,56063,1962,341,189,15472,1018,51581.6,14253,9837,650,690,7719
316969,48929,72076,2758,856,830,38666,923,63393.8,17290,14069,65,2763,4216
283493,81696,45162,512,793,866,20986,889,56698.6,7817,6469,1407,3779,9280
202003,49709,31760,4955,445,602,7810,1498,40400.6,19004,11844,1054,3322,2355
316398,9808,49678,857,293,546,7996,1658,63279.6,6651,8027,401,683,769
310369,52882,47628,2905,880,57,16833,914,62073.8,2715,2607,202,1212,3301
284597,21725,40739,3419,175,502,3639,502,56919.4,10297,13537,1023,2287,2088
159886,6998,29738,4003,400,188,1913,1822,19186.32,16554,10066,1579,1223,3901
159335,39950,23581,2991,756,764,10989,693,19120.2,8699,7049,1295,2489,7197
87694,23418,21485,2294,861,547,4633,98,5261.64,19112,7726,953,2397,5207
25735,1656,2589,5348,764,869,1877,1725,1544.1,14592,7071,1537,2168,2173
419046,20557,36294,774,342,603,57076,909,83809.2,12330,7205,1594,1650,4744
320037,21825,53001,2067,530,567,5328,1329,64007.4,4543,4332,1269,2088,612
185745,8998,1634,341,151,578,5409,762,22289.4,5152,6733,1503,4247,2319
399150,36080,43969,2951,908,312,51697,314,79830,19080,637,375,4266,843
230534,57797,93,2395,752,168,27830,1733,46106.8,10598,7864,505,2384,9035
55066,15802,11986,4292,194,798,7886,1465,3303.96,11771,14750,1199,3445,1948
241387,11167,19750,2286,152,130,5327,246,48277.4,13760,374,1519,1000,6834
144445,35092,16472,4165,997,677,3461,264,17333.4,7185,9898,981,1800,8404
413551,42407,18934,3957,598,948,7533,1592,82710.2,4348,12601,675,1183,8848
426957,120283,43774,5123,725,563,1459,424,85391.4,15842,3574,1287,2472,3744
282836,13338,39125,3817,284,151,22866,794,56567.2,13511,12641,1059,1034,9305
450511,76289,66981,2568,440,921,44178,1081,90102.2,2515,6624,1130,2163,913
55541,5984,4621,1944,427,104,456,1872,3332.46,5425,8811,24,740,7521
175129,18895,39103,1239,325,366,8168,1507,21015.48,3745,8382,423,3345,1637
76983,15142,18214,4738,431,91,10076,323,4618.98,4184,3249,1404,3079,1624
160655,43831,23169,3609,269,712,5530,1209,19278.6,5428,4225,1771,3354,7091
163837,362,16938,3285,923,804,644,791,19660.44,3071,4082,1502,2824,225
200359,3454,11956,5236,323,884,10521,1522,40071.8,3187,7646,1795,4609,4145
427122,117486,51586,2327,588,730,12701,847,85424.4,18883,7432,998,3460,4655
392891,86540,58024,3427,608,431,54861,61,78578.2,12434,14466,1644,2699,2126
357247,60797,39687,5289,779,578,7264,592,71449.4,14561,2564,682,2473,7873
220747,50637,5593,5734,490,680,26786,962,44149.4,4549,6673,1993,4962,5974
187597,5349,26207,4433,846,304,21322,1269,22511.64,8081,10016,1178,1394,1580
179302,39963,39921,1664,904,27,13748,1510,21516.24,9147,4381,488,1488,9029
422736,75583,37310,1150,875,287,56515,1784,84547.2,16656,7606,421,3374,9062
488454,138822,48960,530,270,354,71283,868,97690.8,18343,9615,1488,4677,3873
455150,94929,61262,2799,724,966,59386,1396,91030,16516,13616,108,1823,8100
297710,22463,13403,5761,810,838,23257,514,59542,7745,2823,1445,4833,1978
345337,74935,13065,2604,642,980,14301,747,69067.4,19204,10856,631,4495,6590
433350,58792,89930,2781,425,543,49621,50,86670,11191,6204,1471,3654,9814
413561,13686,26801,4604,178,677,8500,616,82712.2,10765,4499,728,1680,5761
262084,63528,42646,5620,960,403,6017,98,52416.8,3698,750,1168,4767,6949
131015,34275,828,4011,886,135,6847,322,15721.8,5256,3923,1932,4109,4952
182257,50155,29230,3203,834,67,8980,591,21870.84,4187,12435,852,3212,5099
256536,22787,7170,3765,393,153,16674,1464,51307.2,3778,2295,334,4735,3911
234021,14776,18406,3068,470,462,33197,403,46804.2,2048,13135,1647,2776,540
140956,29527,24678,3192,792,325,597,1836,16914.72,3494,2042,628,2827,5188
80744,6583,9749,2383,501,815,8050,1925,4844.64,16832,6735,535,4592,4875
305599,61086,53239,1538,681,95,37295,1440,61119.8,11365,13752,1798,4061,7503
431234,102231,32655,2374,230,196,34325,1706,86246.8,15913,5527,447,535,340
326363,63308,62771,2365,442,107,23173,1969,65272.6,8467,8875,116,1658,1700
318135,15797,45984,929,443,45,24439,154,63627,19302,3143,1004,3460,1721
83616,4231,11049,3508,646,185,672,541,5016.96,2350,13209,1086,4718,1393
97438,5302,6785,4974,607,453,2854,1634,5846.28,3926,2867,1787,1520,9748
126841,908,8998,1202,896,322,17962,145,15220.92,3917,10780,741,3230,5595
150558,15123,4655,1353,962,284,17816,925,18066.96,14441,9483,487,34,7393
179934,12877,18458,422,882,82,5521,1258,21592.08,8010,10809,1173,2567,6535
262734,14239,21432,1256,831,649,8232,1497,52546.8,14712,13582,617,3914,2413
68870,2586,4872,5396,707,326,4479,1422,4132.2,7269,1321,180,144,1374
96694,9335,360,1286,209,748,2933,863,5801.64,12541,2217,329,3091,3906
247068,48408,44677,1551,757,448,17698,1634,49413.6,17924,7988,1291,4570,5306
316000,83251,70135,4733,930,320,37046,1483,63200,13153,10603,1479,3319,4014
111407,23235,10168,1290,692,144,1895,701,13368.84,6104,11308,1127,4429,4436
489271,126228,105035,2620,529,277,50215,788,97854.2,3501,801,1404,437,7967
41379,9745,2077,5856,473,611,5718,1931,2482.74,4823,13907,789,880,2745
336873,10534,13750,1201,777,13,11488,1456,67374.6,15719,3346,1190,2630,8816
431594,100110,27987,2386,211,261,5404,256,86318.8,2067,1252,558,1232,1548
246500,43060,51325,4292,295,413,12425,714,49300,14589,14026,1983,4466,3585
64353,17189,4691,4821,992,493,5593,438,3861.18,12512,7173,1579,4176,240
191068,20531,26165,5009,511,46,12775,536,22928.16,19147,722,1039,2295,7615
286175,10967,50541,3880,202,736,2676,174,57235,7572,6416,1850,2499,1600
221144,65563,24346,3102,551,915,24476,712,44228.8,10669,2465,495,4815,4710
75982,8660,3514,2504,712,655,9825,1830,4558.92,15255,4413,33,1364,6772
46683,3983,8454,1171,830,195,5265,490,2800.98,7039,1410,1965,2016,6286
124091,25339,27559,3124,856,289,14744,1306,14890.92,14333,4551,719,1164,1203
127797,9616,2919,3202,598,768,9725,604,15335.64,15920,14607,973,2812,3398
420834,75976,97501,5030,232,972,17492,561,84166.8,19407,8604,965,3100,8291
16587,0,1863,2803,528,431,1586,218,995.22,16959,4367,566,3534,1194
334934,48738,16385,3703,795,519,36629,1974,66986.8,12084,2033,887,4512,5899
303624,13107,18317,2491,607,789,21512,1020,60724.8,6738,3070,1788,910,7372
239602,61404,393,5850,929,323,4954,1179,47920.4,8814,3225,1393,1146,1157
161599,28646,24881,4182,230,801,1112,56,19391.88,8758,1485,73,1386,7997
295713,15954,27955,4882,880,955,1112,1534,59142.6,3531,9692,1559,4607,4524
283295,16943,58308,3507,663,428,16733,742,56659,19785,14963,1946,916,8430
474310,40725,110515,3958,458,292,36730,337,94862,7858,8375,622,3951,4853
200246,45434,6495,3397,912,376,18307,718,40049.2,19038,9151,1265,1709,3461
54739,10110,6953,3378,643,534,8059,1295,3284.34,10966,14396,456,1516,1866
42954,7344,5053,2938,385,83,42,1750,2577.24,16690,2679,239,1222,1498
253935,16462,59596,3386,817,766,5877,989,50787,8622,13598,1423,3652,4972
119373,13696,19056,5851,186,372,5974,1207,14324.76,8053,11371,1153,133,7874
438519,66567,1713,3246,890,23,15518,1314,87703.8,7511,409,670,1921,2005
44700,7381,4044,3771,806,986,851,923,2682,13447,9284,1086,1912,4255
496252,127425,62160,4602,474,908,32344,301,99250.4,14261,1442,1070,2562,1304
133728,15816,635,1924,205,324,13356,1012,16047.36,9631,4212,1278,308,5969
470784,80989,80729,3257,270,847,46069,1602,94156.8,10801,14154,530,4617,4178
338932,22222,60843,3587,463,315,46273,246,67786.4,18768,2178,1591,4631,3951
81045,14258,14633,1825,360,549,1286,15,4862.7,16866,14785,1034,416,5666
441058,63924,94764,1782,921,943,59826,1358,88211.6,16083,6099,1877,1363,1709
154972,34318,26730,558,252,220,20163,210,18596.64,2191,3355,1500,2036,1983
400136,78513,72981,5748,588,921,12817,1609,80027.2,10161,5338,376,2325,9228
352203,54649,79817,753,966,213,11560,1396,70440.6,8785,10974,222,2876,6772
11881,0,2506,1098,896,471,1524,816,0,13467,1603,1927,2527,2498
436253,112743,65573,4770,187,844,52842,1987,87250.6,4743,5708,73,1245,6359
404846,83749,28869,2811,962,490,59460,1429,80969.2,13764,6234,133,1858,8381
292933,10223,31076,4470,769,84,16896,1553,58586.6,17839,4288,1694,1539,7926
398227,48166,92166,541,563,384,22497,1045,79645.4,14210,7876,1778,806,1376
98059,6601,20469,5436,373,3,182,617,5883.54,10350,7635,1634,4296,7164
224566,59526,32299,2012,442,706,16258,118,44913.2,16243,9507,305,2077,2917
318295,12661,25094,4518,845,113,34869,1551,63659,9158,10112,1895,1268,7162
452136,71718,26817,2302,304,214,44417,1207,90427.2,7123,8812,1273,4956,1641
119388,7970,10555,3627,181,335,5568,1538,14326.56,15641,4375,540,3544,8397
208303,47922,5120,2581,383,876,8929,1515,41660.6,11421,7686,276,3238,7471
483573,30755,80214,796,638,652,43271,505,96714.6,17364,14396,1192,4706,2551
275406,19416,50193,3411,911,166,19052,1658,55081.2,5849,12925,836,4120,4892
339125,13672,4715,5541,719,286,44013,1778,67825,13416,8246,1220,3320,4633
393095,83468,34162,5869,482,919,36148,436,78619,3448,8625,599,3641,2837
395243,46996,97858,1026,824,494,19499,802,79048.6,3004,8701,1358,3300,5763
91972,8559,3676,2131,166,383,8392,1128,5518.32,11970,10445,439,1187,2744
347629,64,38458,2121,563,846,1307,102,69525.8,18595,6734,795,2442,3140
64722,3299,5818,2116,915,516,5559,1231,3883.32,10369,1001,1185,4569,2075
361643,70385,3140,391,807,126,11667,1684,72328.6,13934,12555,55,2665,1520
191890,5639,8638,3732,890,432,21190,704,23026.8,14461,14422,1996,2349,5213
433148,116723,17383,2269,389,85,61433,824,86629.6,15042,724,182,4952,4424
279045,11055,17718,2684,435,597,9961,1757,55809,10814,2960,939,2836,894
127473,22058,8325,3979,495,906,2594,1070,15296.76,19027,7148,1439,496,1711
280741,29427,57399,4908,524,535,17616,1953,56148.2,2030,10392,1915,385,7057
401775,116916,87008,902,165,44,4967,303,80355,10195,8813,1237,2249,5596
336053,82516,21863,727,736,969,41534,166,67210.6,15178,11157,1052,1830,5240
344535,64666,71626,2319,409,622,16465,493,68907,2017,8620,1026,4194,3273
225286,64274,11377,1756,510,289,12182,86,45057.2,6327,11366,324,2464,1706
411479,118294,83031,306,548,906,19929,1249,82295.8,3825,8329,1009,744,6511
335437,10866,60523,2734,609,696,47087,119,67087.4,8206,11829,778,3906,9605
253896,3889,58867,1673,665,234,22830,1949,50779.2,4047,1690,1789,452,5844
166877,48226,14870,940,912,156,20685,1271,20025.24,9766,922,175,4560,7330
494895,31335,57487,4062,234,405,50607,1528,98979,9248,9219,616,2624,6018
21874,1395,2916,5517,212,672,94,945,1312.44,18031,11454,1844,1190,596
234137,26162,55951,4305,249,504,30071,352,46827.4,9645,2516,1335,2036,3795
358546,89449,67639,5462,983,711,32904,1167,71709.2,8515,5212,948,2801,2730
286223,24687,42980,2530,904,121,15988,1768,57244.6,14018,9510,1177,4992,5409
453066,98756,107904,4960,444,944,10441,349,90613.2,15894,4467,392,4705,3175
344923,10995,32050,4111,311,223,29614,1538,68984.6,16728,7139,1387,156,4478
105408,23720,2921,3606,327,999,15609,1017,12648.96,11361,6272,1994,4924,4916
412234,2631,70270,745,593,876,3670,1772,82446.8,13938,8008,1728,1374,6532
130606,34954,19757,4241,477,22,9537,1340,15672.72,2000,9386,357,583,9151
452716,88294,30328,4595,477,196,21028,769,90543.2,8871,11857,1079,1847,8720
130062,21742,28052,3295,913,478,19068,1049,15607.44,7244,7887,1307,736,7555
22100,4348,836,812,191,284,999,1553,1326,9203,2196,1686,632,7
329165,92116,12094,1289,391,517,48101,321,65833,18625,9350,1950,410,7022
160872,34227,9028,1701,491,307,9216,295,19304.64,14030,11786,1985,1504,5141
400270,1942,15432,2112,240,344,14255,130,80054,13202,4545,1212,4069,794
204472,47664,43819,845,177,600,21841,16,40894.4,18173,6410,1617,435,7813
364590,28069,88627,2833,608,990,12578,1943,72918,14285,2146,1039,3063,6302
301581,87342,5312,2309,816,889,20550,769,60316.2,18346,3033,186,2810,4666
244196,14407,25973,3732,780,397,4203,1605,48839.2,18195,9450,745,159,1795
217609,48390,36590,4385,534,784,15849,935,43521.8,7195,4676,1199,4567,5853
449891,59201,55305,2515,636,463,62644,921,89978.2,5762,8179,272,3457,1194
161014,14557,28973,5285,369,795,19480,184,19321.68,17049,3881,494,2881,5492
293006,54348,44390,5326,413,776,34601,1072,58601.2,10968,14415,1570,2195,3424
283813,81981,16099,3965,270,114,5384,1848,56762.6,18753,9030,606,4152,9054
393363,17878,49956,1127,195,635,49050,823,78672.6,18964,2243,1466,3133,6135
194844,17564,33843,2484,429,449,2250,1989,23381.28,15376,7452,215,3034,2297
288060,78629,14063,2462,264,771,20018,75,57612,3562,7797,1704,3669,574
283022,55420,9605,1575,317,403,26074,1812,56604.4,15223,13210,1316,4607,6904
275129,43168,51205,1816,584,680,6119,527,55025.8,4053,3826,112,4742,7217
214720,53788,15817,1612,395,547,29915,1029,42944,12036,439,29,2865,5485
51235,4721,2420,5468,633,228,568,33,3074.1,10629,13813,337,2811,9962
291075,54862,69853,3823,524,645,37969,58,58215,3990,6383,1242,2849,4399
102876,24086,24361,815,429,243,12451,1090,12345.12,5967,3071,1423,4200,4509
10336,0,1946,5083,895,64,929,254,0,5381,2402,979,2902,3859
315077,28004,57858,1319,171,236,17676,1832,63015.4,8305,1371,1896,3140,5645
488115,20471,121915,1595,863,945,29878,402,97623,9455,917,1070,1386,4408
317680,91820,49089,1349,217,959,4275,1180,63536,18192,5120,1819,2370,6439
79504,3925,227,5489,797,2,7963,31,4770.24,15836,5331,916,599,5214
109214,18292,18721,2640,892,499,2645,9,13105.68,14807,4024,40,1185,5348
192220,18433,28964,1557,207,36,8663,1727,23066.4,7383,7902,1276,626,9110
123936,14568,11456,2578,676,620,7837,1398,14872.32,19209,14547,1836,1322,5113
26279,4464,955,3285,413,249,3116,730,1576.74,19275,9532,352,31,6365
209737,9466,50649,4169,831,2,28197,1372,41947.4,5418,4403,623,1392,3311
113751,25521,9472,1444,572,234,10181,588,13650.12,15447,8051,200,1377,4295
376577,57324,83449,4913,648,416,49760,531,75315.4,2316,238,1471,2358,4075
81386,3904,12675,1005,440,954,7525,1179,4883.16,16798,9969,215,4544,2590
96124,15467,19046,2724,318,250,9274,1050,5767.44,11213,2981,652,3934,5391
377894,97555,92525,3871,709,142,25550,1996,75578.8,19483,247,221,4454,4966
349629,75955,60049,2234,611,759,37087,1176,69925.8,13709,2594,1194,2916,4628
346199,52948,81664,2784,757,55,6953,891,69239.8,11899,6175,224,2239,327
101911,16676,15668,2045,988,60,12476,1308,12229.32,12608,9226,118,475,8741
370762,94791,40213,1269,705,67,28730,627,74152.4,4707,3749,1133,4233,4421
480489,108718,28111,2846,502,78,21304,1273,96097.8,2029,5866,1908,2558,8822
207742,22650,4284,5593,389,326,29077,910,41548.4,2434,5063,569,3016,5789
479690,88290,91029,2947,952,366,38739,428,95938,13513,3052,471,473,6403
457244,77701,17585,5928,432,707,24987,1580,91448.8,15802,1135,1299,496,5496
231094,10683,29595,1077,598,957,6038,1309,46218.8,18430,3256,1137,109,1816
386036,98092,7131,1633,731,706,2775,1529,77207.2,11738,983,1214,3122,6040
494848,80978,43382,2417,914,534,7477,293,98969.6,15827,11383,1536,801,9618
247723,4860,26197,2688,215,525,6374,443,49544.6,5554,12505,1046,1497,7965
343272,3729,33527,3403,476,389,2283,287,68654.4,12952,8281,1568,1380,3242
421324,31351,87493,3414,605,288,17046,305,84264.8,12695,14247,696,1502,7694
324639,62744,30936,4513,626,520,13891,1094,64927.8,6257,11590,208,1317,5916
92806,24346,21545,3236,997,651,4141,162,5568.36,2338,11795,693,27,4578
365329,74155,53441,4410,434,753,53187,1504,73065.8,15348,9201,1473,4471,7974
217605,55913,13684,1645,180,252,8413,587,43521,8202,5321,606,1259,5629
240097,6955,42448,2341,597,738,751,1366,48019.4,13115,7420,1658,4583,4413
460046,21662,20642,5306,363,884,14491,1540,92009.2,7339,1953,1694,2999,9919
477856,6408,69907,2974,842,94,27742,1130,95571.2,4408,1182,437,2010,100
455725,1225,12651,1855,863,690,48736,630,91145,13025,9475,245,3392,4393
207478,12196,1665,989,729,2,29489,798,41495.6,8168,1159,911,2023,6991
497436,146444,6918,5169,174,695,50420,1999,99487.2,11299,10118,1188,3131,8992
180591,17279,23007,3752,909,45,6718,608,21670.92,9415,7200,868,4320,3465
321793,95729,75730,1834,522,803,43096,692,64358.6,9218,11211,247,3852,7315
175596,50772,25035,419,546,652,24228,1521,21071.52,9092,7644,390,1476,62
499709,92404,89352,4459,486,524,31628,1024,99941.8,11737,12087,244,4147,7811
174957,38187,23066,4855,821,697,18757,1621,20994.84,8268,843,768,1383,9683
447585,48481,76749,4354,429,481,24790,475,89517,13611,3878,1169,2858,4238
242204,28475,48513,3152,918,596,10063,1476,48440.8,5440,4095,1449,731,5861
367546,44552,88148,1913,772,417,29767,963,73509.2,19265,459,806,2007,9486
302820,67969,22211,3333,708,42,5327,64,60564,7933,1355,1817,1747,9134
336237,76534,54587,3083,840,895,32501,910,67247.4,9414,11699,1354,2089,7635
450980,74474,26866,3236,697,667,58325,1508,90196,6165,12234,1216,979,1277
191871,25168,40404,5959,347,695,16785,614,23024.52,8137,2302,636,4418,7696
351558,32099,7344,4363,703,558,41571,1971,70311.6,2522,12172,124,4420,5899
365239,71180,68737,5377,628,930,48303,421,73047.8,11615,9498,1592,4717,7690
253154,61455,4752,4188,993,205,12644,1004,50630.8,12911,12997,1509,116,3737
82307,21472,9575,4084,751,721,10097,1559,4938.42,11601,12333,196,580,1452
485278,74796,10327,2926,729,274,31630,1174,97055.6,16310,3559,213,2145,5072
367576,54592,48659,3844,219,594,5874,1838,73515.2,5129,1603,460,2297,437
304067,47458,45797,1449,654,96,1106,1414,60813.4,5150,3585,528,1510,8040
389593,101611,71627,5367,259,178,46884,1015,77918.6,15388,656,497,4986,3066
245998,58046,27608,5102,531,866,13893,1788,49199.6,3094,14474,390,185,5696
481604,16488,28285,2009,546,147,8419,1438,96320.8,19523,9606,869,1766,9201
319718,58841,48634,3458,558,796,32427,6,63943.6,8466,10656,1734,3575,6681
446607,118521,40289,1666,500,383,56329,972,89321.4,10206,444,267,4526,3778
131757,395,22943,4349,683,71,8140,1539,15810.84,17187,5073,1317,1808,1268
63664,10845,15410,4790,650,216,6019,1786,3819.84,8585,11495,1238,1416,4154
339528,36059,18007,4879,938,720,21024,1717,67905.6,3538,4556,1711,4931,1657
303171,18394,25257,5061,856,832,24819,1019,60634.2,7177,4452,438,2781,4394
176536,28457,19518,755,570,805,9441,1489,21184.32,8542,11598,821,1775,1143
306629,45906,29784,4605,706,432,22755,103,61325.8,15058,14422,1607,3021,6574
269438,59332,38588,4920,260,635,32660,463,53887.6,9579,10185,1038,3644,923
160528,37305,21378,975,358,500,8806,1587,19263.36,12816,5585,1053,192,4317
478011,42628,4696,1301,891,861,28356,1617,95602.2,11652,8786,566,4025,8610
307698,21352,34635,4371,588,667,38700,847,61539.6,7011,3324,1096,1434,2438
319066,86682,58543,1195,327,32,11724,1583,63813.2,15322,4607,620,2241,5216
285553,82971,19207,5399,911,780,9127,350,57110.6,3816,14575,1172,3884,3055
210399,51993,27524,5995,574,215,9936,1752,42079.8,7635,11649,1259,316,3610
232472,39386,28554,2654,477,939,12669,1857,46494.4,8994,6590,315,4472,8284
308783,56624,11817,3393,160,100,31935,365,61756.6,8203,7324,1997,2344,1118
241182,57065,55258,359,401,469,10878,1916,48236.4,6251,13075,647,189,6318
466843,120212,62582,4781,384,179,41481,181,93368.6,13401,1163,1198,2664,4740
486640,8539,168,5831,797,638,63041,242,97328,15306,803,1783,4085,7393
291836,1263,42981,3064,403,332,34644,219,58367.2,8612,932,1911,3819,5465
99037,13305,15223,2094,715,487,4032,1231,5942.22,11891,6036,931,2224,2677
219912,53817,44220,3562,627,459,2205,1662,43982.4,15903,6969,840,1769,5354
195272,24398,8027,2829,278,376,24401,1205,23432.64,15357,5730,1561,4842,5188
234135,49107,16291,2242,887,680,33314,1891,46827,13660,12486,1619,1768,2144
198487,32152,43409,5986,681,816,10745,428,23818.44,4458,5706,741,2961,1342
28074,1351,4681,3787,249,877,2868,807,1684.44,18519,13738,1146,2781,3585
156621,39958,25439,5191,439,134,2069,34,18794.52,19197,11886,837,4580,4438
302107,52979,32992,5287,718,803,31331,1815,60421.4,13143,9949,1697,3844,5298
494672,58013,107053,5678,375,604,29519,674,98934.4,8656,11672,59,650,8170
237434,63797,39350,3721,802,732,15971,861,47486.8,8076,9891,1174,2051,7004
242679,51798,1573,4996,274,409,23114,1444,48535.8,14755,1668,1788,123,8585
62265,16650,14029,5641,587,154,2935,1226,3735.9,4769,7789,486,1906,5728
26061,1438,385,5832,970,279,16,1900,1563.66,5673,2115,736,3786,3871
461442,76421,8712,4378,713,478,2809,1185,92288.4,10389,3596,636,4718,2281
169882,7434,29948,1673,795,198,12542,1765,20385.84,17251,9031,1620,1307,4132
463222,30028,105067,3853,953,848,8519,1894,92644.4,11189,9757,1704,4023,2576
123502,1022,12164,3972,814,752,10189,407,14820.24,17077,8664,1369,4288,8557
294944,24331,5217,1382,496,416,24921,1372,58988.8,17887,12164,1092,1057,6691
388336,67573,60178,4547,847,97,38360,3,77667.2,16275,6674,1785,2119,4250
266505,74292,26409,1233,900,249,2354,360,53301,19730,10867,1206,15,47
117228,17443,16272,2887,332,913,12463,1969,14067.36,16357,14835,584,3155,6565
216548,34192,12734,5737,500,104,14648,989,43309.6,15384,7083,379,1165,7997
472676,4123,109657,4385,664,772,59726,589,94535.2,3719,1008,1580,4729,9101
460983,16603,101805,857,945,640,20089,1687,92196.6,10583,6837,60,2749,1475
300198,65941,67035,5893,527,326,40475,1381,60039.6,11547,12211,416,2497,1649
478535,42597,93075,5013,857,889,2748,1651,95707,4255,12721,472,3353,1409
186469,18702,9669,4419,614,481,9548,1889,22376.28,14301,3119,1715,2264,3160
23233,1759,903,1842,827,770,1163,1059,1393.98,7341,9598,366,3451,8613
252277,41751,58975,5394,951,803,29980,334,50455.4,4026,12578,336,3055,5650
493236,126462,28562,2682,489,930,42326,1314,98647.2,6339,1332,255,720,5790
166140,21442,21629,5852,290,946,6412,284,19936.8,3298,9143,359,2589,6824
337871,17693,61463,4398,260,376,27429,1059,67574.2,3612,704,622,1995,5014
362754,89541,46007,1307,410,651,8377,1347,72550.8,2107,13972,18,1592,286
342597,37697,18128,1581,337,14,25342,1486,68519.4,3353,8570,1994,2727,1974
114135,28988,2039,4658,520,899,8103,394,13696.2,3646,6525,1799,4891,1908
429048,97869,106615,420,507,695,36683,566,85809.6,6220,13989,1733,4192,1701
380608,29992,3857,4416,422,480,5341,1072,76121.6,19500,7001,645,685,5471
227314,63825,25896,1204,846,15,28161,462,45462.8,10603,9199,711,4552,3583
23682,1330,4950,439,948,732,1769,1336,1420.92,5020,2344,440,2775,5014
495514,130475,89007,2115,753,901,17181,354,99102.8,2236,408,1111,543,3317
164455,45406,15441,5708,598,574,23650,342,19734.6,4702,4159,1595,4182,4438
330304,12121,12735,4601,855,752,20040,54,66060.8,10400,5744,1910,2785,7264
234404,14219,22415,4438,566,484,22736,1335,46880.8,15630,243,402,2041,9598
295810,1617,34511,1328,537,278,9851,841,59162,14297,5041,124,1689,8701
330961,43016,46051,2554,487,332,32805,259,66192.2,17103,14116,1203,1349,9113
101198,17904,19925,644,460,939,1978,876,12143.76,18269,10575,936,2225,7975
437858,24276,107942,5561,478,256,14429,920,87571.6,4337,11115,346,4973,5378
51830,1583,3616,2719,196,184,7400,1665,3109.8,7726,10367,467,1567,3072
20234,1575,3894,3603,805,587,886,997,1214.04,12022,12373,1879,185,1996
67616,9953,6227,3535,298,26,6241,914,4056.96,12319,5860,677,575,9649
281365,26567,43232,2894,499,24,32688,1111,56273,9888,12366,382,4428,8906
152482,22560,4281,1687,472,853,3454,903,18297.84,8562,8096,324,2942,1117
221127,58390,24647,4317,269,61,20620,1343,44225.4,18152,9329,655,4328,471
202485,60236,30036,1283,547,993,4298,1413,40497,10438,2789,550,4251,9567
11051,0,2200,4730,795,657,1511,1875,0,16267,7615,864,2912,2261
382673,36660,32308,2422,346,232,3475,269,76534.6,15330,4515,1225,1991,3268
478517,45104,113084,5719,562,463,52529,1895,95703.4,10978,3217,562,3279,1685
86918,25037,3181,3294,588,348,5041,965,5215.08,17214,9398,900,2934,880
88116,6733,19259,3200,186,285,2184,1483,5286.96,7726,10998,115,4390,4018
394370,102735,97330,1075,336,413,45830,1384,78874,12635,3945,82,2767,6310
459779,24496,39288,4218,569,595,54152,1149,91955.8,2341,2111,445,4908,5525
238931,3515,13052,5281,874,686,29593,838,47786.2,8731,5765,1138,4236,4657
316901,4454,77807,1035,609,405,40065,184,63380.2,11374,5463,808,914,1276
393152,106073,45267,5447,259,380,46852,364,78630.4,19430,11199,84,2250,6069
218547,22873,32175,1786,336,169,27248,1565,43709.4,3020,4324,194,858,2772
454473,73920,8915,695,620,289,15169,719,90894.6,16028,9153,58,719,6114
236572,13727,16122,5078,227,958,4233,1031,47314.4,18252,4416,1780,1928,3005
141379,3534,6918,2301,523,515,2462,653,16965.48,4242,8406,859,4428,8918
66889,755,8148,3747,959,286,3232,1839,4013.34,10902,10659,1256,146,716
472111,124564,95973,663,479,306,43627,1747,94422.2,19545,12794,1170,3446,1629
236256,49979,45806,3587,274,561,24823,1819,47251.2,4557,5119,1871,957,6850
308088,25465,65298,2154,465,781,24430,901,61617.6,7547,4767,1597,2875,8577
371699,53900,13805,4488,469,7,31877,1437,74339.8,16161,1905,692,2857,1848
48134,10647,3214,5994,624,356,525,1155,2888.04,10918,8283,1985,4993,1338
430539,117021,40517,4661,638,580,30285,1379,86107.8,16193,2934,1799,2097,6045
212834,30593,2871,5430,975,903,20704,1017,42566.8,14571,12295,813,3055,8380
490441,139374,102793,5509,663,138,29392,322,98088.2,11708,12092,357,66,4955
237579,12875,37375,1043,483,510,33230,905,47515.8,14726,10788,651,1024,1268
35954,3414,6764,673,220,247,2963,101,2157.24,16078,4297,87,2180,688
196093,15005,5834,4489,614,540,22767,794,23531.16,8466,1255,1088,3424,2910
362103,42269,42680,4427,525,182,45076,1489,72420.6,8858,5174,977,1622,8336
236999,6457,3399,4034,873,724,5916,1452,47399.8,8556,1533,534,2705,531
220938,6749,21762,4384,157,422,10170,74,44187.6,18005,8177,294,67,9548
211499,33064,51009,439,845,396,19784,1123,42299.8,6772,5989,1083,872,7733
277136,9821,51548,5989,313,831,12735,743,55427.2,3874,3536,1946,4192,7225
11961,0,2562,3320,930,304,1628,1826,0,19236,10714,1976,473,9818
22497,5283,2446,3592,444,18,1963,235,1349.82,5100,845,555,2837,6215
435767,78655,93779,5638,507,382,12542,1292,87153.4,11936,10793,747,2845,8639
479600,138736,67797,1864,230,962,22267,887,95920,9216,12929,1093,2816,724
266446,29281,11809,5978,923,225,776,1590,53289.2,7121,3016,923,2117,8994
458971,69918,17696,357,424,229,44219,1277,91794.2,10901,3668,1942,592,6524
285399,81985,51457,3796,766,850,623,726,57079.8,12840,3021,1907,2782,155
145639,17263,21891,5694,970,607,1459,810,17476.68,2069,9002,545,1330,7878
320991,90179,59151,2487,689,494,19770,328,64198.2,6800,1380,1560,4931,5804
245889,27603,19125,5442,196,483,14723,835,49177.8,19300,4489,906,585,5601
189075,46458,997,3248,541,626,4775,1322,22689,12736,7874,1583,3260,8461
30389,5069,6963,4773,974,358,479,1831,1823.34,3050,11537,832,2356,6253
185595,19623,6353,5317,716,691,1061,369,22271.4,19598,7951,1893,2406,8507
395946,44440,84239,672,228,372,33055,1694,79189.2,3814,4720,137,4309,5276
333720,82427,57942,3434,662,77,29764,258,66744,5299,14919,1736,3582,4152
316063,7704,9275,1887,829,326,23618,227,63212.6,3081,2030,409,853,4341
223175,27460,19965,1077,172,275,22719,376,44635,11004,9216,905,134,6008
13358,0,3086,5761,377,351,1143,144,0,6816,13124,1297,2086,9020
360679,82805,15973,4562,587,877,39312,79,72135.8,8797,12131,1211,4900,8513
262557,73511,26878,3522,447,181,9615,1062,52511.4,8672,2790,328,2110,5170
217596,44837,17105,3978,409,504,15882,705,43519.2,11116,8404,44,722,8713
264488,6565,64746,4979,925,606,13196,708,52897.6,8895,6414,665,3145,2903
115982,22467,1154,2848,825,597,8849,96,13917.84,18158,3322,873,383,8242
238129,4870,16029,3243,159,388,13909,245,47625.8,19754,4872,1928,612,351
277842,18909,39935,1298,777,606,27092,332,55568.4,2528,4852,35,4797,4588
338953,9117,32784,859,307,334,21673,1611,67790.6,10823,824,1678,4721,3030
103079,20599,7097,3643,933,445,15292,1426,12369.48,10404,2227,407,4008,2735
65805,1938,13165,3801,307,508,8870,764,3948.3,4195,4860,1959,1816,4152
172421,28390,18616,4314,469,656,19841,277,20690.52,19503,4736,762,155,2483
217849,44322,11654,5407,351,247,2744,1031,43569.8,6144,9697,641,2288,2283
453464,127463,17830,3978,270,692,18737,1387,90692.8,19177,343,1411,4587,2360
347177,101536,16205,4628,288,292,18032,1475,69435.4,6600,11219,741,4817,2900
248483,20128,42425,4955,823,530,34447,1734,49696.6,4866,4029,350,4847,9045
370383,97317,77495,5627,869,137,32061,251,74076.6,2679,471,1555,1015,4822
402551,69001,87694,5920,716,555,14689,895,80510.2,12985,13949,678,4386,3083
54041,440,11819,1220,488,737,5002,17,3242.46,17342,5666,1836,3305,4520
304098,60955,35851,1542,409,944,21714,389,60819.6,19586,3323,153,2003,6652
280146,49613,6952,380,582,344,3966,1265,56029.2,10248,8096,1467,166,7956
341927,70949,47405,3920,193,36,31517,1276,68385.4,12735,2241,196,4064,6494
117524,11663,27863,2961,308,313,13766,1027,14102.88,2583,2842,67,1338,9167
228306,19547,42231,5098,965,219,17237,1396,45661.2,5262,5774,853,119,2509
397001,81662,5391,840,504,639,6335,1448,79400.2,12123,1729,1093,3053,1798
29738,6752,6276,1574,247,142,592,748,1784.28,7230,2835,1764,4908,9091
282847,5,62468,3085,687,403,19790,1202,56569.4,17706,10805,1141,2066,10
123776,7038,15091,3786,859,694,16203,11,14853.12,4610,9055,798,687,241
190494,6414,30237,3457,758,908,21447,1903,22859.28,12989,13625,382,1090,2077
486322,69506,113268,5017,388,403,13185,1316,97264.4,11098,652,1732,3741,8731
202971,11050,8964,5636,624,554,9776,769,40594.2,5205,7112,1414,115,2405
415608,2606,40682,2543,673,478,37679,258,83121.6,12123,6798,1021,704,9954
316868,16482,49634,3342,706,721,10806,428,63373.6,4001,2743,324,324,1152
304443,71873,26968,1620,541,936,18255,596,60888.6,3304,4895,1283,5,3387
287785,33948,54833,3293,158,559,17010,294,57557,7345,4484,1754,1069,8623
351678,89987,40205,2391,662,823,36975,1356,70335.6,10121,12023,1224,4807,8219
278449,20875,42541,5862,538,219,4766,1135,55689.8,4639,5893,548,188,182
239334,13057,25681,5509,988,366,27754,1973,47866.8,13555,12363,117,1054,3987
290926,32400,28285,4358,359,195,8217,205,58185.2,5092,1431,513,4046,1466
350401,71458,52513,3325,203,983,35816,221,70080.2,3595,4779,688,1945,5660
246371,68607,15430,4454,765,683,28061,1553,49274.2,6969,11532,978,1465,1869
87963,22025,12462,778,301,748,8908,1036,5277.78,10945,7436,1254,288,2473
131987,27503,9033,2965,559,968,19044,1293,15838.44,10637,10997,1808,3055,4799
161638,23765,19918,2056,159,686,7667,1576,19396.56,16714,14680,1040,3379,665
134591,35560,18256,2098,701,945,18125,39,16150.92,6490,10928,1519,2918,5608
77766,21162,15754,5179,705,31,3072,504,4665.96,5661,6940,1959,3359,8427
16511,0,3505,3420,417,735,368,600,990.66,7475,13541,306,3460,7178
124816,18799,3320,5796,939,53,1845,612,14977.92,2642,6008,369,4501,1443
259432,9428,14979,5451,816,422,12429,1754,51886.4,15764,3706,1495,1912,7964
429393,31419,68264,5905,600,980,40973,1238,85878.6,14993,3816,1484,2036,923
276909,65195,50106,3287,743,697,24019,1990,55381.8,13581,14388,27,644,8602
161426,8159,1595,2878,346,233,2758,1327,19371.12,19452,8350,889,4165,8458
296073,39142,32624,1326,547,828,16914,521,59214.6,12296,2049,1581,4926,6828
169892,6004,31568,4773,201,742,23961,1752,20387.04,6481,12849,881,1773,2999
121576,11412,2288,4967,884,109,15162,1144,14589.12,7906,7204,1388,1831,2736
432739,58951,105149,2254,618,986,56469,1333,86547.8,15628,1969,638,3173,2371
81088,11755,7663,3613,517,878,7941,1698,4865.28,4564,7022,617,3816,9336
469379,117985,94547,1864,523,99,19262,1687,93875.8,18025,6061,1485,4526,4767
87525,19017,17127,886,208,711,3404,304,5251.5,5090,8640,214,1819,4850
23780,3890,1494,4752,443,210,3145,1449,1426.8,11246,13198,1622,55,5823
278733,17175,60690,984,937,732,25013,1482,55746.6,3514,13548,1993,1843,6967
438028,65687,77838,3568,995,402,49534,595,87605.6,15227,5262,869,61,6075
365808,84983,56360,3790,937,836,54162,201,73161.6,18018,14550,1584,3814,9112
449155,46629,108484,958,259,149,48478,561,89831,9017,6788,1424,4203,1751
454709,116779,207,1596,691,674,42249,1684,90941.8,10610,3364,538,4265,4179
114188,12274,1083,1825,256,393,5068,411,13702.56,18217,3025,1725,174,4401
103326,12218,18796,2382,446,654,13968,219,12399.12,7492,3035,1290,1141,4329
313097,89328,3311,4907,988,257,10229,1974,62619.4,17687,11073,1659,3430,1030
75785,2977,8588,1371,980,244,7094,1178,4547.1,9015,436,1516,4234,4722
29309,842,1957,2620,244,149,3716,1632,1758.54,16872,8016,171,2754,4306
64195,3793,13081,5408,946,623,7164,323,3851.7,17084,7053,1899,4867,1587
35901,10262,208,2874,868,98,885,610,2154.06,7772,6107,1754,478,5899
164648,1659,23932,5547,994,102,11686,339,19757.76,3321,5895,803,3613,622
434724,57941,57776,509,833,722,46739,1413,86944.8,13798,9023,1400,590,4772
477927,43473,84576,923,621,11,68550,1209,95585.4,18155,12110,655,2638,5385
35464,6446,5850,2105,228,892,3982,133,2127.84,7291,12077,315,2745,1878
463497,16040,51588,5561,399,225,36942,827,92699.4,11677,3335,470,4767,7121
288404,69806,31716,4568,879,957,24884,848,57680.8,6386,6647,1632,2132,7093
134997,13286,12719,4049,488,812,3104,146,16199.64,6330,10665,1971,4325,9198
307584,69139,21777,4842,206,441,19321,1136,61516.8,15730,2550,1045,1930,6005
367226,55916,49285,310,296,147,14017,1980,73445.2,14593,391,205,2911,4033
377727,17600,82558,1060,895,178,42673,1552,75545.4,6182,6004,1100,1178,7825
66683,2291,1228,1627,166,6,712,432,4000.98,7452,1496,1237,4375,2850
396350,13123,93481,1477,517,151,17334,386,79270,2709,8826,1478,1828,2927
182502,3811,28788,2670,858,834,17819,1389,21900.24,19116,13938,376,799,2145
405203,78883,4019,3908,338,581,4565,1057,81040.6,13406,7049,1573,2612,8424
166177,31276,9482,1276,793,352,1538,61,19941.24,17419,6193,1600,1152,100
88484,21377,14105,2792,397,564,10804,443,5309.04,12151,11589,690,2156,8095
259819,46619,18580,2689,299,673,13225,195,51963.8,6512,2451,1504,2743,5912
416242,81049,9895,2757,863,416,24321,86,83248.4,13416,8276,853,517,5271
340453,70678,79671,3973,362,604,30623,890,68090.6,15565,12205,382,970,5926
318071,88782,49013,2852,366,662,27627,1658,63614.2,15239,13995,150,3773,8929
216486,25507,10387,4435,155,569,18054,1277,43297.2,5096,11283,1406,1621,4862
460751,73062,94672,1782,819,195,45629,1150,92150.2,15927,2786,1806,524,5929
315090,64037,47672,2610,736,324,27710,1873,63018,10643,3361,363,3837,3652
398647,19362,6121,4041,544,481,19748,1185,79729.4,19485,12022,334,4427,1861
459777,54499,99332,4139,912,207,41184,924,91955.4,4152,826,286,1640,3935
151449,44852,16909,3055,453,935,846,1339,18173.88,12915,2287,923,4739,5416
63592,13349,2327,1122,707,302,6701,171,3815.52,17739,3852,322,1061,4793
148419,4595,18930,3897,560,298,15211,398,17810.28,19522,8551,425,2992,2688
305920,15402,49987,760,552,956,14582,812,61184,17080,9515,664,414,5783
406999,65283,100787,5537,976,425,54587,330,81399.8,10789,14019,800,3056,9040
65798,9955,2734,4612,529,61,4069,1382,3947.88,15851,11764,1632,3497,9105
145370,24911,31547,2040,601,194,19340,251,17444.4,6143,9659,406,433,8217
342348,91288,31688,2424,378,566,24031,1032,68469.6,17344,8727,347,3350,113
358351,19405,7304,1744,843,362,26837,762,71670.2,7694,2065,820,226,4442
372500,58122,4049,5591,654,560,6911,1262,74500,4273,7873,143,1851,3494
458377,128909,14947,3397,744,617,42543,34,91675.4,13631,1603,420,1439,4441
332796,3447,9495,5547,294,944,28548,777,66559.2,11421,13036,1412,55,9220
437700,10662,24707,4769,199,77,50368,1639,87540,6723,14678,234,1622,1122
401716,63001,98696,953,573,886,21490,933,80343.2,13008,699,650,289,4351
253767,58282,61920,5299,249,928,26697,1406,50753.4,13262,6608,779,3366,2676
30922,4899,3584,3841,492,283,2711,668,1855.32,9566,11176,276,4092,8927
437244,28582,109171,1043,881,56,60501,1709,87448.8,11432,2046,401,833,4524
423532,114364,30706,1152,800,680,32825,709,84706.4,17402,3079,653,4605,8725
349140,67471,33993,5226,675,375,9876,1746,69828,10647,13552,1312,2707,7280
420184,123513,14987,1861,162,375,39637,729,84036.8,17228,4054,660,269,5664
302410,42213,19089,5368,911,718,16171,1224,60482,17653,2283,1433,1189,8519
236817,37830,461,4245,997,771,1304,1256,47363.4,3766,9323,1496,3876,1637
427216,7066,9993,2976,321,787,50782,627,85443.2,12477,2824,487,1828,429
417227,10712,11465,5689,638,372,53232,1519,83445.4,10106,14435,1944,4467,4296
12866,0,151,5748,980,856,207,1836,0,11522,8424,1058,987,9145
122669,35790,10461,1618,508,674,6003,76,14720.28,4809,7944,1086,3463,6251
278042,65365,12366,421,255,243,16796,1241,55608.4,15901,9538,1137,3729,4507
290539,30806,29895,4554,338,761,5136,373,58107.8,16489,3149,372,574,2950
180091,12210,1785,4027,678,820,2777,52,21610.92,10843,11846,886,3794,3472
276150,36972,6242,606,199,38,739,1619,55230,7212,11794,1148,1878,3531
175465,40358,24529,4282,398,308,21283,257,21055.8,11244,5154,1171,1053,3382
283100,34136,64399,1412,559,632,29090,131,56620,11064,2700,318,4437,2166
453258,116445,6356,5146,540,85,26824,1734,90651.6,12280,6417,1729,2102,9436
499415,15945,121998,5457,528,98,40353,1810,99883,7933,13667,616,197,1612
409294,95201,23229,2196,376,373,46521,1890,81858.8,4806,11991,117,2244,4212
432847,42477,85380,4986,740,757,28658,1418,86569.4,11885,7218,766,4061,3127
367820,79180,18220,645,933,494,5621,594,73564,14270,1249,1534,198,7071
131724,4917,25651,4211,362,859,12367,927,15806.88,15607,889,242,869,5865
72901,19868,1493,448,678,905,6332,248,4374.06,7298,3325,907,172,1908
379371,77413,58479,1339,495,207,1503,397,75874.2,19856,12323,543,3575,7770
210569,13224,50700,1690,568,624,19611,1968,42113.8,5378,4501,618,703,4503
498029,3052,90896,4204,912,982,827,68,99605.8,12526,12116,96,458,6236
127192,27272,5163,5176,233,82,15089,920,15263.04,11403,7560,303,1960,9434
182646,41150,42380,417,346,576,19257,653,21917.52,12481,2026,990,1424,3590
303561,17316,27011,1003,926,0,9809,1446,60712.2,3618,12182,1277,778,709
360164,53389,48603,4683,679,436,13355,651,72032.8,10847,7396,1399,2907,9749
355783,63332,18447,3255,370,685,22236,1915,71156.6,12518,8038,1210,2953,826
468222,138312,83940,5770,992,249,13947,944,93644.4,2394,8659,1299,791,5167
104881,3238,21141,2324,896,409,8701,339,12585.72,2471,1292,616,2871,92
252934,43175,22307,4838,325,737,5632,373,50586.8,11909,8117,868,2329,25
442670,131637,75877,5296,733,385,8886,884,88534,15257,10471,804,663,2929
142659,21762,9142,4696,752,795,19663,1297,17119.08,15636,8524,1575,2886,492
131688,5558,15932,4645,471,83,18452,256,15802.56,6152,12770,118,1771,4541
125584,16375,24593,2257,684,489,16374,1898,15070.08,17963,14702,956,291,6026
195782,25710,12017,5934,874,238,22008,515,23493.84,18985,14300,1591,3088,5335
358711,49895,37880,5081,543,922,16282,1291,71742.2,6611,8407,1805,4815,5150
232820,15174,1355,3099,955,539,5523,1945,46564,4780,13761,1187,1809,2999
348030,87329,58936,1297,789,379,9438,1951,69606,18405,13974,203,4703,6640
422032,27597,64608,705,720,798,41359,1380,84406.4,9406,11053,1369,321,9471
226896,38397,16086,3148,473,942,18991,846,45379.2,10230,5902,33,1648,4508
301576,71854,47266,543,234,390,32759,307,60315.2,15230,4505,517,4591,900
189689,33069,33602,2714,890,327,287,1890,22762.68,10221,10648,557,1421,9846
344517,85687,60656,4156,576,479,15796,601,68903.4,4208,13013,1740,1198,4236
175289,40274,11308,1905,417,970,17787,1550,21034.68,2615,12784,1654,2697,7538
293028,74237,969,732,261,303,4532,1671,58605.6,7789,4151,405,822,3656
277598,72498,254,4578,777,281,33208,731,55519.6,4181,4881,354,219,4566
84960,5429,10306,5880,899,694,5612,1821,5097.6,14323,672,1106,2685,4986
112421,30041,27541,3106,547,344,4885,1717,13490.52,15118,14192,1174,757,2703
248245,7248,2661,1441,201,134,21476,490,49649,9992,6515,113,1575,8117
53618,3445,8794,4426,233,467,1268,638,3217.08,2079,1040,1599,190,5075
487164,133275,18223,3324,772,360,6864,637,97432.8,14199,7639,607,2683,1268
465887,51986,71441,1472,861,568,56159,706,93177.4,9130,1349,1195,1342,2735
57111,2479,2431,5692,880,114,185,197,3426.66,19541,14391,10,4968,2768
442829,124403,73292,3756,890,185,16348,1374,88565.8,14692,6879,1603,686,6449
226750,434,5353,4497,978,477,27638,1241,45350,14520,10716,316,732,5162
130592,34474,17349,1395,574,887,4640,1031,15671.04,2446,3970,587,172,364
244000,24644,1737,4205,170,0,27154,1254,48800,15255,12992,1591,2280,5722
265989,38493,32476,3152,837,849,33912,1726,53197.8,7420,681,690,3720,7767
332137,83824,24325,2755,205,967,20548,1116,66427.4,11785,13422,62,750,5300
138652,3959,12326,4223,440,540,634,656,16638.24,2978,8014,1254,650,3246
412064,47289,90122,1690,961,743,7577,15,82412.8,2028,3683,1821,84,6949
88672,11143,12911,5225,956,661,1303,1648,5320.32,18416,9850,9,3020,8248
260351,39593,29080,3136,804,991,16916,1836,52070.2,7055,3434,498,4119,7000
338269,39115,22635,917,522,423,30304,1219,67653.8,4947,3201,983,4884,654
227516,22540,51179,2896,887,701,19081,905,45503.2,9668,10705,918,4355,1562
389653,35481,5213,4686,157,269,45609,463,77930.6,11487,6119,1536,3808,1196
71602,11561,6227,2769,273,759,952,914,4296.12,11090,2565,1583,4707,3622
213117,22578,27940,4576,907,897,2805,1958,42623.4,6798,3369,1923,3015,6962
247069,12787,44047,3002,250,418,23970,817,49413.8,13345,4895,1910,4340,2272
52222,6512,11230,5657,984,326,6171,1228,3133.32,12847,13631,155,2438,9297
321367,52879,48604,3465,242,194,39550,827,64273.4,5217,10299,171,384,4352
251084,10596,23365,559,534,892,29099,579,50216.8,14184,13049,236,452,4236
252318,60669,8796,3478,915,254,27398,1150,50463.6,8427,5360,1140,1100,7009
75333,19930,16351,2591,229,78,9171,159,4519.98,18379,13558,1858,3519,8829
193804,47950,17352,4730,447,874,5212,1524,23256.48,8279,4277,239,4603,4644
394794,95737,61604,1346,180,97,4130,1489,78958.8,5243,10928,385,496,5583
59420,3221,436,4666,527,149,7942,847,3565.2,6984,8137,1640,1534,461
85504,20758,10966,4357,479,785,3541,1880,5130.24,11774,7025,569,253,5507
12462,0,1679,3511,448,813,525,497,0,4344,14027,1797,3413,6797
281604,45891,67345,1707,431,849,3386,1471,56320.8,2329,11976,169,881,6208
109319,17976,6546,1700,161,446,11069,463,13118.28,4263,11357,1808,428,5431
266674,71062,40875,1309,788,122,26999,341,53334.8,7372,466,420,2150,4000
150347,31086,5505,5857,848,609,11073,507,18041.64,4611,9527,1963,1935,3271
497429,72008,96185,3706,218,675,16149,1687,99485.8,7549,10450,1046,4536,1370
154341,2775,5257,3902,990,557,13294,1307,18520.92,3082,14388,295,859,2425
139593,15828,15051,4527,672,358,10727,150,16751.16,8319,14549,1236,438,3475
132672,17974,4909,3115,964,238,6090,1021,15920.64,15685,14114,1707,3855,2437
469158,80591,92881,2044,172,741,51552,574,93831.6,14261,12968,1182,2319,8712
345064,18615,14866,2848,486,804,29025,885,69012.8,14582,5027,1611,2341,4150
294697,37886,42789,1845,576,755,12147,894,58939.4,15949,8734,220,2389,2912
427582,22838,90404,434,994,529,3552,695,85516.4,15865,3008,233,1695,2577
54036,7960,12143,5162,358,682,978,212,3242.16,16642,13584,1915,3944,2834
158441,12464,461,3159,364,871,6547,584,19012.92,5419,14338,908,1494,6276
152867,40364,28460,3778,784,668,21897,1345,18344.04,6456,3929,473,2070,2245
80021,7240,15732,5165,572,203,8594,1957,4801.26,3789,11524,480,2648,5328
379349,70478,68769,2441,222,657,10996,795,75869.8,9233,1202,1403,985,8583
471370,136772,12128,1564,871,990,17898,665,94274,10830,479,1121,1059,5582
171215,38839,5202,2072,972,142,9739,187,20545.8,4563,13538,1811,433,5947
432641,10248,101243,464,935,186,16777,1595,86528.2,12474,12778,1710,2657,1115
360353,45291,65327,4720,755,487,51782,767,72070.6,14674,5308,777,1640,343
347283,82629,47965,3287,897,121,49255,986,69456.6,3597,9355,192,899,6233
246304,17177,31238,919,815,349,13297,182,49260.8,4273,2269,819,3875,354
15368,0,1434,530,423,99,1743,383,922.08,4779,2770,318,2494,3510
145693,38533,18047,3080,874,283,13536,24,17483.16,8889,5955,1692,1747,5218
68829,26,3301,5598,789,948,5436,916,4129.74,2746,9027,437,4989,5439
401180,104997,54289,3451,382,526,30589,1560,80236,14608,4750,637,4174,6842
463510,60611,32544,1677,190,383,421,1337,92702,16408,13360,85,4155,2630
286863,24660,60064,2191,438,554,39184,37,57372.6,6944,7553,561,2701,834
39227,5951,6029,4052,704,800,5292,301,2353.62,15793,6828,1600,2430,17
119430,16258,16805,4272,419,897,14582,1994,14331.6,6351,809,1067,2619,6772
410782,103613,85669,3532,588,186,6808,1392,82156.4,7434,10515,1287,2496,5786
22306,11,4971,702,463,7,617,99,1338.36,12401,14667,248,1600,3280
63822,15389,6845,3074,659,623,3177,1411,3829.32,12532,7860,776,3998,159
34042,9940,4433,4780,543,544,3776,658,2042.52,18545,2441,22,4982,4170
418302,27685,33033,5844,177,418,20774,445,83660.4,6012,5686,763,3173,9901
158459,27195,35618,2907,419,913,23112,1815,19015.08,17204,12290,211,3477,675
430258,21797,1378,1490,616,89,23594,469,86051.6,5214,14302,929,1148,75
99424,13671,6503,688,223,495,8385,54,5965.44,14301,14889,1551,3009,7819
192690,5774,39925,3704,806,660,12598,1519,23122.8,18235,8316,1270,2051,3386
233122,66332,42774,5942,823,959,29291,1944,46624.4,11825,9914,1532,3441,322
159395,40047,33617,2073,395,923,17510,583,19127.4,18954,11195,1261,216,6430
28019,7188,4814,1089,931,723,4018,754,1681.14,17539,12209,701,471,6739
347570,23696,58335,1794,559,115,14980,126,69514,15770,6708,1023,3527,6506
50863,2024,3764,3051,647,684,249,1344,3051.78,5895,13210,726,1964,6830
121023,7666,23763,1847,567,19,11659,1789,14522.76,15956,11759,576,2396,681
151355,35985,10000,1120,360,890,5051,1091,18162.6,10977,8241,1997,2308,3255
421495,6584,80824,5440,941,131,38879,1419,84299,14120,8559,1715,4433,8330
319143,90998,3274,5438,372,291,4391,152,63828.6,2822,2426,624,4558,4730
72780,5285,17100,4336,509,353,8429,1172,4366.8,8626,11696,1686,1786,7454
295052,63115,54232,5257,731,236,40555,1426,59010.4,9062,2640,1061,769,9534
202656,7370,14227,1779,169,588,20104,225,40531.2,4733,12126,889,3934,3159
398422,17903,17279,2669,572,222,20393,837,79684.4,14809,852,1959,3992,8126
385146,32499,74904,4365,270,435,4905,691,77029.2,13347,14792,369,3324,5627
453441,97904,110249,3430,322,637,51736,1333,90688.2,7172,6675,775,441,5518
179024,22995,42736,1763,183,38,18149,418,21482.88,11501,6481,1823,3349,2872
110706,22841,27380,2207,220,326,3917,514,13284.72,14342,9826,1575,1038,8577
178735,4866,27968,3365,694,208,12808,288,21448.2,12995,7770,1729,3629,284
132019,13566,9651,3945,923,105,1114,200,15842.28,7140,6191,431,3543,8488
381852,37822,79439,4328,933,651,26795,1542,76370.4,17110,1447,1292,382,2901
202453,41876,18927,4265,770,248,13010,872,40490.6,9467,1824,122,1273,138
189001,51222,7771,5146,684,566,6040,666,22680.12,15123,4050,1050,1063,7774
281487,50668,70173,1616,807,629,7967,768,56297.4,8502,12759,1709,237,9597
348317,63853,40834,481,163,861,22037,167,69663.4,10334,12359,582,837,1742
110260,22333,3553,2954,455,687,12763,913,13231.2,6705,2916,2,4017,3203
180863,15958,34117,1260,978,353,19900,1698,21703.56,9169,1024,852,4141,8947
170206,20954,35754,4500,697,469,14443,1360,20424.72,14644,9480,1340,71,4828
188173,9638,23580,5680,420,724,10168,1318,22580.76,19026,7373,1095,4899,1480
79443,1379,11522,2954,922,264,9788,379,4766.58,9855,12052,1984,2359,9460
240183,9675,34890,3594,202,651,33913,1034,48036.6,6142,290,144,3723,7286
329674,89590,79428,1289,643,976,1627,356,65934.8,2867,11954,1433,964,5163
450015,108570,8689,4879,709,463,10050,812,90003,19946,6634,1308,588,1968
145899,31661,28063,2025,612,836,17629,1994,17507.88,4947,8007,71,3346,8633
106143,31521,24430,1006,672,850,9674,130,12737.16,13090,13736,1957,4107,1788
203725,17184,14062,4415,919,440,22145,204,40745,4739,514,1202,4383,5385
154771,25822,1363,5147,941,283,16753,1459,18572.52,7036,14919,1066,4645,347
494635,5267,16691,4630,871,784,14264,315,98927,11778,4821,1223,4540,2660
386671,52647,2751,1920,473,533,54007,603,77334.2,18912,9330,775,4057,9004
258044,62814,58227,5001,996,930,27768,1337,51608.8,5350,6005,408,2557,8724
146385,36025,7782,4949,673,368,21704,485,17566.2,16507,3134,1257,847,9795
154670,12069,17648,3721,592,698,19616,1973,18560.4,11611,11101,361,2404,3812
121362,981,12540,4981,400,718,18169,110,14563.44,6661,6531,1525,3919,2558
256517,43436,45991,5379,984,658,31961,1313,51303.4,10716,2737,1147,4477,5765
300951,18472,70875,3880,309,494,15759,246,60190.2,13977,2332,310,3974,7192
473639,77192,92556,722,185,945,5504,411,94727.8,11155,1609,172,63,3136
210462,27326,27609,4315,810,153,8020,572,42092.4,15638,14655,474,3702,253
186298,18510,5848,3496,347,619,20087,449,22355.76,8901,6668,1237,4220,2155
69550,8063,16877,4853,599,315,5477,888,4173,3763,11606,834,886,5927
483288,120591,18405,2214,527,299,65152,1645,96657.6,15381,13817,824,761,8255
275702,9665,48629,2901,395,439,35340,1985,55140.4,18880,2999,1584,1509,2646
478524,91277,46233,4310,542,994,22289,1444,95704.8,10399,6043,1268,4237,8281
322257,52474,21471,4385,353,810,23821,1423,64451.4,7584,6817,1077,36,8187
325143,71973,3302,5241,193,150,12271,1479,65028.6,19885,4998,1966,4679,6596
196950,25185,14437,3482,464,969,9348,743,23634,15442,10399,1727,4915,545
439559,75911,80048,4946,557,405,57504,124,87911.8,17636,5226,1125,1993,5911
68219,2861,5022,5816,980,174,7193,1738,4093.14,8197,5313,1520,1696,7037
176258,45610,43239,4050,355,54,8950,940,21150.96,3779,1055,535,356,1888
440182,25835,71691,2358,390,778,32707,1806,88036.4,11080,8417,573,915,5300
174841,29743,31480,1945,190,310,5405,259,20980.92,8358,14384,1824,2883,4535
261004,53790,58275,4892,737,153,9021,534,52200.8,12225,6980,610,2546,6379
267336,76960,59269,3387,863,896,9040,1735,53467.2,4501,7609,807,188,7181
246495,9643,38022,3092,512,499,7899,79,49299,13976,11805,156,2926,1724
63218,10310,8948,2836,244,995,6981,271,3793.08,6204,2018,1031,3285,4032
291373,18951,58398,3559,689,500,26552,1879,58274.6,18410,8666,458,503,7085
347353,92104,61895,2811,293,189,4344,1588,69470.6,19823,3820,1295,1730,7693
37877,3123,4354,2390,208,505,5210,1801,2272.62,19389,8171,1914,239,4844
199073,21548,31847,4934,790,148,7203,1441,23888.76,11504,7588,416,3582,4772
369281,76068,35284,867,658,7,13318,401,73856.2,13749,9327,319,2963,7540
310228,89001,48640,420,662,659,42489,1076,62045.6,13528,12222,1278,235,9442
353924,21291,75692,615,948,684,5440,271,70784.8,19395,3399,1674,2137,7681
496108,42448,22453,5534,171,592,43209,895,99221.6,12464,2866,1180,150,7008
157878,30580,32689,920,887,590,2892,227,18945.36,8005,9299,1328,3340,6545
229707,21346,23758,4363,353,468,20008,1981,45941.4,15400,11379,1132,2511,5230
251249,10619,8838,753,848,320,6687,1715,50249.8,15414,5143,87,1132,9465
47034,7150,11022,3034,620,571,1677,370,2822.04,10521,12919,705,2023,9359
181389,1766,37976,2971,433,450,23807,1848,21766.68,8051,12198,4,563,8299
327612,3549,13725,5007,521,606,39072,711,65522.4,15436,10262,727,353,5455
422310,18693,74873,5939,647,823,15389,191,84462,6017,2710,1460,4839,8714
198868,31922,10701,1258,481,127,20489,979,23864.16,14038,2023,1579,2267,3522
20589,2404,4291,2308,176,633,714,1046,1235.34,7176,14429,1262,1562,5435
67221,9634,10275,5042,278,286,4454,1575,4033.26,8942,8647,1158,1858,2255
265927,48328,64990,1062,529,852,25875,1933,53185.4,13640,5561,990,2150,8710
273801,77701,46809,1660,656,86,30552,1359,54760.2,4234,7487,511,2405,731
370444,89100,16705,4635,244,893,34939,1253,74088.8,12718,7373,581,708,1890
127229,35258,30363,5805,727,80,8469,1553,15267.48,12925,14437,836,4922,8222
311675,25301,76015,5564,326,533,17407,487,62335,9504,3120,590,4943,7946
62227,11995,13304,2351,622,251,4621,733,3733.62,13357,14145,410,4766,9448
275308,20765,23089,496,635,189,12905,1187,55061.6,7606,9048,1634,1621,8256
103078,12019,1702,560,424,823,9391,1446,12369.36,12637,10943,565,898,60
487189,120675,75940,4208,817,597,56355,1383,97437.8,15150,5811,1224,2884,8285
313391,7425,73916,4489,572,483,33037,1192,62678.2,11736,7113,381,3406,1824
245113,12857,21990,1580,680,378,19004,1536,49022.6,8132,11031,790,1761,2187
422817,52771,61396,435,469,455,25962,848,84563.4,9937,12286,1209,3342,2505
497182,92999,98395,2845,207,878,70762,347,99436.4,9630,12598,1680,3738,9398
60599,8689,3877,5597,422,7,5253,765,3635.94,19302,11202,1652,4684,1003
474761,131776,108407,5683,347,317,8726,1222,94952.2,10347,1491,1622,3217,5869
256367,5452,18720,3785,228,333,35166,1235,51273.4,19982,14518,1325,2057,298
407768,111153,73212,668,190,229,23579,681,81553.6,12620,3124,614,451,8809
412633,38862,31818,5331,887,663,21016,1175,82526.6,11872,7763,1326,3521,496
199651,3681,34348,3962,922,507,27490,1908,23958.12,12628,3834,1500,2483,7648
78207,20522,15787,5163,394,789,7232,576,4692.42,3046,8439,314,3384,7518
344199,18300,42368,3754,172,526,46273,529,68839.8,13647,8046,1638,4781,222
374410,9566,48180,5068,858,979,31950,1113,74882,17488,11160,1452,830,4945
350414,7501,49421,4906,385,474,48426,1037,70082.8,5482,1713,365,3533,1155
121426,1845,26620,5108,275,923,8655,18,14571.12,12026,5424,1085,892,2993
144794,39181,17077,5215,927,405,22,1105,17375.28,9941,269,821,310,9875
342586,57263,12663,844,985,286,41648,1784,68517.2,2227,12094,124,2105,27
367776,106294,83335,4899,289,968,32519,620,73555.2,5352,6704,970,61,8268
181103,42396,17619,3723,543,759,1286,1542,21732.36,15001,5153,1393,996,4258
220307,63038,3967,5200,977,766,3860,1855,44061.4,8774,12488,652,4370,9105
31438,3090,1971,5105,276,445,2082,1,1886.28,4811,12375,1291,4176,416
68819,17754,13211,2672,947,342,736,1286,4129.14,16969,3061,1537,431,6948
53856,1928,4785,4783,263,324,6884,1563,3231.36,17930,5894,41,3303,537
436792,34404,30373,4635,986,876,29282,1883,87358.4,19782,5295,1205,1484,3741
314082,22564,32669,1397,674,166,29777,1513,62816.4,9831,5110,1034,3476,250
452244,97898,55277,2378,377,592,25916,336,90448.8,5402,5365,239,3690,6867
69807,18227,6634,2826,670,295,2377,285,4188.42,5735,4375,368,279,7694
322021,90296,55120,5735,295,580,24771,253,64404.2,4434,2670,1613,4765,9826
53461,13015,840,4463,312,182,2461,596,3207.66,17015,4772,405,2970,4873
103474,29723,21467,4011,884,838,5628,1508,12416.88,5219,1785,212,4019,7864
443685,124451,34229,3353,877,575,51267,1224,88737,19531,7672,108,4930,5273
355280,47475,86854,2243,318,775,46472,1315,71056,6835,1633,176,2676,9735
292579,17215,15405,2019,687,838,38160,1907,58515.8,19089,2213,36,1743,1721
225189,21699,47771,590,274,85,21802,1301,45037.8,13612,9832,1827,4099,2498
417407,108621,101776,3989,449,555,19302,1358,83481.4,12692,8754,984,3500,7570
356870,12454,15847,1274,399,805,44984,1613,71374,8222,1499,1712,696,9517
264730,48217,23547,714,671,884,25446,1434,52946,12247,1452,569,895,360
256732,21711,6575,1150,254,148,30860,1233,51346.4,12081,7742,1282,4320,5368
430602,15059,95659,4077,767,771,24760,637,86120.4,18217,8724,961,620,2131
172793,48398,4843,3028,662,927,9881,1033,20735.16,5528,13071,986,1881,8439
64786,1286,11067,4941,843,822,1212,1263,3887.16,6807,6823,160,870,5305
285848,34297,7739,4260,655,860,11837,1813,57169.6,16767,3737,913,2051,7588
66635,10000,14852,1041,451,955,6224,918,3998.1,10792,11444,1967,1952,5990
405339,104959,51661,891,802,58,8689,819,81067.8,15731,9072,74,4529,3821
362854,100181,9157,1049,379,605,1565,1193,72570.8,14164,5701,1222,1916,6125
250909,26485,22406,2519,213,834,24793,680,50181.8,2475,2514,36,3891,1163
255984,59967,51190,1137,739,4,4620,815,51196.8,10428,9982,1713,4618,9837
335137,97803,72968,3430,381,82,25937,836,67027.4,11859,11693,547,3202,894
122752,27086,25310,3781,748,839,12408,946,14730.24,10573,9394,1818,3357,5108
221194,16484,18837,833,332,382,17889,472,44238.8,19854,13046,1941,4560,6622
238584,68623,15148,4760,468,548,22706,1792,47716.8,5264,7238,1310,4576,9332
428632,104132,76730,4762,807,478,59502,471,85726.4,14748,4373,1447,3216,827
142886,18675,32591,2073,978,26,12509,1888,17146.32,14501,11311,437,166,6111
88537,21851,14819,2643,241,524,8988,1785,5312.22,5724,1017,1855,288,4315
322402,60664,72161,2953,784,901,4956,695,64480.4,18898,13352,709,878,5257
157580,24680,7404,2870,937,576,6765,228,18909.6,5467,2108,1781,1473,9430
95166,17077,14674,564,213,413,12242,1862,5709.96,18593,560,1396,1668,9634
219988,38174,10507,3895,993,714,11911,1431,43997.6,14771,14302,1844,3747,6708
385854,76968,85923,5457,368,179,48235,1422,77170.8,11944,8452,1845,3330,9596
307843,3491,18697,2334,853,808,15696,1226,61568.6,18270,4302,949,3943,9132
318479,46126,60663,3502,768,990,6670,1707,63695.8,6039,1494,224,159,4743
318950,3392,23570,681,396,463,32691,1616,63790,7232,11286,1990,2189,1427
349997,62257,28037,3596,622,782,23473,48,69999.4,11698,4816,1925,1782,5148
204840,2268,30083,1466,206,900,14530,726,40968,15925,412,831,4074,3111
307883,38400,37982,2778,194,526,43268,1712,61576.6,3068,9580,693,3545,2984
44785,3783,8621,688,235,0,4961,963,2687.1,12895,8622,1600,2000,4046
173052,28088,39706,2371,187,270,25608,1118,20766.24,17994,7170,1638,3387,7732
492551,87893,68524,694,331,483,44804,117,98510.2,5856,9059,429,3666,7491
241791,5969,5156,5378,313,955,35952,609,48358.2,8685,10803,169,2122,7948
497918,8981,38280,3957,906,47,10286,1097,99583.6,13025,14413,1393,774,8441
357160,21032,75324,3556,984,693,37693,36,71432,17331,8273,623,4492,4087
404825,54091,60706,4319,275,998,13100,1353,80965,6571,10454,1771,626,295
76253,8850,14185,2539,356,182,488,1449,4575.18,18955,3389,92,664,2510
488697,24408,84270,5116,416,839,42305,186,97739.4,18378,4383,1610,2187,288
101128,24241,9971,3159,503,372,8982,1407,12135.36,14936,5835,1499,1294,195
431357,47940,53140,2693,560,725,23649,458,86271.4,6561,950,823,2570,1574
171081,17402,6487,4868,748,538,11708,990,20529.72,2224,2474,1959,614,8842
399725,51105,20997,2350,806,506,45148,777,79945,13208,12289,14,4511,2927
120966,25766,13688,3421,271,737,17570,1770,14515.92,17019,12118,285,3848,9681
147854,3657,12452,1224,657,669,5277,869,17742.48,7673,1467,1046,4264,9677
495288,21230,80908,5271,759,971,53559,1332,99057.6,16834,620,779,4045,8752
109352,18680,26648,3875,618,505,6433,1449,13122.24,3897,12489,502,3927,4513
429149,82694,44767,3582,950,571,14400,1415,85829.8,4849,4726,603,2004,214
349298,84731,78970,5368,282,65,7941,1354,69859.6,2741,1583,862,620,5602
149379,42340,12416,4051,528,685,19653,851,17925.48,12133,13123,1693,1060,8388
233279,35950,19248,3654,998,51,19983,407,46655.8,10900,13411,122,3204,2185
247281,7867,46713,4774,467,997,16260,1018,49456.2,14480,12300,614,4104,6734
118297,15155,28194,3697,726,469,1273,1330,14195.64,10345,5790,1295,4280,3551
216946,13006,33785,5717,860,242,538,70,43389.2,10657,6032,1181,1093,5929
48346,4329,4690,4068,274,336,3753,1467,2900.76,10758,3854,579,2279,343
122138,22551,25908,4520,600,802,4212,148,14656.56,6057,13067,1312,1905,7459
322916,35865,8373,3281,869,755,19323,1899,64583.2,4814,346,440,3468,5676
475300,37869,30283,5821,357,120,27190,1460,95060,17374,13775,864,847,2569
50149,1369,6759,4875,449,553,485,1285,3008.94,7569,12245,1275,2677,3425
358844,104969,26414,3772,638,695,17770,1822,71768.8,18052,11277,1691,4432,3943
168598,18448,14378,2917,782,44,17433,1675,20231.76,10202,13233,468,1717,6521
368902,101069,83872,5781,291,51,33551,1380,73780.4,14857,4084,1742,3229,7364
488928,89711,4700,3799,623,150,11251,908,97785.6,19388,1553,1561,2744,2485
138447,716,13901,3892,718,412,2924,1328,16613.64,14243,5373,1660,138,4236
471693,79386,90374,731,453,540,32155,1566,94338.6,6905,4084,525,199,1162
15695,0,2117,1412,806,568,1499,776,941.7,6944,9162,1720,2354,4354
49169,1711,660,4996,705,497,4509,154,2950.14,16532,2323,1678,3647,911
320091,25801,35687,5251,793,786,8061,1139,64018.2,8304,10731,1729,2788,7751
188296,21751,29493,2353,742,208,7289,948,22595.52,2498,14162,15,3584,1848
318009,90709,51224,4553,179,7,36300,720,63601.8,8315,3661,292,1112,1548
166625,6086,31852,5522,526,945,24408,1650,19995,9000,13459,250,2907,1584
376645,55535,10932,4618,490,390,37292,1074,75329,13214,1973,1802,1372,359
332554,76759,64202,2749,358,246,18188,1095,66510.8,7939,11068,778,4501,2695
375898,16220,33583,844,392,394,22779,1946,75179.6,14319,12528,160,3472,6994
363039,13392,47278,3458,844,706,25674,1663,72607.8,6390,14351,1281,4364,8873
428032,85587,93530,2928,307,833,24687,935,85606.4,15901,1940,1568,335,631
196098,2246,29865,3751,295,338,24214,760,23531.76,9486,4741,1086,2418,8646
322849,20010,12289,837,489,411,969,1853,64569.8,15843,14642,1922,587,7665
202994,2822,28293,1736,894,951,18017,825,40598.8,19935,592,339,4335,944
387844,90203,70270,3115,241,539,41319,142,77568.8,15469,13851,288,806,3325
346058,17234,85549,4065,478,344,21246,1190,69211.6,15416,10065,1817,828,786
11881,0,2753,3362,321,842,918,1093,0,14178,240,1008,2894,8118
442783,115795,6505,559,851,295,16551,991,88556.6,2725,3170,801,3231,3134
319509,49451,44327,5221,180,234,19705,1021,63901.8,17716,8060,1101,3584,9212
89211,24486,14905,4711,770,641,12095,1519,5352.66,6681,13515,1459,1742,1473
473338,125223,65519,5141,421,587,60149,1543,94667.6,8727,2257,860,2082,4650
166078,9669,4685,1018,244,444,15802,1186,19929.36,6429,760,961,723,5272
313342,21784,18409,5496,226,232,11031,1598,62668.4,16026,9306,241,4766,6937
426047,29672,19517,3027,300,741,55341,1310,85209.4,6457,13585,967,2963,2074
372793,1082,44533,3201,291,843,21521,1257,74558.6,2934,10487,1946,3886,1271
419675,11148,30475,760,380,881,21358,1753,83935,11264,11587,1479,2071,3010
435659,27494,102525,3154,919,920,25333,1961,87131.8,17972,9566,838,2547,9397
445532,75093,15327,5500,277,996,64731,1367,89106.4,6585,10027,1226,329,6078
237203,51952,55344,4367,885,862,1973,1906,47440.6,5812,6832,371,504,1804
205558,44496,3671,2002,845,309,10900,1276,41111.6,14420,7760,1254,2808,4723
146949,36719,4941,3547,646,912,16481,705,17633.88,2872,12937,605,3042,1117
49553,14677,9988,3277,429,943,3076,1832,2973.18,5268,13274,486,2429,2253
408138,48737,78002,5802,954,907,26495,256,81627.6,14030,7073,1200,4799,2661
394922,59453,50756,2114,690,700,2206,841,78984.4,5984,2885,1326,2140,1069
389162,107271,83822,3780,959,477,57282,1529,77832.4,7273,3962,660,1224,9747
145758,39536,4588,2041,679,513,86,1777,17490.96,16733,6571,1940,3191,5784
42766,1452,8160,5369,280,335,1766,1494,2565.96,16978,2514,1222,4745,1724
483159,67839,76347,5317,610,576,11383,1312,96631.8,12574,3530,1235,3839,26
304150,47931,18733,4371,418,51,39083,619,60830,18751,4035,1340,956,2296
41422,7157,5059,329,767,545,3647,548,2485.32,9615,2692,1392,3585,4932
388734,51003,40696,3793,818,300,3677,1915,77746.8,9945,12965,1778,3350,8150
284349,83817,48093,1281,720,751,25257,1848,56869.8,16844,14233,1933,849,9966
489806,87745,105424,530,753,640,73181,1528,97961.2,18164,13656,915,953,7696
164599,28173,30059,5581,409,242,12408,1546,19751.88,19785,14394,1540,4490,8322
252555,42287,37487,3076,200,355,12784,1107,50511,14715,2832,158,2404,6130
421659,90726,40849,1551,282,819,62051,1753,84331.8,18712,6373,1725,4087,1205
419740,33012,14550,5640,828,834,27045,1773,83948,3023,1815,1931,3424,9351
388621,107252,76400,5492,958,609,8326,558,77724.2,10955,1231,567,1059,5686
38202,9015,9010,4794,154,587,4410,1985,2292.12,18416,1392,1463,1976,4832
468768,109323,84597,4490,797,823,10437,344,93753.6,16455,13409,1419,4567,2473
449358,12803,49699,2263,887,441,52941,378,89871.6,5168,14540,193,2904,2368
333836,49625,78160,4870,651,876,28682,131,66767.2,2385,14860,537,2326,8678
223456,13698,24934,3466,333,730,13156,1234,44691.2,8756,13237,1091,4533,5252
30855,1792,3361,2078,558,817,3201,716,1851.3,4589,2399,541,1598,4846
486963,15376,13707,5170,240,612,25310,1618,97392.6,10271,13845,1505,3797,6144
201444,18118,1924,1447,585,118,17517,76,40288.8,2393,580,996,4128,2021
297239,13117,29018,3147,969,408,19855,1974,59447.8,2666,7787,1299,686,4941
441940,48786,87163,5919,338,651,36033,1163,88388,16209,11424,705,1554,5639
321385,87778,21031,4150,629,370,1968,1151,64277,15661,7256,1644,929,3736
113119,944,6681,3291,964,736,7513,1089,13574.28,9978,4039,1442,1497,2364
62003,1511,2701,3370,532,766,3144,932,3720.18,9266,13965,1358,2051,2596
471595,53233,112479,920,999,72,33992,753,94319,16973,1550,818,1120,5332
104837,12718,10122,1263,471,448,7812,1686,12580.44,2031,9845,751,2506,7198
233068,22502,49573,3160,592,823,33955,1590,46613.6,19404,4886,269,3825,340
366427,50010,16719,2442,639,817,49158,146,73285.4,16288,3331,1334,3199,6594
419188,118248,9718,1800,282,470,34876,66,83837.6,16108,1351,931,692,9405
133805,24805,56,3489,833,155,15711,471,16056.6,6563,9798,1904,1656,645
365990,92529,15352,1626,575,770,21404,150,73198,2291,1393,820,917,4038
295071,73905,47820,421,399,933,27108,3,59014.2,9598,751,1717,4513,1074
392733,110424,68683,4613,210,575,29303,1041,78546.6,10791,9442,1013,416,2446
125657,35383,3537,1376,711,309,17319,523,15078.84,2170,10444,446,2584,7615
338774,83533,721,3497,571,35,23582,255,67754.8,8511,6788,733,3181,5037
114428,15629,12269,1482,625,247,12378,1532,13731.36,16403,13444,441,4401,2797
132035,31949,16769,1094,372,427,5637,1058,15844.2,4930,6295,1178,2386,8444
455563,69407,51969,1924,587,43,25021,922,91112.6,4939,3579,513,1795,9937
240780,17229,40194,4571,833,452,1308,554,48156,12109,10158,468,71,4760
398388,27385,46556,591,533,118,34184,589,79677.6,18495,5703,1907,1836,5697
492076,42176,46775,790,468,348,65107,1530,98415.2,16080,452,1101,3187,340
227282,3260,43847,3108,374,692,18289,1886,45456.4,18738,5283,1626,2889,1981
79518,3145,14346,3728,572,908,11402,322,4771.08,5642,6990,1492,4635,5146
186355,31753,39883,933,340,939,24905,452,22362.6,18101,8570,1302,1717,2364
353470,7802,10911,5656,926,387,23684,1855,70694,11554,13894,674,3257,1143
153277,2263,259,3799,905,69,7782,860,18393.24,17779,14137,317,4948,4252
130243,26913,20872,2472,228,946,6102,358,15629.16,7020,8648,1135,762,6702
493090,57788,74327,3686,514,869,20062,51,98618,15224,13977,327,2954,5910
284892,8155,44537,4207,171,453,26129,528,56978.4,12623,12307,58,3215,5433
424313,922,85077,4999,697,266,29716,722,84862.6,6424,13244,1995,4347,2739
406308,72231,16860,5524,479,730,6030,1762,81261.6,4919,11128,1727,862,3217
63311,5758,5283,5461,305,437,3002,32,3798.66,15052,9871,1883,4267,7239
32692,8131,6167,3768,205,365,3529,1351,1961.52,10964,6875,936,4336,2227
134954,19014,7405,5879,397,701,2565,435,16194.48,4064,14890,928,3994,6487
164934,7816,31181,790,410,767,2583,996,19792.08,10026,2801,224,336,7688
402179,91279,32205,4960,921,186,43232,1442,80435.8,8225,9559,1672,4849,44
231468,40324,24408,4563,584,226,10811,1939,46293.6,8249,14265,381,79,9411
351651,94075,17645,1058,676,60,46875,848,70330.2,3683,12008,334,2816,6957
90152,5930,14357,1497,627,167,5851,812,5409.12,18530,7968,1865,3318,6448
473685,77169,71859,3743,849,131,23881,76,94737,5079,2842,1328,2170,9345
14926,0,1841,2204,687,154,1814,579,0,16609,13994,769,2751,7371
494515,137138,50734,5569,684,783,69454,1073,98903,5876,7127,130,1956,3993
13969,0,2838,1950,530,721,1581,441,0,13948,8279,1686,4502,3033
45733,13207,1498,4575,252,6,6511,669,2743.98,4558,7031,201,3610,5463
341999,85642,78539,3491,178,522,14116,1221,68399.8,18366,12064,786,1892,958
51743,14899,10578,327,632,711,3213,1793,3104.58,10926,3239,744,3671,5033
140193,14322,25106,3050,206,250,3887,462,16823.16,17873,3582,273,2521,9787
180948,34828,12979,3004,211,575,24141,376,21713.76,10078,9139,674,4695,7192
379589,112317,44828,3179,197,691,1222,545,75917.8,10762,8035,1256,862,2024
30323,3034,7228,4657,516,639,3107,435,1819.38,9529,11152,1973,2776,2301
288572,2387,70908,4025,696,261,18897,1020,57714.4,13484,14233,1018,178,6012
44578,7008,6150,2973,707,119,4667,723,2674.68,11939,2910,1467,129,3487
96486,26473,10920,3132,694,47,12725,1295,5789.16,19803,13285,648,1276,2479
336284,73567,82392,3409,476,68,21236,891,67256.8,17544,2692,1246,1094,3303
267450,1799,27785,4592,887,888,14432,938,53490,19232,295,1373,3439,4215
117325,33895,25957,3896,415,261,16175,1599,14079,8930,4639,1252,1110,4769
355973,90450,82757,3995,877,741,4983,154,71194.6,15560,13202,1971,860,5809
278508,80171,25178,1760,878,763,10389,1344,55701.6,12225,443,945,3677,3027
401011,40379,99490,3221,325,444,20522,268,80202.2,17987,12100,11,412,3123
438565,45414,71997,1733,193,961,17704,1575,87713,9604,8929,1552,926,3665
141763,7535,17865,4728,368,478,13200,159,17011.56,7801,11858,218,3497,5693
267971,68344,14052,3836,275,230,18750,322,53594.2,11587,4571,852,2753,3444
105598,13055,7332,1481,528,223,4313,1037,12671.76,11539,2035,304,334,9724
207539,27605,49383,3705,468,456,28366,1399,41507.8,10899,4057,1711,2044,3110
186968,26665,327,4474,454,718,2535,119,22436.16,11046,7467,1781,1551,3000
67062,4297,5239,4214,349,852,6289,1337,4023.72,9626,14027,538,2055,5915
238338,5008,50101,4592,234,365,12406,347,47667.6,11822,12188,245,3623,8179
220834,16820,10078,3491,190,948,32498,45,44166.8,13438,13601,1933,208,3290
154933,6012,7038,2083,872,27,13453,1369,18591.96,9103,10069,182,1780,3962
237909,22253,8048,4022,700,876,20769,468,47581.8,4949,6177,488,205,1914
98302,29202,14954,4621,512,730,9854,1405,5898.12,5511,6740,629,2644,8144
73928,1620,2297,2942,418,900,224,621,4435.68,19535,801,1420,282,8590
224303,60263,50459,5957,511,848,29565,1394,44860.6,17093,6384,514,1695,4975
51347,4308,8389,4011,516,100,7396,1482,3080.82,13661,7318,1983,1487,3980
13121,0,415,3260,330,57,752,218,0,18661,3712,215,1915,8277
93793,20328,2779,5130,380,23,1280,1003,5627.58,10522,7838,1247,2166,4066
38164,9319,7318,5758,219,414,4340,1978,2289.84,8503,13021,1124,1968,2710
297635,16575,13531,1879,974,226,33289,1144,59527,9731,6993,887,754,9790
69222,12204,5335,1919,737,168,1618,960,4153.32,2870,8332,1607,2428,2759
164237,11952,9530,3266,937,488,24190,1312,19708.44,8245,12427,354,535,7028
13748,0,1691,4615,638,245,1601,511,0,10568,9465,662,340,3750
36553,1403,8407,2640,383,835,2306,1581,2193.18,13013,1835,1743,2726,866
126547,33872,7502,1527,979,723,7822,1361,15185.64,6093,8663,1891,903,693
70380,548,1649,2028,578,362,9407,380,4222.8,11013,6311,1736,3921,3405
54331,11640,13472,3885,980,464,942,1529,3259.86,7978,8274,1830,1490,6273
237105,26437,2862,501,797,429,26781,565,47421,17703,4142,825,146,6444
130617,22145,25185,3460,815,777,3749,1857,15674.04,8495,4264,529,3749,3469
311704,7903,27134,3573,443,420,24836,1411,62340.8,17762,9898,624,4523,7170
326009,83704,66453,2013,497,916,4740,565,65201.8,15666,6839,181,3653,3968
449902,26863,12444,1052,248,20,16373,1905,89980.4,5753,7307,798,2329,5555
85910,10613,8353,5412,510,635,12419,1027,5154.6,18178,5790,485,2139,9622
407891,28548,86057,414,507,368,16791,1936,81578.2,11425,12810,319,417,8101
469922,11467,38217,5641,279,463,51195,751,93984.4,3184,10203,1833,1196,4523
350130,57954,22066,4280,668,96,5272,1615,70026,17713,392,1060,4388,7177
217288,23901,2811,3118,532,649,14617,200,43457.6,3878,707,1134,1624,738
20068,1806,3421,768,766,491,566,1225,1204.08,2829,1361,1774,4766,7063
64460,4238,4215,725,968,849,5757,255,3867.6,16204,13491,616,103,7412
372910,85180,74826,1875,711,352,47149,198,74582,14301,11914,1861,578,4802
56418,4367,2721,2165,885,604,1979,72,3385.08,2047,7678,867,2985,1566
298350,16204,27284,1133,213,94,26528,950,59670,5575,4199,758,3204,1426
138180,19755,24698,4406,545,23,20222,687,16581.6,11313,7924,205,3163,2089
272431,59817,43660,4003,330,379,39908,218,54486.2,7384,6530,1535,560,7386
32337,2093,3253,1708,736,395,2315,1759,1940.22,15558,7213,1384,664,4362
161738,4001,33556,3781,927,403,8292,1456,19408.56,11911,6630,1367,137,3536
257667,22940,16640,2470,338,965,4756,406,51533.4,8926,3740,352,1121,369
142233,7810,4025,5368,332,647,6796,794,17067.96,16966,4767,882,3598,8904
372811,44040,72277,903,641,845,14314,792,74562.2,10926,1858,1833,2252,3561
362215,37322,3654,512,729,132,44404,1116,72443,18015,2335,881,2234,1366
108064,30410,13580,4201,319,53,32,1687,12967.68,3262,4731,1564,4336,7047
441967,91544,40428,4038,471,291,53483,1103,88393.4,18941,12625,372,3638,3916
485279,84437,101555,3054,321,111,14533,207,97055.8,8470,6093,1477,4918,9129
378655,92969,38036,4935,433,421,56042,91,75731,14353,4003,1666,2249,4816
492605,107001,44549,5101,768,130,69751,531,98521,16648,4033,145,3255,4783
417974,87725,95379,2058,515,419,16541,1076,83594.8,10047,14453,1876,3844,9502
468996,115784,65355,5554,260,277,60452,82,93799.2,18673,13875,1948,2821,4142
256686,9236,62119,4893,227,775,21329,1097,51337.2,17296,2065,563,2471,9516
13178,0,3080,3368,847,956,143,409,0,13484,12336,1396,3311,2083
41831,7061,7562,1081,402,893,3628,443,2509.86,19230,11365,1065,228,8132
143248,18588,15987,4521,385,589,20166,129,17189.76,12509,12604,1331,127,409
113306,3902,25183,3730,242,774,5044,770,13596.72,16517,9238,1443,148,2174
174726,34120,20810,1826,791,67,11114,1894,20967.12,13145,13973,1246,1875,4659
264292,34364,20311,1140,844,573,7846,183,52858.4,13135,9350,1927,2274,9495
429843,107071,54478,5378,183,402,38153,577,85968.6,9473,3103,207,382,3333
193622,56132,34920,1641,630,874,2098,664,23234.64,6982,5382,1749,2378,3910
384169,98983,8738,4407,553,174,51308,364,76833.8,9779,9489,1150,1475,5427
185982,28874,7888,1800,964,279,5454,195,22317.84,19242,5793,1,4505,4123
100417,20096,10096,5713,371,463,8325,1038,12050.04,8896,8264,562,4749,2092
199323,12020,5474,5859,639,389,20134,209,23918.76,19523,14917,910,1533,2637
438638,58473,59026,815,943,747,34895,134,87727.6,11226,3291,1383,2281,9766
21984,3904,488,3762,489,135,1006,1407,1319.04,10358,9444,1040,2147,650
99312,11385,18206,3379,662,408,2385,1498,5958.72,9177,13673,1676,1176,1739
202458,41277,24144,1447,758,223,12719,593,40491.6,3971,2953,181,1382,8049
93291,21685,5622,3743,748,600,5600,1606,5597.46,10519,1929,383,2377,7675
279279,38502,52273,3556,992,969,7762,503,55855.8,7166,14153,1250,3263,8994
10320,0,2350,2894,401,618,101,476,0,15689,2191,664,3140,6388
497387,118384,93184,3956,513,552,4426,1320,99477.4,7954,5117,1737,1859,128
162756,12693,32697,1848,676,697,18662,1405,19530.72,19204,4128,108,1136,1939
459129,89049,57993,2386,291,976,67010,443,91825.8,14084,1497,586,3475,4193
360918,52148,25223,3455,460,187,13051,683,72183.6,13384,10164,1952,2429,2741
425105,89157,21865,2650,534,877,5989,122,85021,13049,1944,589,4138,1137
236921,68078,8572,1278,950,386,9240,1312,47384.2,15084,12773,1633,4484,3987
370215,82598,63649,2605,731,8,49567,1985,74043,17133,1487,1173,3819,3405
189971,5366,43026,4183,461,179,5507,1233,22796.52,4682,12132,1451,3036,3915
265083,26465,59207,3347,428,697,5782,493,53016.6,2488,7418,643,109,1406
413986,32286,26866,2889,715,443,46671,1942,82797.2,17438,2074,363,927,2782
442537,54795,12416,2306,495,593,25237,1599,88507.4,3338,7212,1177,853,1399
489178,108139,25775,2899,536,688,12646,389,97835.6,3133,13919,1664,1836,7200
119863,13647,29080,2808,451,605,7293,62,14383.56,13113,3737,1033,4522,9768
51777,5541,4887,4619,913,900,288,1917,3106.62,6651,11089,611,3829,5847
56250,10433,2990,2439,656,445,2600,1962,3375,12648,14167,1,363,1536
345178,43315,58451,579,396,115,18109,1432,69035.6,5162,9024,1564,4166,5086
377084,75396,52599,1493,795,671,14332,519,75416.8,18622,7929,920,992,9336
312274,55178,15684,2057,637,244,38821,244,62454.8,10961,7920,1494,3897,7082
485147,10745,24002,2345,905,282,31159,164,97029.4,9410,12209,380,4635,5657
190418,57122,26015,547,388,212,25150,1116,22850.16,9120,13053,989,3284,6694
405753,72354,22972,1684,678,663,33484,954,81150.6,16810,14323,827,3794,821
225834,5028,617,1672,498,677,19796,283,45166.8,6086,7683,1112,1330,9588
25216,2762,5444,3213,940,450,1227,1844,1512.96,18109,4620,780,1913,7520
356293,86623,6309,3972,894,911,28598,1911,71258.6,19160,7190,1703,3722,9952
13009,0,2755,344,501,654,1202,710,0,16012,12510,673,1936,4440
362048,74974,68326,2385,303,24,51545,1147,72409.6,7015,422,1826,1868,9826
170399,18156,7826,4811,659,711,20464,1590,20447.88,16501,5925,509,2088,1645
155281,18548,12134,2840,335,232,11254,931,18633.72,4948,1038,1614,2354,8804
189515,39879,19693,2670,744,515,17396,1213,22741.8,9235,5083,550,2826,1392
25029,191,4054,5671,716,287,2880,654,1501.74,18066,238,553,1022,7290
470829,117353,16090,2815,574,684,35128,1845,94165.8,16572,10186,979,1842,5556
220515,48657,23808,5480,211,183,26709,1340,44103,12710,970,1258,3098,1743
198069,8498,40449,5538,550,250,1946,1632,23768.28,13325,11366,1237,2608,8593
374315,73667,15569,4482,208,290,3512,821,74863,19330,3534,1816,1461,3889
124456,25107,6508,4623,291,948,8118,196,14934.72,16954,2632,1677,2317,7481
334703,28793,16608,922,615,797,1351,284,66940.6,6937,5730,1362,1533,2046
337036,2696,75969,3681,298,358,48378,1616,67407.2,8898,13497,621,2769,6915
342553,53839,24520,784,596,623,47585,1132,68510.6,12994,9096,597,3275,4163
411851,89241,77424,3187,323,304,60241,1818,82370.2,3124,13069,1238,793,6068
305209,23397,30932,324,460,349,19459,1232,61041.8,17641,5787,1792,3623,2126
252471,7704,19734,2114,211,976,20288,114,50494.2,3388,12142,508,2293,766
392688,16442,69363,1525,316,338,57012,963,78537.6,5647,4403,422,1553,2691
379484,63788,50555,1548,831,947,10539,752,75896.8,18348,13258,1821,501,4273
43783,9765,4212,1078,965,478,527,1931,2626.98,19223,1410,1668,3181,5061
44152,1140,409,5326,252,464,2653,893,2649.12,3206,6601,1757,913,8772
68741,10002,1916,3142,177,129,5647,505,4124.46,11847,963,454,2816,7919
379193,11390,93550,4000,745,186,21544,790,75838.6,6872,551,1469,2063,2617
454718,6641,53219,5998,657,420,60040,1841,90943.6,16083,14018,252,3428,2907
39092,941,2859,1882,283,495,1281,330,2345.52,19362,8667,1740,3015,8326
158725,45583,31856,5148,208,540,5485,995,19047,18934,3755,158,4595,3720
240636,39309,59327,2013,239,669,29761,1227,48127.2,10491,8674,1158,1985,5430
181541,15624,34819,3891,219,885,14175,1736,21784.92,7388,3867,1150,2678,1558
264136,9966,41704,5496,334,234,3279,1879,52827.2,13208,11226,757,3036,1892
358627,89350,66137,4821,587,277,23116,666,71725.4,15591,10110,284,2525,2201
393729,34189,60379,3438,721,101,53168,1338,78745.8,18381,518,1074,3970,9802
331898,71301,24318,5055,623,458,13018,264,66379.6,18588,9116,716,3335,6576
171050,30222,15451,1817,806,736,15740,1312,20526,16946,7922,1263,1275,7731
97592,16819,13257,3032,317,786,11486,581,5855.52,15261,12955,1908,3601,9178
366687,17223,5274,4942,727,834,20320,690,73337.4,3985,1868,1016,1625,7868
53169,4001,1842,5496,273,231,1044,480,3190.14,12165,4670,78,1560,4367
451503,78183,43634,3263,362,853,3439,1703,90300.6,14052,12379,1202,3345,9202
64745,5248,14542,4163,331,273,312,1029,3884.7,5746,12179,1885,3095,7827
120168,4959,12368,4068,220,364,15948,643,14420.16,9311,14135,966,3140,2655
123985,27257,19046,1796,705,477,8507,770,14878.2,14837,11652,836,10,5371
277687,50802,21910,4027,344,960,1890,1164,55537.4,13428,11653,13,259,1667
197464,22212,48230,5858,718,467,13759,281,23695.68,10165,13585,93,3081,6449
31067,2261,3311,2035,441,624,3618,289,1864.02,3793,1724,1046,3657,809
61033,3889,12320,1643,206,900,4221,204,3661.98,8101,1926,1103,2955,7790
55256,1326,5368,2567,832,971,6978,1716,3315.36,11902,4445,343,2794,1519
231705,38669,23527,4215,449,650,25071,1582,46341,7658,14317,1578,3162,2697
249455,36126,45335,5790,467,727,2028,903,49891,13813,3363,567,2527,3055
210417,34353,22487,5635,520,825,26668,331,42083.4,2683,6995,1428,22,6199
425407,79036,36593,348,232,273,15690,1671,85081.4,2022,6958,1130,3255,7370
96803,11560,10391,2810,978,327,13123,402,5808.18,12680,5009,925,2605,8001
213814,54797,9874,3634,243,860,13251,1256,42762.8,6782,439,459,349,219
128843,16772,22054,3960,416,183,2907,1737,15461.16,13359,810,756,4681,4797
489809,51943,53948,2046,994,917,68679,31,97961.8,14749,10231,364,4096,5671
38992,3332,3608,795,525,823,727,1812,2339.52,14916,12723,423,2851,993
222603,49855,30451,933,310,193,21774,191,44520.6,2751,428,93,1085,7715
58803,2820,6878,4997,763,790,7574,406,3528.18,9595,5208,1125,2667,5553
382119,81008,54501,3117,651,271,42427,602,76423.8,5426,9147,1557,4111,5058
204549,57205,27546,3020,526,299,9306,1880,40909.8,10499,7074,385,423,5509
154282,4959,35268,475,261,583,1677,1606,18513.84,16756,8699,918,3308,523
486545,25874,68203,3460,727,195,34811,1321,97309,2711,9700,1641,1327,7421
36270,1301,6034,938,771,781,2164,34,2176.2,18909,11681,1238,2564,7680
465224,58017,42346,3657,781,904,7681,1921,93044.8,9321,1552,469,2456,3155
408413,43319,5230,4692,428,330,28540,1243,81682.6,14334,3450,189,1717,4259
254929,22455,25720,5679,903,751,31714,1734,50985.8,6701,14662,1565,476,1701
17452,0,2063,774,582,485,70,1641,1047.12,2906,14483,154,1992,4527
313630,57033,37602,4127,809,619,46421,331,62726,12610,11698,1482,1617,2990
24859,4571,1546,1946,391,498,757,1019,1491.54,15079,1121,732,1483,6652
430452,110078,15050,2258,371,399,27419,1075,86090.4,16331,13736,36,4524,2994
435115,58360,51315,5456,932,396,40863,16,87023,8388,935,325,2160,7315
42083,8401,3012,4420,435,803,2886,853,2524.98,5665,3602,527,2214,8941
339852,82418,30134,648,153,811,31105,8,67970.4,7654,12516,1147,1691,9543
121462,32145,15640,936,469,99,6599,179,14575.44,4925,14722,19,3837,1920
157735,41388,20828,3914,470,80,2341,2,18928.2,18518,6095,841,1845,6685
365220,32735,61671,4120,157,781,45012,1301,73044,2736,12256,941,95,7080
259737,72781,14284,4622,201,860,17493,693,51947.4,10329,6043,1893,4371,7347
291197,67641,60526,5767,291,16,27217,1827,58239.4,3876,10588,1252,2535,8141
152157,42513,3423,4433,975,704,7408,166,18258.84,8856,12491,378,4032,5405
433780,21711,28577,5802,928,211,35841,1274,86756,5958,3563,1353,1227,7371
361889,5630,58900,2917,976,864,21754,1297,72377.8,19821,11122,1771,3861,8998
200167,3206,19070,1504,429,125,26665,1616,40033.4,8680,12196,1432,3527,3137
79517,23521,2332,2461,237,821,5545,26,4771.02,2216,12570,1338,139,5334
162225,18953,6066,2479,309,637,10727,117,19467,2386,1377,725,4661,9484
146319,35396,18040,647,963,129,915,738,17558.28,7253,10219,1695,3877,2877
413769,10068,57888,1503,177,656,16645,351,82753.8,7434,5280,656,1371,2577
424027,78930,8583,1282,677,767,38282,194,84805.4,2922,1118,1241,2910,4242
236453,55916,38057,1031,959,534,4903,652,47290.6,14882,3245,463,1253,5002
409351,1067,22604,5462,421,213,45603,1296,81870.2,13079,8867,393,997,6644
146645,15245,26564,5899,249,128,19046,316,17597.4,16054,12144,1168,347,7610
89267,9859,296,5537,353,523,11186,1425,5356.02,13729,530,897,1286,5255
148261,29164,22857,5990,339,652,6241,754,17791.32,14998,548,577,323,8766
352221,104946,28941,2900,695,461,23321,1552,70444.2,5264,6259,1052,2716,1685
446862,127580,55511,752,443,969,34740,1719,89372.4,8825,667,237,1404,1170
348767,102370,37962,4373,939,779,34942,1071,69753.4,8391,1951,1914,1897,4987
141004,33715,25692,3194,997,56,17711,1039,16920.48,5457,886,643,4739,9672
63687,1171,9268,2534,493,597,4890,1493,3821.22,11676,4464,1309,3665,1413
340456,48599,82415,463,920,273,28461,1944,68091.2,17629,7636,1212,2999,6169
117615,6114,2995,1747,918,614,6722,1728,14113.8,15217,10113,953,4935,688
403120,98475,82013,4169,202,338,23698,1306,80624,7932,8329,203,3094,1123
37564,5682,4324,401,853,861,839,13,2253.84,12165,10169,161,1774,3432
300979,12818,6393,4354,833,142,40016,1371,60195.8,13261,3457,1357,2275,9880
464803,9335,33488,4007,196,422,44796,366,92960.6,4966,7074,1175,4383,5530
17697,0,4362,1752,571,333,2630,227,1061.82,8471,9773,855,3424,7370
90165,22240,5099,5086,852,840,547,1651,5409.9,15846,5641,1274,4794,8658
214994,6209,12568,5846,614,964,12354,1396,42998.8,12175,8645,1617,2526,6028
420262,43148,102330,2958,702,928,11858,1002,84052.4,12039,12648,1560,400,5113
67823,3577,12247,835,578,687,5729,1841,4069.38,19066,7820,344,3234,9092
476796,73916,5057,2000,546,132,38320,735,95359.2,12487,13333,104,1877,8281
456586,135148,83026,1763,343,855,58669,1564,91317.2,6921,226,280,313,4166
19615,0,3932,4519,215,263,2871,1563,1176.9,7615,14841,1755,4919,1676
408276,106081,32740,4644,704,146,40310,1428,81655.2,5967,2818,157,3444,751
402643,51869,24118,2271,851,435,574,1431,80528.6,13659,10795,950,626,8559
86436,8437,6674,5690,750,11,1101,557,5186.16,13208,1186,600,830,737
201591,11095,42331,1752,625,839,24605,1083,40318.2,4528,1813,919,2094,5158
392706,113583,90534,1893,837,903,17759,866,78541.2,9455,11926,1017,2377,83
343261,84715,15316,1012,175,54,29502,659,68652.2,6288,9570,231,1294,5324
464374,56680,16217,3955,248,229,38002,1075,92874.8,10691,2946,1918,4215,4664
44782,12016,2005,4642,625,979,3948,1173,2686.92,14439,9087,422,1670,4411
488925,107345,111045,4876,722,121,72410,1859,97785,10860,14013,204,101,820
88533,1810,14602,4384,911,860,3804,655,5311.98,15831,12815,769,3345,7012
250011,28562,61946,1748,979,232,20848,1684,50002.2,12508,6812,1697,1361,7851
199327,40663,21645,3948,886,161,5845,171,23919.24,4038,14185,527,773,8047
82684,18510,12603,5424,231,593,3731,317,4961.04,16492,3576,1199,2858,4517
460134,61608,13987,2313,547,960,23909,1684,92026.8,2316,1955,151,3768,4409
267165,72489,49915,758,843,970,20781,615,53433,4647,13215,1969,3644,4982
225356,52182,13543,3143,849,558,24271,488,45071.2,11178,9048,1153,1117,7096
351702,104627,27944,892,542,875,44482,650,70340.4,15554,4673,476,18,9783
226621,26883,9144,797,193,802,31636,1655,45324.2,7657,1472,1062,4687,1192
245295,71427,43882,2434,973,499,3750,1979,49059,16419,10811,358,4002,3460
353566,35844,38459,2749,627,671,52286,1572,70713.2,15446,7111,1232,2630,8335
261435,18728,39827,5712,920,178,13124,683,52287,7949,14861,1466,2921,5278
267424,11094,30741,4592,759,361,34067,123,53484.8,6473,4205,1686,3045,4295
428472,2407,70015,3111,240,207,53758,1301,85694.4,4165,12954,523,4776,2955
433221,55412,69734,326,976,901,27641,1235,86644.2,18137,1224,1100,4049,1292
278782,12644,69177,4216,478,904,17270,705,55756.4,5870,2785,580,2443,2198
309563,85834,3543,2017,802,551,26134,1450,61912.6,13958,7564,142,3237,7428
43377,10678,5591,5509,563,725,3807,458,2602.62,7209,10123,1524,3333,967
116244,34072,11833,2553,970,431,11177,1556,13949.28,4840,14816,59,4682,4734
184188,38398,29341,3942,913,455,18430,1952,22102.56,9859,6196,319,3197,3050
439850,28669,56395,3955,869,503,31106,1776,87970,7137,9019,897,3663,5572
223363,30161,29055,5834,840,863,21274,1680,44672.6,19047,10936,965,1446,8175
33382,7282,6116,3598,959,153,3457,1315,2002.92,2501,14593,1855,3120,4376
256375,26539,55485,4998,848,337,23941,1165,51275,19003,6772,163,4579,607
197135,3307,761,5487,986,292,11492,676,23656.2,18600,14557,1238,1881,5194
163466,17745,2407,4757,259,435,3298,1950,19615.92,13234,13943,268,1754,6760
339933,39433,31594,1583,368,395,11590,1411,67986.6,7881,468,769,1316,599
244318,34555,885,1386,612,165,30422,645,48863.6,15780,12446,887,213,6269
382778,1073,35411,2315,664,993,54428,177,76555.6,17861,2856,1796,1298,5542
141936,32683,27819,5367,702,451,10252,1108,17032.32,10521,1632,1063,1484,3387
371716,25741,76661,2015,786,783,50678,1228,74343.2,19319,7641,1999,3236,2428
443438,3599,87030,2026,406,956,47300,1573,88687.6,18141,8446,1471,4721,45
416882,27293,99772,1207,342,535,61038,1358,83376.4,11656,6242,1062,4663,6588
133664,15389,24585,3763,776,973,12902,1412,16039.68,7760,12287,674,4930,3501
162027,44113,22045,4641,219,400,18534,1189,19443.24,17396,6911,1976,802,917
382818,12318,87983,4742,608,114,46249,535,76563.6,5345,12024,1576,83,4672
113533,3055,13366,4767,531,350,2156,1553,13623.96,19565,10849,172,2221,9302
353989,82579,26238,1108,967,259,10615,1884,70797.8,6795,9784,161,479,267
257997,6320,39091,3196,643,817,2794,1695,51599.4,14829,12977,1938,3213,3664
79590,6513,8935,2470,997,875,4243,1862,4775.4,11132,10555,1258,1436,9574
399919,4642,35196,3428,246,225,23210,1245,79983.8,9779,10185,381,1808,234
338615,92694,77221,4555,877,613,48128,1637,67723,15844,8323,1753,4666,8268
491530,9321,12738,1450,976,485,68578,857,98306,5509,6427,809,4515,3515
315442,79968,15772,3978,373,130,23079,327,63088.4,18401,2541,1898,2648,3476
466324,102770,65270,1634,991,263,4091,600,93264.8,16497,3217,16,1489,1800
254936,26044,10633,817,980,523,19618,669,50987.2,18542,8355,1136,4943,4726
58924,11458,7108,1588,430,930,435,1623,3535.44,19417,8858,34,2017,8987
419925,114183,54979,1045,482,833,31521,1437,83985,15160,14402,1227,1401,2454
19726,0,2480,4815,790,180,1457,1156,1183.56,18374,10904,1186,4363,5556
201896,25727,43961,4267,760,348,2372,771,40379.2,7881,12595,356,777,8768
50542,6175,1186,5947,931,470,2204,1202,3032.52,15326,8956,261,4828,3894
423461,73820,64551,4535,554,160,31857,1928,84692.2,18948,11891,1459,2679,2470
44753,10758,6909,5102,645,113,111,822,2685.18,10890,2630,73,2817,7890
351932,83201,36855,997,908,17,35802,288,70386.4,13318,11230,810,3747,5123
293460,27476,6228,3334,335,103,38342,1650,58692,16249,14051,406,2949,6150
243979,62683,2831,774,905,185,5888,1372,48795.8,11960,13858,1746,1640,5532
94698,10991,20045,4276,187,341,9288,1310,5681.88,13419,4455,115,3172,8815
288104,85097,24318,810,918,461,5049,1387,57620.8,11081,6573,1194,4702,5606
40791,5667,9306,837,909,604,5594,1106,2447.46,10582,7571,1460,3176,2823
297360,70047,13795,2560,794,812,25872,236,59472,8282,10829,1607,3820,8648
435683,10796,105856,3244,637,142,17341,437,87136.6,15985,1994,1608,3713,4356
336571,3881,54524,5932,705,654,21215,1262,67314.2,4172,11466,1474,2182,6718
384614,15668,87694,4174,854,812,4968,444,76922.8,14568,14302,864,4884,5449
465263,28106,21747,5684,655,963,41053,1089,93052.6,9919,14864,1217,957,5290
83290,15729,14605,1666,638,611,2766,1683,4997.4,5111,12520,417,619,842
57014,4784,11282,1361,206,452,6825,715,3420.84,19783,11371,1954,3537,855
145150,38394,33831,4628,661,450,667,113,17418,15916,1031,1489,3496,5895
481605,59739,63073,2607,397,971,33282,1876,96321,19598,6739,1690,4332,6392
60519,4507,6659,607,253,61,4289,188,3631.14,4481,481,1520,3444,1153
276186,46303,65322,4798,706,595,27599,1827,55237.2,4058,7148,747,1518,9095
59052,4248,3748,1296,209,939,811,1619,3543.12,7819,7737,1690,2701,4395
24389,5331,4545,1584,727,275,3280,875,1463.34,7365,11639,447,3536,7074
368105,24667,35500,5895,884,678,22091,275,73621,8275,3857,806,2570,4099
78111,3992,1872,5145,708,294,5849,940,4686.66,8627,3827,1211,2027,6165
377202,106826,37488,1429,387,128,22456,1635,75440.4,2414,8530,208,4654,208
365859,73563,67505,603,520,363,50672,1325,73171.8,17157,6298,1096,3162,3570
322877,87680,25460,5866,175,66,5749,884,64575.4,6663,4748,95,2321,185
306898,25530,12155,5457,542,46,17862,785,61379.6,13101,7647,1942,1314,7950
421840,110276,11870,4191,968,968,61207,709,84368,4402,9642,1003,3133,1683
358030,15305,3717,1154,755,373,48207,1888,71606,3579,6947,845,3285,1310
167753,43561,1374,5465,259,821,18385,1993,20130.36,11936,10789,1546,1642,7409
99524,24429,21826,2045,541,659,5818,913,5971.44,15298,8922,1027,156,4420
353150,52129,74215,5650,922,761,25607,1010,70630,9171,10125,50,3954,6877
296848,87267,13427,1117,403,136,3069,959,59369.6,19353,9727,1317,469,8373
104913,20673,23564,3949,956,94,350,1569,12589.56,2094,3902,562,3663,7866
104108,529,1940,1272,985,237,12497,1614,12492.96,13984,308,1583,1530,4853
264803,52044,24271,4433,701,795,18689,1666,52960.6,8159,8366,1999,4807,7386
279637,58817,63572,1478,953,831,23592,583,55927.4,16310,922,1827,4811,8621
79639,4734,16631,404,915,34,6870,754,4778.34,7230,698,1304,3777,4227
241452,46666,19887,554,246,295,34032,1674,48290.4,9438,10496,132,1348,4585
326527,26173,25259,2835,687,892,41745,1709,65305.4,11066,9510,841,1741,7363
144066,18909,32396,890,253,869,6734,479,17287.92,12910,13121,1604,4303,294
210352,31007,49630,824,764,491,30632,1449,42070.4,14381,9907,1896,1121,1762
319378,12985,19144,669,736,257,20290,16,63875.6,10527,14290,1361,745,2339
450507,22525,78191,4497,746,386,46614,46,90101.4,18547,14470,886,1138,3122
138674,35510,20836,3263,645,269,12398,29,16640.88,7505,14789,1046,2492,9209
496084,37403,113047,963,363,976,52585,1962,99216.8,8555,7192,485,3462,8691
15594,0,1368,989,262,866,2307,391,935.64,17655,10584,1549,2592,2795
246907,3830,34994,2946,461,323,665,1063,49381.4,10510,3030,1715,2151,6563
279515,56144,44456,2888,718,46,14866,1734,55903,19662,13453,86,3476,7802
57315,533,3612,1835,250,605,3657,915,3438.9,3854,3717,1916,3800,1381
224636,20946,54714,2328,911,693,20532,1867,44927.2,12000,14703,1071,2603,4223
137251,23504,12199,5326,796,953,14525,1876,16470.12,3443,6482,1890,2629,5422
242520,55715,42802,2156,802,701,13952,1691,48504,5765,10817,1848,2425,6459
89526,23673,11569,3486,233,486,10383,283,5371.56,18570,468,672,445,6084
253459,36855,59758,3069,868,562,6903,58,50691.8,16360,8728,1829,3824,8703
157698,41721,33827,3287,891,717,5299,957,18923.76,8285,5347,448,1193,8581
358149,41850,31182,5373,451,815,50694,1871,71629.8,18811,12216,517,3428,934
247330,34723,50796,4775,722,410,16215,1007,49466,3147,5475,1684,3012,4211
115573,5539,13115,5909,366,844,717,1353,13868.76,6120,11902,1050,2944,2631
410346,73029,21649,1448,717,950,52291,1973,82069.2,5758,7383,1348,2461,1873
147900,35604,18195,1080,690,124,2920,1749,17748,15742,6123,474,2479,1681
329658,21311,27003,4705,772,211,33422,1286,65931.6,15543,4024,1529,4827,3913
245707,69180,16551,2453,241,368,25707,1347,49141.4,3680,1391,491,2749,7365
193736,51449,23826,855,803,944,6328,1047,23248.32,17704,7259,645,86,2820
158955,20445,36950,3596,601,919,23117,1377,19074.6,5807,12718,807,1438,6252
184131,35934,24729,3613,763,265,3811,1832,22095.72,10313,13743,152,4872,1110
487294,140583,51696,4792,220,134,64246,750,97458.8,19366,552,498,2314,6008
184004,183,3868,2883,674,883,14437,1077,22080.48,11445,2761,836,1450,9516
464485,9475,41274,4007,550,784,60554,1805,92897,15596,404,701,17,7966
348130,84766,38718,4168,818,789,48515,1707,69626,10458,3529,78,2942,9874
358103,63130,32353,3343,230,314,6111,1328,71620.6,7647,1986,1069,4992,5603
274179,59577,41682,3313,249,299,10919,318,54835.8,14210,2631,1455,2421,8482
119767,26008,28207,4144,744,778,17465,720,14372.04,6372,3628,421,43,5247
443961,42756,14141,1469,367,297,55926,1068,88792.2,15317,2572,1596,322,5948
27241,4722,3345,3562,898,278,87,1863,1634.46,7933,2317,1616,4133,3912
62975,15194,14017,4322,274,373,5363,361,3778.5,7356,761,1296,4332,1847
164226,26631,27387,500,350,955,10533,761,19707.12,8076,2087,559,4776,3873
428841,27912,81690,2190,151,725,3201,1484,85768.2,13814,4471,1056,1295,2771
448166,82702,100613,311,723,487,6998,6,89633.2,2940,6854,529,1250,7897
66396,17891,6630,5471,169,61,5331,1282,3983.76,9653,9112,1059,4441,8126
128920,15976,10693,2276,871,878,10951,87,15470.4,13676,592,1845,739,1706
416547,38623,80314,1625,329,53,16674,942,83309.4,15342,444,1922,2019,960
204999,46062,44293,3671,558,337,6960,1212,40999.8,10664,11585,1112,978,7255
96226,23922,23070,4370,211,374,5738,454,5773.56,18897,11631,1890,410,6668
94719,12046,13416,5315,422,876,12994,541,5683.14,7461,5231,876,414,4027
73014,676,16733,3856,956,473,3423,1540,4380.84,10491,8521,1683,3214,9568
49346,7250,9015,5266,902,111,7289,1383,2960.76,9118,6928,611,3295,636
80411,4090,8629,665,912,989,11358,980,4824.66,12878,12365,874,1800,7855
195550,45266,8360,956,159,268,3499,368,23466,14094,10074,30,811,2108
153326,30008,12011,460,848,323,13086,1223,18399.12,4528,4904,1044,240,4414
196806,22107,40721,474,771,618,24188,1030,23616.72,4122,8256,1663,1357,1976
431837,58704,36069,3770,689,794,21952,678,86367.4,6171,3290,356,690,5796
348585,62866,53270,4360,609,882,17227,385,69717,14247,13160,1313,4853,7514
56121,8382,11227,5899,210,679,913,682,3367.26,13538,14396,741,1061,3715
222490,47774,39587,844,207,585,20823,395,44498,9468,12991,1208,4511,3779
332341,74570,61720,4154,449,747,22051,539,66468.2,4794,5044,676,1285,9447
94577,8526,11782,2061,646,603,7896,619,5674.62,17414,2052,768,114,5486
366778,89609,68305,1256,488,84,20374,1170,73355.6,14747,10981,1592,4405,1853
259106,46698,10492,751,401,371,26668,1307,51821.2,12055,7342,310,3634,1295
445647,1110,53651,381,556,74,1200,1122,89129.4,5568,13628,1694,735,7998
372355,81981,51332,1536,405,595,23773,587,74471,16490,7557,534,2032,3943
145909,386,3345,5211,530,756,18032,1627,17509.08,3219,8020,1642,3169,5713
493241,47801,68201,746,294,507,65657,1530,98648.2,5176,2137,1637,4427,6927
486379,114012,24807,2465,740,227,69906,1497,97275.8,3800,5193,368,4488,5806
474448,96085,43552,1919,490,594,64388,1765,94889.6,7193,6346,330,1924,2070
452210,31566,77902,2093,955,393,3815,709,90442,11290,1101,998,2896,4727
482295,23798,117230,3614,947,14,37175,1170,96459,11312,8291,815,2417,9593
415831,13565,74861,5144,552,812,47521,575,83166.2,15702,1556,1427,4668,2423
11466,0,1344,1473,437,180,760,858,0,13365,1563,356,4997,3183
302915,5631,57300,5952,363,507,17736,884,60583,14406,6503,1926,689,5049
356030,89865,26951,945,681,337,21606,904,71206,11799,9286,98,1055,5825
338055,56878,20264,678,891,262,687,502,67611,13290,13315,641,2450,7480
239638,45206,19121,2955,725,925,26905,936,47927.6,18533,3686,250,3443,7114
423962,103473,84351,3884,697,77,13556,49,84792.4,10873,12036,1760,1644,7684
98422,25814,17771,4033,360,228,13444,1545,5905.32,17851,7632,295,4411,2957
463955,58334,109799,1440,320,744,50007,1993,92791,10374,6410,407,3209,6696
345513,72323,30311,4035,687,29,47774,224,69102.6,9370,2173,358,4719,1202
274037,53619,42397,5332,412,373,14103,81,54807.4,15382,9510,1993,1703,36
302717,26875,19749,2313,951,154,37204,181,60543.4,12422,10134,621,3406,6535
106907,24514,26305,961,825,816,21,521,12828.84,10364,4536,1032,4442,2184
444090,6734,81069,5736,539,184,15973,902,88818,12781,11480,633,3102,6539
218434,17464,51591,5271,570,447,7317,1383,43686.8,12624,2996,298,783,2836
372100,39008,44133,311,211,868,18388,927,74420,11111,14338,1888,1051,9389
228532,49349,44867,5509,235,446,6712,234,45706.4,18192,10854,1586,428,7393
268093,7814,1316,687,734,431,12144,821,53618.6,15336,10660,724,1895,7705
390724,43154,37972,3323,640,766,28462,1349,78144.8,7419,13202,973,1188,9469
436583,7851,86924,4133,209,168,33737,1490,87316.6,17111,13551,561,1450,117
162271,1600,13512,2219,626,80,3778,1470,19472.52,11065,7496,1366,1352,2200
363548,56614,66220,4791,469,797,30684,1768,72709.6,11278,9935,1227,838,7229
215400,6866,27164,2892,839,209,8536,746,43080,19101,10631,1173,2363,6172
329868,3692,77271,3008,201,258,26305,545,65973.6,12734,624,603,831,6241
358277,58027,42635,5035,806,987,49052,42,71655.4,14711,10895,602,4923,3090
177477,52235,38546,399,977,548,24461,381,21297.24,17739,11250,1033,98,9541
239304,20373,48797,4852,226,285,3331,1156,47860.8,14026,3496,1233,1966,3023
25989,332,3543,4376,268,53,199,402,1559.34,6356,12193,706,4773,6024
301075,62805,22412,3071,870,468,22827,1648,60215,2522,9929,1411,192,341
281434,80383,35862,4469,331,368,15962,1393,56286.8,8019,11779,1053,3105,6433
441583,14507,84727,2677,655,723,55018,53,88316.6,16757,1400,1492,4757,7150
131136,9963,14821,2163,799,853,15073,653,15736.32,7648,7460,149,4189,6994
352022,71642,73118,4319,786,995,49691,1929,70404.4,10607,9686,91,3783,8936
362621,72869,74548,4570,302,99,47999,560,72524.2,2917,6340,712,4422,1316
482697,114362,33655,4058,167,596,10485,778,96539.4,10397,13380,363,769,9547
217370,31913,44688,4892,213,983,23556,158,43474,12321,8825,296,3677,5728
136299,31283,14530,5688,646,724,10252,961,16355.88,11282,2995,1512,2443,7218
171205,39423,20377,4823,897,902,13265,137,20544.6,15038,2165,1679,2025,7226
253688,66600,52236,334,228,775,1488,532,50737.6,11955,7827,951,869,958
115686,6820,17259,2466,208,981,285,896,13882.32,6570,5833,484,3866,9854
430268,8512,45221,5790,560,597,5733,253,86053.6,18536,7068,580,1121,5724
379430,36725,87189,3939,912,574,55634,1325,75886,18937,868,653,2981,2227
488705,51534,105812,4272,975,446,50389,734,97741,6582,10305,1459,3576,546
312619,85151,66092,3680,210,191,16496,714,62523.8,9970,7268,1037,3359,5165
92666,26887,21677,5776,616,413,4433,1642,5559.96,9758,14615,686,1753,8099
368766,39776,8900,3476,779,481,6926,1097,73753.2,12810,4666,783,2109,6629
198728,48812,33485,475,228,92,10998,531,23847.36,17096,9510,358,4831,3114
145705,17884,13891,2453,898,252,17437,276,17484.6,13988,5508,554,4727,1755
420520,47455,15014,4987,988,649,1563,420,84104,14034,5160,1603,1080,7256
117573,17952,6547,5582,832,964,15827,996,14108.76,3398,12609,766,559,9175
238892,52433,37964,5309,637,560,13891,1933,47778.4,11963,13321,932,3978,8498
318690,9711,51171,5686,393,632,24932,1977,63738,5428,11507,653,4716,1365
279152,59262,44739,1886,357,38,39457,56,55830.4,16510,2507,1064,2349,1361
320435,86009,43374,5698,236,545,20938,568,64087,4612,11246,86,56,7351
168477,18249,39459,5722,800,357,8662,68,20217.24,19905,7555,840,1459,2101
258141,9597,7045,3958,749,777,19298,1221,51628.2,5796,6604,1431,1590,7311
308530,60067,43255,3302,794,8,35754,1175,61706,15509,12425,1098,149,1346
100909,21984,19197,1252,188,187,14026,719,12109.08,9975,4852,1042,3989,7936
161899,48022,1237,5256,325,607,2620,187,19427.88,9170,1487,1803,323,2657
305184,81924,52195,5665,627,644,11454,1686,61036.8,17763,10233,1838,2556,9708
70354,14369,6472,3171,741,674,7169,1070,4221.24,13457,13035,1633,2407,2969
350687,18782,36326,4629,169,138,9333,933,70137.4,13032,2061,139,2730,4077
28157,2630,5293,3014,370,297,1038,1523,1689.42,12152,3184,130,1403,8635
45315,6608,8890,3956,998,79,6567,1743,2718.9,18630,5329,925,1423,5613
308076,55013,19237,3278,424,602,28443,242,61615.2,18950,1003,1209,3305,8739
424380,110716,93920,5858,849,255,11742,179,84876,14545,10251,1390,3667,3080
155486,42773,30993,2109,303,659,16438,1164,18658.32,2468,4398,1197,4553,7072
268669,72036,18229,3106,612,178,25877,1522,53733.8,5958,3157,178,4384,8501
417543,35342,78847,5568,558,256,45468,1772,83508.6,15106,7187,866,2654,9411
386024,85745,88576,4451,804,217,40180,7,77204.8,6247,13622,1550,235,3397
142018,20977,3182,4059,400,266,12103,101,17042.16,15111,7128,810,4351,2764
286837,57396,49615,3628,361,316,39893,159,57367.4,12520,13020,405,4032,1352
299385,50021,71296,3270,627,590,3467,469,59877,3621,700,1288,280,3634
387338,69057,72796,5208,810,678,1494,1680,77467.6,10622,1428,347,1316,9597
105790,28890,450,3434,836,615,4133,4,12694.8,14285,296,860,1041,5777
418756,118559,1915,2259,568,815,3703,839,83751.2,6415,13309,1062,4494,6169
82255,1300,9115,5482,321,849,4865,1402,4935.3,4118,6740,230,3011,7638
205829,27075,7076,1105,656,983,15499,380,41165.8,19495,8311,486,4642,5508
182275,23979,14814,3400,795,283,16566,945,21873,4214,4084,976,4931,9646
428297,30802,33083,1875,777,344,34004,605,85659.4,6726,3838,1347,255,7207
202933,12225,4793,4030,352,726,28797,907,40586.6,19180,4857,56,3083,1863
271439,77017,50528,899,641,74,12427,1752,54287.8,5307,2743,1475,1896,4878
21350,4833,2815,2915,444,736,620,1707,1281,4969,7899,1286,417,2450
196584,44813,1262,3671,606,335,15838,972,23590.08,11613,9779,1537,2522,1890
328953,55822,9319,911,295,803,30158,1859,65790.6,7934,12399,53,1944,164
111894,14755,13194,5634,387,854,4127,954,13427.28,6627,10696,420,1995,3275
369701,90450,19309,2249,889,581,234,649,73940.2,12697,12692,1993,3796,1871
446048,56006,58396,5926,916,362,72,303,89209.6,4498,9757,1435,433,7103
431585,26269,94296,860,573,189,29143,1179,86317,17231,10938,58,60,9703
41728,5964,3468,2846,441,471,5767,772,2503.68,7233,6292,429,3218,340
289720,50138,12651,926,305,997,1789,987,57944,14779,8583,446,3031,3708
432217,62398,20405,3111,499,105,57971,1323,86443.4,10640,10218,1442,1004,9555
93384,24555,14482,1910,591,69,8859,1694,5603.04,11196,13635,866,3731,1851
10390,0,313,3562,392,521,593,271,0,10001,14728,1906,1245,4217
490751,125613,66083,4082,356,213,60010,122,98150.2,19022,6581,1117,626,6321
317580,7925,23426,974,577,982,12004,510,63516,12442,13759,1236,3475,3989
21569,3107,1529,4022,915,516,2339,278,1294.14,9903,14332,1593,720,9515
416245,86388,54757,348,407,27,31348,860,83249,17813,424,1752,1121,6688
32490,3330,6244,1686,734,314,3359,1390,1949.4,13099,7556,652,4554,1627
318019,27617,16490,2202,184,904,35028,1556,63603.8,6760,972,838,3793,2535
278011,74258,52136,5022,278,934,37030,897,55602.2,3558,9637,1925,2899,3826
90820,17307,5468,3867,579,752,7388,790,5449.2,15231,3212,211,3393,1745
371659,22631,29288,4672,849,506,55697,719,74331.8,12863,2866,812,774,6650
281265,62444,22236,2394,468,235,39702,906,56253,4960,1824,132,4186,2169
11539,0,2635,4142,244,91,1312,1653,0,4227,8323,1189,3854,883
494240,138955,66786,4611,369,829,46959,122,98848,14929,3674,939,338,7100
420243,19708,55891,529,450,856,25544,1736,84048.6,19336,10387,1255,4293,4778
399546,46221,13264,3792,786,362,42987,1409,79909.2,11727,4352,24,1975,2535
346373,17197,67147,1985,334,37,41138,1873,69274.6,2492,719,1873,3552,9650
412137,21134,7928,1610,186,730,22698,396,82427.4,9880,3729,983,2491,630
322579,33550,34558,4441,924,663,38885,300,64515.8,5398,9817,1422,3959,8184
413526,14642,56369,5433,771,703,2051,1863,82705.2,12636,1072,711,1627,5010
73965,20439,867,932,549,632,4431,1417,4437.9,17945,14930,1868,4107,2877
383192,97779,45213,2722,839,490,47047,602,76638.4,15979,1157,934,731,424
368588,106093,3816,3050,291,682,44495,592,73717.6,8065,12645,47,1910,5967
342066,24583,35916,5382,283,109,35708,215,68413.2,17857,14662,51,2564,2302
107799,31812,15070,632,594,143,11009,1812,12935.88,4381,11980,59,4882,6275
103948,28349,23160,2179,810,577,3628,0,12473.76,4499,3231,472,2375,3083
486055,79538,11573,806,437,833,40402,1167,97211,6279,8628,790,2283,9626
153314,19523,18939,4512,407,196,5463,1273,18397.68,8847,4628,1476,2596,13
258099,70543,13157,1242,188,45,36466,1194,51619.8,16207,8191,819,27,3087
281091,76830,9322,935,454,148,34727,992,56218.2,14459,4920,1877,1194,3060
253322,45538,53488,1889,432,571,34294,133,50664.4,12617,3426,750,4292,1116
212538,47310,2482,1762,973,137,10369,1099,42507.6,6706,1767,1813,2799,1419
244778,10908,35867,2291,675,489,24223,1503,48955.6,12275,1109,1560,1751,2484
265821,57290,6732,5264,556,401,27648,623,53164.2,19860,2160,182,2679,4096
202888,53634,40753,5690,508,601,6929,761,40577.6,2224,6461,1262,133,7943
320929,12699,34422,2034,527,723,3519,266,64185.8,12232,13833,63,2932,3959
392107,100169,76964,2563,618,680,18079,465,78421.4,8999,11979,320,3291,1624
272651,66912,56284,412,430,931,22280,1473,54530.2,19700,11730,1539,2175,2786
470188,79183,11311,2563,714,624,55618,95,94037.6,5544,1585,1843,2827,1157
168223,38176,3733,726,160,340,14071,1968,20186.76,17612,1015,628,1422,6140
21618,5058,3229,5554,824,577,23,752,1297.08,15362,5549,927,3646,4798
346430,100280,39579,1366,844,301,376,275,69286,16488,10860,1588,4980,9210
288266,71979,48514,3111,335,117,778,788,57653.2,4796,13908,1561,499,2169
148426,13324,10300,4679,698,736,5275,803,17811.12,9428,3984,611,2979,520
381742,21143,65375,1133,158,150,36111,1573,76348.4,3671,9201,1742,1030,3379
434195,105899,34563,529,177,166,14428,311,86839,8964,14946,930,4314,2520
96436,4920,16192,4780,972,606,5992,1370,5786.16,6462,521,730,944,3893
220448,37996,13708,4554,835,771,3595,266,44089.6,7402,4598,1549,4757,2021
455990,94071,28090,1123,613,424,18883,273,91198,19890,7842,1441,1331,5198
146109,15715,16328,2818,788,770,14937,1616,17533.08,2832,1043,571,554,3893
38633,8046,6214,3967,660,996,4995,1121,2317.98,11215,2771,1688,170,2175
296639,63179,57740,4603,651,436,16970,556,59327.8,3410,6794,565,3188,9891
336694,6450,64949,4569,731,631,7489,665,67338.8,3212,8802,766,3749,5529
222456,52756,38913,2123,944,73,32177,893,44491.2,14279,11962,410,602,9060
308627,50235,27552,1404,927,361,31426,1338,61725.4,15103,14644,20,210,3056
385325,90546,35377,1341,812,95,6744,1157,77065,4248,7530,943,748,1704
476589,131092,25734,5412,810,291,59520,554,95317.8,10366,7380,546,3407,6666
306213,80253,18610,1007,367,176,10692,1117,61242.6,5346,13638,1715,1227,5182
148442,42885,13622,1683,578,26,18867,1203,17813.04,18346,7101,453,3890,8602
129873,9664,28875,2191,787,820,13918,1894,15584.76,4237,9215,1506,4886,6182
388987,66635,55082,1602,152,304,54947,255,77797.4,10070,2700,1177,4274,8980
81947,23225,10298,3321,336,722,7909,957,4916.82,11049,14706,1014,1393,4909
180205,2637,35848,976,192,869,19083,753,21624.6,13020,14397,1678,3319,1438
237107,40225,33755,2864,760,768,15823,1759,47421.4,17204,3009,4,4845,3658
105761,10807,25923,3622,924,985,9543,1040,12691.32,9981,10778,672,4341,4914
385897,83274,63654,5057,560,941,108,1868,77179.4,3568,2075,920,2141,1644
403908,6402,17744,1863,339,829,25101,1652,80781.6,3651,4354,632,2447,8839
38926,4521,7050,1560,191,204,1498,557,2335.56,13204,6302,1744,415,8274
371926,63165,48001,3503,246,866,55249,680,74385.2,9668,12994,947,1467,7647
114700,8382,27414,2653,921,577,9141,1164,13764,3396,3539,683,1428,4313
346128,102657,67262,657,879,661,31111,389,69225.6,5582,10919,787,4349,2932
446606,15065,59633,5704,797,678,47776,725,89321.2,4822,9060,745,2499,8737
59593,14425,14268,5712,806,219,1667,736,3575.58,17029,11980,311,518,1186
347753,13111,46745,3534,666,299,21331,1952,69550.6,4529,3271,1345,746,777
15209,0,907,718,285,257,605,899,912.54,11769,6791,630,2373,6486
136700,15510,25759,5887,659,714,10586,1997,16404,7586,3130,519,4371,822
409749,37851,58602,5037,668,239,58968,1713,81949.8,17108,5874,850,4267,2172
96597,8816,13764,4255,186,826,4917,47,5795.82,2430,9993,63,2347,2351
279355,77853,24409,1893,972,228,7428,610,55871,15354,5453,1692,3130,6120
19927,0,198,4902,728,473,2765,794,1195.62,8147,8604,1455,3533,9475
218535,11341,30172,5897,986,155,29581,1285,43707,14662,2346,1913,3305,4882
127333,25654,25632,1685,666,217,1057,569,15279.96,9614,3542,1682,2721,1083
165666,21608,35223,4707,934,464,22696,252,19879.92,6125,7001,648,4339,2514
215924,17579,37976,3051,207,194,17752,1726,43184.8,17447,9464,583,1835,2537
218785,30194,40542,544,304,269,24486,512,43757,3887,2422,1392,700,5152
348526,34837,47324,4872,262,527,31889,746,69705.2,5345,5833,14,532,2613
149005,3358,3365,914,609,752,14867,795,17880.6,18791,5196,1505,4747,8612
113780,18822,25836,549,753,763,9863,796,13653.6,8550,13292,1347,4605,2925
50696,8808,12170,3393,985,562,4633,863,3041.76,14317,6832,1342,1489,5073
206521,37012,21663,1895,905,355,15605,155,41304.2,19576,9421,90,2355,34
339760,19727,5951,2229,945,539,32084,1626,67952,13058,8122,933,1752,8630
409305,34579,15175,810,750,475,52890,1993,81861,3422,2801,1326,3065,7320
459764,96554,11027,4267,591,564,25503,1233,91952.8,14471,12482,1292,4621,2919
167195,16555,10094,5169,839,307,3625,323,20063.4,18109,11770,1503,2961,7950
411013,53294,88617,1665,377,627,47793,1765,82202.6,17296,3738,1122,3004,5140
60013,17009,12167,1223,728,408,5200,1788,3600.78,14608,8919,1391,4803,8160
411562,5906,74305,373,271,440,51888,1778,82312.4,17882,6035,1325,3647,4877
226486,40751,23060,1108,820,520,12021,1064,45297.2,5659,9119,803,4263,3363
436888,69599,66556,3178,506,522,20067,361,87377.6,11520,10512,9,2716,3117
420869,108750,77381,5441,417,484,50122,371,84173.8,6177,10506,1462,2193,9448
321700,74180,10485,2567,844,618,16872,950,64340,3316,8984,1558,4803,3721
395867,107914,73450,2426,634,812,11298,1439,79173.4,17707,14053,278,4730,494
249350,73678,55210,4630,153,852,23845,634,49870,14510,14562,1091,1388,8761
36140,753,7951,2504,627,257,2853,708,2168.4,8918,7967,1963,4093,5955
273328,11564,8802,3979,270,693,8361,1685,54665.6,19262,3697,132,2625,3825
437709,105155,106824,5037,891,929,44976,1400,87541.8,11253,6919,515,3442,5650
447364,88747,33314,5016,959,169,42552,751,89472.8,18978,12921,413,1803,1255
165918,11202,19565,3958,635,460,13155,1336,19910.16,17564,7758,1128,4541,7567
121361,3685,27617,1284,368,836,8757,1301,14563.32,15441,7696,1971,2701,3295
163267,24661,25609,1598,843,650,9609,321,19592.04,16405,5975,224,4809,7497
277750,42637,44233,4044,427,796,40123,1960,55550,19051,14591,1263,262,9964
407172,18366,85907,3580,406,110,27943,554,81434.4,18600,466,1767,1454,783
26555,4944,3333,4255,453,603,384,1057,1593.3,8007,3664,908,697,7879
100385,24276,19124,2953,192,219,14199,113,12046.2,6703,7112,1141,1614,8808
421906,80946,78253,3987,679,4,10837,1,84381.2,14982,4083,1553,1450,2269
330646,48239,62970,3262,859,531,19519,749,66129.2,12979,14058,415,369,2055
265658,75214,37669,3246,838,612,20560,758,53131.6,16316,12059,416,2227,4610
452065,41230,26272,3345,737,294,23307,1594,90413,14759,9594,825,1751,7091
167419,13888,11842,1159,842,457,16363,1059,20090.28,11553,4047,637,4801,5554
239797,68617,38476,2385,299,927,19640,1767,47959.4,6480,1806,1853,1932,4555
113844,23021,2082,3027,743,668,8429,1031,13661.28,14290,6892,1734,4888,9660
101321,9449,21036,676,159,961,7463,1184,12158.52,16918,6444,1933,4235,9010
321200,15657,26261,4771,941,894,11632,800,64240,6192,11931,1639,699,2855
204923,35059,20970,4990,361,512,22826,1475,40984.6,4798,6988,111,795,9970
108234,1532,9795,3094,801,211,4832,1553,12988.08,6783,7571,1037,743,2821
484718,102666,45309,1365,409,118,10124,1599,96943.6,5578,13788,1801,3981,2662
237705,50805,33028,3982,531,384,27737,572,47541,7559,8859,1640,1272,7310
484634,81551,20180,2307,538,259,30135,82,96926.8,2699,14028,1978,1016,3757
211283,37756,46335,3501,889,398,2576,1033,42256.6,18380,2270,1523,1729,5498
313994,71880,33268,1351,485,174,34839,433,62798.8,2352,4992,1830,4411,3655
481761,106734,66551,928,154,413,19513,617,96352.2,17628,12814,1252,1894,2170
299987,74642,24489,2673,232,133,43471,1256,59997.4,16516,6920,1709,2124,7987
334464,34206,59398,5928,155,101,44009,1245,66892.8,12033,7264,1937,4618,4055
39793,3016,7664,4274,301,384,4284,789,2387.58,10668,858,402,3433,3743
442732,113123,102267,1483,884,454,36303,1574,88546.4,11618,14281,106,4739,3237
158929,9652,11866,5141,330,61,6365,869,19071.48,17540,12371,1828,2739,4918
29627,8166,4055,1577,924,959,352,320,1777.62,13320,14449,1262,2606,9090
333966,6389,80808,2251,927,900,3122,797,66793.2,12661,736,1026,633,2479
487317,87897,120823,4221,316,565,5207,1668,97463.4,3069,2627,1783,3010,8930
232633,35847,32161,3724,619,816,30941,1778,46526.6,2861,14455,950,4979,5516
455464,104599,67635,1625,227,6,47591,878,91092.8,2085,6322,646,3288,9343
327942,79239,71922,1471,561,867,18415,1305,65588.4,8890,9241,326,4502,5358
234440,18642,5338,4616,703,514,4044,1143,46888,18326,10565,756,720,9769
185188,41326,8300,4069,723,331,12388,62,22222.56,17228,14182,1587,3517,4345
347462,36509,60766,2171,530,378,37388,1709,69492.4,4641,12929,437,1076,7566
376330,79417,21400,3931,939,444,1170,1566,75266,12053,5124,1061,2398,2811
268191,49237,24641,2610,462,334,15505,1766,53638.2,13356,2291,574,653,3803
360046,15414,52233,2643,544,467,5640,1192,72009.2,8020,11100,831,3374,6802
431773,63176,69833,3686,692,936,59472,651,86354.6,17521,9774,1399,1553,4552
343478,79865,19332,3367,153,660,37685,1296,68695.6,16528,12686,5,1346,4524
478379,117181,106709,2639,258,287,26181,657,95675.8,7265,1876,1737,1132,5151
378863,62059,15201,983,242,11,40074,705,75772.6,9421,6043,639,4834,4411
133099,22831,12810,1175,248,996,14262,368,15971.88,17130,9044,307,252,5201
219074,41091,7988,1354,341,103,11125,471,43814.8,16822,4603,1657,918,6825
183686,7588,40327,4053,482,622,5801,1883,22042.32,14754,8163,1145,3166,8567
284864,903,19579,2902,361,262,24647,755,56972.8,8588,7724,171,3515,5336
329752,54235,21483,4314,744,434,2292,1318,65950.4,11077,11552,1443,2236,2961
117449,17610,503,648,356,172,14977,1097,14093.88,5977,12151,932,4752,454
112828,33457,5344,4614,776,606,9425,878,13539.36,6075,7732,1343,2171,215
136613,21527,8947,1322,913,320,16577,928,16393.56,10254,12961,1270,3930,2082
82095,4782,9533,749,722,955,11774,983,4925.7,14302,14771,943,1800,4629
115924,29011,14808,803,505,714,13839,1482,13910.88,3777,10664,1818,4255,2970
487910,97540,40916,385,402,44,70733,647,97582,6030,4655,1644,1380,1409
106452,20765,14155,3622,740,545,7188,602,12774.24,13254,10863,1216,1271,7996
97593,24064,22394,5684,345,210,13958,1561,5855.58,15527,5310,1920,4403,714
176964,49581,15193,822,411,906,8436,1611,21235.68,16085,3325,431,1485,9625
379119,28702,66917,3451,471,736,3466,546,75823.8,19199,4962,1876,949,3462
349386,85701,7012,3992,569,416,11959,1848,69877.2,11742,2582,164,4117,7780
388185,8631,15213,2808,647,263,48811,206,77637,16593,13386,1274,2919,338
136202,21852,27563,929,481,300,5212,788,16344.24,8856,6438,1371,812,5358
87606,4507,15212,317,445,455,8120,1188,5256.36,13705,514,48,283,3904
133769,527,30124,1568,385,225,5945,123,16052.28,5069,8879,1334,4162,4560
128542,28981,27420,1476,830,103,6319,1757,15425.04,10618,13886,1062,493,3401
378582,35764,46576,1932,156,986,45245,1924,75716.4,15552,11327,163,3621,912
273068,50513,10711,4895,683,220,27430,272,54613.6,7093,13529,1217,1638,7410
61322,14772,13882,4853,221,333,615,1405,3679.32,7221,7172,1473,5,3324
167550,33471,9515,4069,649,417,20547,473,20106,3304,11076,1091,1677,7601
81042,662,20193,3913,767,300,5274,353,4862.52,13688,4083,1793,1491,5700
56418,9114,11939,414,288,634,1531,96,3385.08,12868,9078,832,3378,5378
465433,71792,67667,1052,535,484,20945,81,93086.6,16880,2191,1008,4073,6336
110699,28432,2424,5164,691,960,16187,536,13283.88,5947,6564,1639,4950,4405
100140,8367,11576,2700,473,456,6571,1384,12016.8,15328,3127,273,2124,7347
484062,111764,63092,2170,750,435,10681,1084,96812.4,5078,1644,680,4651,5141
476978,8573,87359,2888,814,393,47827,1117,95395.6,9098,12524,865,2797,986
21781,5378,2251,621,222,733,1149,1828,1306.86,9706,7696,1754,1068,9248
408731,65296,54626,4621,989,42,20090,979,81746.2,12510,10356,1146,3442,6272
389502,13500,9200,4127,538,209,5155,364,77900.4,12309,12133,739,456,9347
308277,65841,50469,4756,387,848,23789,961,61655.4,16572,14255,502,1647,459
485724,21881,23031,5950,471,965,61572,757,97144.8,18580,3219,1190,1797,5996
107628,4697,3216,1133,490,10,13179,1676,12915.36,11729,7739,1689,347,2035
86946,18774,12826,4507,912,215,5346,888,5216.76,11322,4164,1482,1414,5113
95058,26779,16,511,454,163,13714,1788,5703.48,9313,1712,615,2258,6614
412311,62151,102974,1556,157,224,29067,1319,82462.2,18752,8290,1538,2398,6378
491799,138294,26378,5343,356,736,47358,681,98359.8,17485,9415,688,1070,6155
161542,7933,35391,458,560,245,15291,851,19385.04,11008,2150,1051,1515,7353
315273,83385,31734,2919,407,657,16466,1861,63054.6,3491,6548,143,4512,4720
280675,78437,14450,1647,945,702,37704,1994,56135,13730,2518,482,533,7980
309182,6940,1473,3464,800,772,2074,749,61836.4,19103,14717,1146,2626,4384
360083,84590,25525,5667,195,798,24121,1944,72016.6,4762,1932,115,4848,7316
52674,8095,12188,3512,275,15,4474,169,3160.44,13579,6129,21,1740,7030
137572,4544,30110,1210,170,193,10116,905,16508.64,10987,830,335,487,1272
235730,54812,35504,2751,319,8,31112,862,47146,5207,11013,1632,76,3047
485692,119090,119786,4103,693,513,636,298,97138.4,4503,10720,332,3083,7770
301975,25444,1946,703,565,292,799,707,60395,7782,3283,1072,2052,9265
67174,1617,15740,2141,604,83,4012,1919,4030.44,15291,6328,1532,2764,6144
283423,3333,44651,2948,811,954,27131,856,56684.6,12367,11728,283,2486,5314
441436,40002,37269,1990,355,208,49434,667,88287.2,11594,6636,1259,2686,4631
332754,63620,77154,3785,482,57,20693,919,66550.8,3987,6480,1423,1867,9362
455935,131583,90272,5859,170,984,55825,1634,91187,16759,12684,63,2889,2961
266008,37850,38682,1556,951,850,33384,808,53201.6,19198,10110,1211,1550,3167
63051,16636,5671,4588,799,511,3230,1340,3783.06,16263,6133,1217,1601,208
213085,20517,24601,5518,214,617,2088,891,42617,9347,8846,1049,2341,102
328796,31786,32850,3484,726,647,20257,1668,65759.2,14511,8304,1193,2272,7571
75524,8820,8364,1942,237,819,7672,1888,4531.44,12487,5414,1410,4193,7123
486152,36244,50150,3652,984,330,53766,1674,97230.4,9421,3507,1643,1326,310
278614,74714,5804,5395,628,460,25604,263,55722.8,17678,4302,276,1753,2354
470814,67261,85061,822,192,588,66580,1684,94162.8,6018,6732,1823,751,8543
445014,18477,52034,4745,290,968,45297,479,89002.8,19358,10363,1016,4092,4299
325617,46533,45061,2244,523,324,29602,959,65123.4,3861,7492,1733,3687,9115
423096,34469,27419,3871,665,209,30825,1284,84619.2,2648,13164,196,4365,4569
241189,8496,23746,1860,649,743,1666,1569,48237.8,17197,14339,23,2039,3973
54439,5834,12812,5047,428,124,2464,520,3266.34,19960,5611,1278,1678,1284
286452,12270,67581,5030,475,691,37,805,57290.4,4599,9378,576,1186,7368
101563,10472,25336,3894,567,461,4431,1066,12187.56,6879,712,790,3230,8155
237328,20724,49356,892,702,289,21391,1119,47465.6,13288,9921,591,1736,3893
307225,30416,45952,4193,751,213,27992,1417,61445,2137,917,7,4082,8637
216314,35575,30460,2968,917,431,28521,523,43262.8,17261,6787,556,1829,8640
453599,76614,47143,5627,457,96,56390,1378,90719.8,4056,12963,472,2430,67
19837,0,3102,4202,806,919,263,998,1190.22,3831,11248,365,4310,9082
245207,73108,59379,1055,456,248,22911,401,49041.4,7894,3720,1674,4888,9063
455367,127192,34320,1599,972,502,38654,1494,91073.4,11075,9295,1592,4212,9140
128128,19359,7816,796,619,732,5105,651,15375.36,12111,9396,1035,3463,9748
177896,8698,32575,5168,333,524,1621,1310,21347.52,14207,240,1095,4519,6097
174145,4856,33592,2721,780,504,18137,1802,20897.4,16704,8310,905,4869,9811
384795,93063,36516,1898,774,817,25137,1889,76959,9678,14914,62,4176,95
107624,6724,5578,4579,440,90,14808,282,12914.88,19040,6194,1186,2655,6810
496864,43634,120600,4427,398,704,52734,532,99372.8,17982,4129,549,1210,9542
429515,117255,103501,4678,473,710,50309,895,85903,5024,6251,1300,133,9644
199933,42864,41798,5231,592,771,5508,1993,23991.96,13807,14628,1586,3788,9053
40063,4587,4695,5851,753,575,1765,268,2403.78,17446,3375,913,586,8534
79453,4922,18345,3890,208,841,4156,761,4767.18,5743,14900,401,2909,7196
264371,37814,65326,5081,418,743,5861,1580,52874.2,18455,5560,1529,214,5240
471688,56630,73131,761,467,738,44501,1710,94337.6,7653,3531,1913,2362,9696
112166,21658,424,5266,243,166,11448,1304,13459.92,19133,12745,665,2164,5713
24506,1100,3310,667,403,250,3274,1100,1470.36,18054,9381,1555,317,3354
235413,15797,3051,3005,836,446,14265,1768,47082.6,2952,6134,792,4059,3061
483070,58799,101209,3623,609,185,17429,1855,96614,8279,13403,1502,70,2462
123604,32806,26713,465,664,248,8015,709,14832.48,15357,4325,1233,4702,7913
36026,3084,2694,3986,682,783,2857,1378,2161.56,6612,9497,463,3312,2311
430888,6265,69131,4382,253,986,33870,1278,86177.6,6122,6629,244,3434,3708
441633,125611,1267,3347,982,339,40071,1691,88326.6,8026,6197,428,1045,962
324557,72134,65957,2028,551,445,24962,1939,64911.4,7171,554,1271,2085,162
265116,53494,62645,4997,930,137,17996,979,53023.2,2073,9729,953,653,330
337210,52268,19650,3969,482,108,36123,424,67442,14777,2058,785,1797,9971
200285,49916,7017,3474,870,829,10568,1027,40057,13718,8926,47,4333,1007
60971,14306,9849,2473,757,416,2507,83,3658.26,13511,11458,13,3964,7274
430497,64006,89049,337,242,966,18584,1732,86099.4,13830,13428,390,3984,3485
123978,11885,29685,4743,706,425,10964,213,14877.36,11551,13917,1787,3091,9124
169163,44145,41644,5632,723,43,22194,791,20299.56,19661,14840,677,1849,8847
322638,43826,67762,2321,691,941,8998,656,64527.6,12910,6718,1136,3569,5389
113864,7443,4388,1033,931,341,14822,900,13663.68,19511,452,1087,3188,3526
421826,97375,67958,4821,586,848,20167,56,84365.2,2602,10359,1308,4762,4724
404295,116005,39994,5666,159,200,48101,1177,80859,12087,5894,1110,3559,7264
105386,17084,9269,947,605,377,11221,1635,12646.32,18324,13303,494,516,9983
449967,89447,77713,3602,564,103,20470,1735,89993.4,19908,7411,745,4160,2221
96126,4383,12032,619,667,457,11187,968,5767.56,11898,12026,248,4752,2052
458648,92313,109812,4907,524,995,34867,400,91729.6,3166,7557,1648,2212,8748
172023,34361,7316,2853,680,990,10834,951,20642.76,11952,11191,1249,3330,6700
90863,14758,2843,3478,673,414,10580,1543,5451.78,6292,8086,1206,936,9212
350435,61331,28015,2022,522,900,14860,1983,70087,13928,13380,80,2292,7995
135659,29521,4111,2056,853,631,7898,964,16279.08,16857,6896,1964,3807,654
200944,20529,45231,3978,764,401,28688,521,40188.8,2962,7831,1810,4675,8571
17235,0,1903,4078,911,389,241,1969,1034.1,11244,13154,385,2967,8745
354877,88627,49577,2815,905,361,15699,1659,70975.4,11180,12967,1116,1884,2433
72712,7026,2401,5935,999,433,5789,1974,4362.72,8698,2857,1729,2478,8663
162545,31381,29415,4147,588,382,3749,269,19505.4,18471,14592,465,4089,3740
208639,35380,15685,1237,344,27,4746,1882,41727.8,10664,11633,486,4600,8796
247890,30932,15963,1064,414,106,12581,1562,49578,14398,5075,105,4478,724
135849,1908,29698,952,656,791,17817,1535,16301.88,16192,9881,1635,3583,152
265493,30358,62415,4380,795,964,39270,516,53098.6,16454,13337,35,4427,9621
89823,18174,16427,3902,575,539,12960,846,5389.38,10042,4867,695,838,3261
114215,15496,22682,2429,838,185,9631,411,13705.8,2246,9163,148,1162,9599
251071,2928,21426,4876,248,194,37045,1668,50214.2,4878,5801,1760,4865,3256
42230,9280,1559,4264,179,145,2968,1365,2533.8,8131,11886,574,1296,1278
356717,40449,71571,4911,440,771,37655,139,71343.4,6494,7770,385,124,2359
233660,26957,7071,486,724,871,8103,1001,46732,2325,10290,1406,2080,1419
472092,70499,20578,445,636,688,13013,263,94418.4,15503,7284,201,4396,4822
312788,93057,28842,5401,555,127,23891,1850,62557.6,14639,13572,654,77,2298
189736,32615,16531,4547,177,895,4448,448,22768.32,2810,12731,445,2352,6044
317347,21695,2170,1686,295,105,8668,1250,63469.4,10595,10854,1291,1129,3131
338821,74893,7297,4488,437,415,28141,1083,67764.2,8780,7544,258,2579,7236
428641,63123,4163,2887,730,351,58662,1103,85728.2,8845,11110,253,4206,7620
133246,25176,24448,2996,401,382,5194,1078,15989.52,16658,2801,1923,4276,6303
94817,18409,3616,4312,311,722,14165,605,5689.02,10089,3291,1288,2412,1718
248657,56967,38173,4997,259,348,5350,426,49731.4,9133,9527,429,1671,4695
227033,987,31748,348,793,480,5696,1576,45406.6,3438,923,1577,2800,3712
241414,54462,56437,3629,547,833,32014,521,48282.8,13075,11047,713,4260,9534
266812,67501,28299,3889,420,313,36425,225,53362.4,5384,11995,1054,483,2427
341950,96854,41119,2888,337,522,42248,115,68390,2663,1239,1188,4400,2756
314958,26015,77093,3781,681,878,33036,970,62991.6,12176,2754,778,451,554
80219,14046,5880,1074,425,992,2935,1363,4813.14,2732,11520,1724,3101,6100
452862,66404,14096,4941,838,359,25597,1130,90572.4,2805,3546,282,1843,1146
180956,51215,33781,5859,760,320,89,1542,21714.72,10072,7078,941,821,1035
367489,50281,74279,1560,396,383,34693,532,73497.8,15737,11476,69,1587,9179
267134,37146,7391,949,473,16,29031,1787,53426.8,6068,8126,1258,4970,2762
372232,48231,74891,3739,167,369,13611,330,74446.4,13345,3803,1117,1193,4220
341466,29032,62830,3348,557,847,30108,100,68293.2,13527,2610,298,3842,4389
31650,5154,5247,2323,560,65,3247,1238,1899,14518,3603,812,2398,8482
366386,88176,40286,1380,950,885,17532,555,73277.2,7301,3704,1937,527,5359
412406,121139,71826,4570,274,112,29398,222,82481.2,9018,1462,817,1740,4367
310340,18318,37595,5633,469,643,16241,1233,62068,5298,5729,1285,2118,996
180521,13246,32827,2374,302,415,9794,1367,21662.52,19111,10986,140,3681,5823
180733,33844,26209,5538,730,70,5297,1749,21687.96,13763,13680,1253,3625,1247
301853,32602,73396,4542,807,924,26378,1828,60370.6,13212,7761,779,1994,1087
252037,21584,13425,5263,706,60,8196,750,50407.4,6958,4627,1286,633,2639
90428,18023,13806,2612,169,443,5932,427,5425.68,6023,5309,653,1759,4960
216251,15169,47718,3774,952,968,30409,1088,43250.2,14188,13791,1736,3180,679
19943,0,335,2605,396,313,2164,1277,1196.58,3833,7568,1122,3571,7480
184312,6385,25406,3560,539,482,3061,881,22117.44,18133,9407,302,1312,8868
448976,122684,34360,3174,496,243,8015,517,89795.2,14290,5132,1286,4958,3302
31042,703,4380,5138,625,820,3550,293,1862.52,13593,7526,550,2394,9084
262842,25444,38865,5918,352,516,3542,220,52568.4,7667,1661,1719,2918,2633
316038,62497,6458,5105,158,369,1373,426,63207.6,15495,3585,212,1766,399
410085,5362,9151,3610,841,316,4839,312,82017,12419,2345,402,3069,4151
464294,99254,54869,1650,817,20,53331,1738,92858.8,15751,6147,1658,1578,9514
328903,8250,72024,1393,680,697,11490,1487,65780.6,17754,14388,1306,2478,8062
378117,68354,24541,4076,252,720,49604,581,75623.4,16720,14546,1084,339,4657
316450,36368,21803,3396,395,230,32190,1600,63290,12236,14096,1601,4135,8250
380513,44109,43183,2154,746,525,29806,251,76102.6,17471,6557,819,2487,8275
196443,15053,44776,2566,468,863,24898,694,23573.16,12885,6383,1019,3559,2956
161990,27426,24718,860,500,590,20398,1135,19438.8,4010,12926,439,3384,6546
300523,39023,11170,5287,383,468,6049,1787,60104.6,10855,10870,909,4768,7275
392811,59267,82966,4992,796,693,48651,1314,78562.2,10519,11427,356,2235,1009
494026,109211,47284,4845,186,77,22042,279,98805.2,16743,644,1824,3144,7529
224304,59225,9260,2683,494,808,25704,293,44860.8,14876,1943,107,3302,5065
406178,16007,7636,2125,753,783,25685,1538,81235.6,10456,14097,139,33,3363
154923,14241,36955,5645,441,562,18934,178,18590.76,19850,233,242,3555,4658
389770,44858,36108,5569,166,768,8697,188,77954,10445,261,1364,3659,7025
448963,90042,104481,1983,239,807,39796,167,89792.6,11285,9494,605,3427,6063
397324,83098,15941,1498,497,529,25755,53,79464.8,7654,11417,341,3666,2074
324493,20239,68971,1309,826,289,33263,1601,64898.6,3236,5492,1857,1254,9525
211904,62969,28355,2071,593,217,5036,1650,42380.8,12000,6950,988,1684,5019
197428,13065,7300,2007,402,956,23521,315,23691.36,18993,3788,1687,2795,9667
155817,45415,22183,4835,966,99,385,270,18698.04,3218,14842,223,176,3847
15730,0,965,5704,742,148,1672,725,943.8,15065,552,1196,634,1308
417137,38805,7444,2572,333,384,11726,1453,83427.4,6294,1281,715,1495,742
239502,18443,25755,2912,439,154,7280,1645,47900.4,18738,2370,758,2191,1939
212210,9290,43394,4641,910,946,18280,182,42442,4223,1828,1206,209,3590
224183,211,23062,1842,364,394,28430,1283,44836.6,16907,4298,1022,3403,9481
29023,1714,6343,1537,307,375,3517,23,1741.38,4840,13777,1914,1274,6760
448565,19072,14610,3275,840,101,29594,850,89713,12060,9206,1478,2289,2125
136796,19650,500,2024,542,626,810,1117,16415.52,14920,12263,1588,2612,2442
353677,15115,4554,5348,169,781,50034,255,70735.4,10358,4160,961,2902,9938
355430,5149,25545,2563,620,91,25978,1237,71086,5626,11511,871,1199,7220
314123,41992,50139,582,580,950,3794,1894,62824.6,8701,10338,1810,4388,4818
294981,17716,61971,2920,808,410,5307,1519,58996.2,17576,452,690,1068,2604
418213,97724,46059,3586,217,405,58241,1063,83642.6,7418,3819,1873,4810,1122
377119,13621,6771,471,226,20,26980,794,75423.8,19510,13599,1121,4738,7099
491819,137892,83035,5640,251,631,64752,1486,98363.8,18469,4605,1661,2437,9295
186111,47529,3932,3756,801,407,8121,435,22333.32,5777,731,1217,3461,3573
30923,5891,1479,5514,734,18,1216,1572,1855.38,16178,10058,556,3660,2619
281020,30399,37202,2182,356,535,5229,1013,56204,17585,396,383,2204,4352
333117,14002,27700,2575,362,537,2955,1792,66623.4,5572,5706,1381,1976,8045
406103,43098,3567,2921,228,152,28598,1739,81220.6,4714,9327,423,4874,1779
204795,45511,1658,900,262,300,16345,904,40959,7969,3522,1746,3873,5408
314566,53243,42836,4090,914,875,2953,1234,62913.2,4926,12291,389,4318,1045
243462,28750,46929,2323,282,412,5184,1937,48692.4,17679,10381,946,3819,8002
61413,17310,7944,766,346,201,1088,122,3684.78,19431,8854,1704,2171,7362
374628,55398,26627,4250,174,138,33084,806,74925.6,7593,9794,942,2852,1482
406057,82542,38568,4189,621,791,12010,1482,81211.4,12035,1933,1168,4642,8746
265719,75207,20760,4692,762,23,6238,1994,53143.8,11433,8414,918,3974,62
38756,3037,8017,2892,906,11,4554,285,2325.36,14783,2947,551,2932,9579
343720,44345,35583,1319,692,134,46788,1299,68744,5173,10213,1864,3459,5413
128248,27894,970,1847,439,935,394,243,15389.76,2029,3438,1533,3340,2740
282448,51843,24204,5056,405,80,38083,761,56489.6,5854,11631,420,4111,1759
40341,10222,5512,5049,355,354,1573,142,2420.46,8346,9975,1893,4608,604
407974,89322,98511,5197,624,69,17446,1784,81594.8,19107,9628,1108,1057,9685
420226,31509,16643,4736,217,203,59540,319,84045.2,14440,1012,697,4449,3016
137039,386,5025,1003,364,590,18807,1398,16444.68,16749,12524,916,3039,6537
201830,1634,37126,1152,783,991,26989,1944,40366,19959,8797,922,142,2486
172730,40878,16888,605,571,278,20935,432,20727.6,4490,3323,906,976,8077
190074,4133,45258,3878,707,710,4371,1602,22808.88,7712,14281,1574,336,5628
244390,38349,34527,2233,730,378,3581,121,48878,19510,9429,1757,1826,4454
142447,34735,23898,2087,688,293,13549,1258,17093.64,16011,8921,1726,4788,4934
109485,21952,14301,4087,832,414,6548,793,13138.2,13471,7481,1051,2423,359
294236,21529,56912,1173,906,796,4258,428,58847.2,6203,9593,851,2020,4919
141562,5767,3794,1881,611,427,9834,731,16987.44,5405,13270,174,588,9677
13729,0,2410,4257,604,155,799,1149,0,9736,7148,1260,1536,3384
147046,18383,12332,4890,450,587,6947,773,17645.52,6728,12873,558,560,9597
128222,4901,6970,3632,935,730,7236,749,15386.64,17285,8510,1133,1356,3087
357360,42889,9593,1985,437,835,37996,1567,71472,6692,2098,485,343,3816
93860,14633,22669,1905,910,276,12467,202,5631.6,6521,12315,1411,1379,5780
268360,62244,11036,5933,151,264,30851,1996,53672,13841,5649,1212,2948,1866
369014,19163,79908,1195,169,48,34310,1296,73802.8,13845,12044,1297,845,5441
31398,6192,4012,5563,626,609,2899,1197,1883.88,16568,10471,1713,3653,4295
306794,83597,19351,3563,640,292,26610,820,61358.8,2754,12425,1531,3457,6255
424508,45101,95863,3724,955,20,34246,237,84901.6,15578,5043,604,4460,4519
113889,11548,25645,4153,406,443,9623,1891,13666.68,8659,13824,1955,1270,7727
275303,15115,18059,2646,602,534,25032,1923,55060.6,16926,2493,1626,497,4037
370306,75379,27188,3831,587,471,21394,461,74061.2,5801,6660,244,4931,2725
465982,39979,98591,2774,910,137,44024,109,93196.4,16059,11212,512,2915,326
235959,40641,49937,2161,547,229,20435,411,47191.8,4531,5148,34,3066,8728
112834,3841,2316,3063,302,837,1138,70,13540.08,17024,13303,260,1620,8770
420281,121786,81795,5152,798,404,51697,1679,84056.2,3265,12783,1651,3152,4089
31638,6416,2838,330,371,356,1360,717,1898.28,16741,2315,1285,2647,4500
273217,10633,11829,4307,872,540,14794,1380,54643.4,9844,9255,1083,1121,5997
449727,128785,73673,3755,850,826,24631,422,89945.4,10369,4267,99,2005,9641
225379,594,24502,542,585,935,20903,240,45075.8,10862,8447,1668,678,8783
242069,14393,27204,5081,893,20,11628,1626,48413.8,2811,4171,1259,2518,8511
39320,2612,1265,5836,285,853,1959,669,2359.2,13239,7000,671,2314,2901
473092,130364,35751,1798,677,610,30057,718,94618.4,10522,6395,1958,1759,9340
44924,1496,5901,5811,775,574,2129,1592,2695.44,5555,2884,1278,1390,6876
222792,4861,24315,5808,925,813,23088,1591,44558.4,8696,7281,748,1507,5835
443950,103070,47457,4968,428,644,38959,678,88790,13779,9832,606,2626,5749
340260,36126,46875,5827,734,526,5765,126,68052,12097,13469,39,3759,4525
181097,14846,40911,5608,885,104,24813,425,21731.64,9437,2009,1260,3687,1066
497719,18228,106334,3722,634,622,35807,1553,99543.8,2173,13922,1259,3879,9022
12159,0,70,4303,695,850,1405,1098,0,10283,12615,809,1295,1689
58940,94,13122,1959,394,335,8580,277,3536.4,4557,7318,73,1183,8905
89436,8684,10652,3528,899,423,11598,493,5366.16,9039,5764,734,4963,3864
480192,80636,33379,898,167,622,65391,387,96038.4,18982,14560,903,2277,8280
24678,3069,3523,2495,705,874,186,770,1480.68,7664,260,858,3685,7786
202147,32917,27152,369,292,854,15479,1980,40429.4,4184,3607,28,4593,9859
450420,54486,70960,1693,650,3,27319,535,90084,4725,8779,1467,3623,1286
415237,90510,75475,3959,676,468,3428,1485,83047.4,7713,4966,845,2253,2437
147844,31129,30253,1949,242,663,7758,307,17741.28,19725,14274,1046,198,1961
77163,14466,1628,5934,532,553,11426,1602,4629.78,14673,5095,515,2369,4523
251040,62294,13176,2581,428,886,30727,1146,50208,9300,863,243,2407,2708
214827,63635,7907,3982,876,537,23138,286,42965.4,8515,6658,545,457,7564
164536,20860,3372,2983,598,873,3388,1076,19744.32,7287,14396,616,3558,5660
61137,7276,11188,4862,910,193,5069,444,3668.22,16287,10019,1701,901,6276
433448,66087,24592,4952,732,359,19318,1144,86689.6,7933,1426,1852,3208,997
333641,8486,13102,5289,770,519,20755,1721,66728.2,6588,2447,26,4248,7519
477240,49607,108093,5231,437,72,48069,1442,95448,14048,2952,1106,4405,7791
110485,9745,25642,1610,625,961,15831,1822,13258.2,3767,10301,158,3522,2576
250970,18330,3139,5013,821,77,6934,1976,50194,11580,3145,1922,4547,4494
454664,120803,77179,5713,950,659,6859,1779,90932.8,18583,14428,1500,2315,7886
115468,24829,18643,5900,320,833,16031,1099,13856.16,10703,8376,1868,901,5385
487733,43336,100554,4529,674,67,29148,905,97546.6,8641,2883,666,4297,8366
10901,0,2025,4403,521,866,1201,83,0,4732,6459,1194,359,584
97980,23507,8181,2375,881,694,2751,913,5878.8,12934,2202,955,1136,5141
379738,38921,82203,1082,542,333,40941,875,75947.6,19447,14193,1631,3997,6169
486813,6589,60332,4106,334,84,6503,1847,97362.6,8303,7333,1837,507,9506
275025,64409,30632,1633,659,495,17440,803,55005,8178,1724,1776,3817,2592
302007,15589,38493,4017,581,78,22044,306,60401.4,13071,3910,804,66,4617
252434,36375,48352,4936,984,550,25120,1468,50486.8,13662,2656,632,4723,1445
408838,43085,29408,1357,358,305,6243,1682,81767.6,12360,8956,194,2627,1658
404594,60840,89838,2354,949,19,39568,336,80918.8,15745,9808,1254,675,7058
486384,98704,87157,3701,478,581,49481,1895,97276.8,12655,12657,645,2328,4291
497063,97047,78755,5304,510,155,46144,1404,99412.6,15266,8635,1594,1031,1675
212258,22426,41562,2409,593,116,18553,1930,42451.6,5009,4067,1154,1304,3487
317345,30982,25939,3457,590,879,9770,516,63469,17867,4204,1018,3491,7962
261839,59720,46880,4096,518,938,35774,100,52367.8,16265,13572,499,1650,1620
331395,16746,36843,3948,255,449,30580,1964,66279,11217,6247,460,4430,4036
82572,3851,12778,1620,873,27,5840,99,4954.32,19916,11376,906,4283,6482
49255,3412,6162,4717,474,886,7145,172,2955.3,2527,2322,26,4908,3059
73212,10498,7636,3999,381,609,2523,1455,4392.72,13526,9920,244,1764,3590
322354,62798,58144,1032,874,973,19299,1131,64470.8,9190,569,129,558,9549
397773,98388,58103,5814,986,328,13497,781,79554.6,17616,11676,1343,3761,7880
32499,1824,8002,5776,857,662,1772,1908,1949.94,2627,2373,1255,849,1060
112552,15930,13453,3933,398,363,13922,27,13506.24,4116,9567,1195,2089,1329
454844,110853,30158,3849,466,418,64490,756,90968.8,18012,12040,1611,2225,1412
71360,10113,14633,5755,413,21,872,1288,4281.6,8707,10555,566,3,4655
407819,113436,12992,3962,878,260,15794,314,81563.8,14684,6943,1262,4405,264
496525,21159,110430,4944,652,59,23881,37,99305,10799,11985,1656,3688,2739
399610,95072,25390,5678,412,936,22388,1628,79922,17926,5799,1959,1708,8426
357617,89788,45858,904,831,412,45301,1176,71523.4,17921,13347,1355,4894,8525
153704,24003,16756,2022,565,162,8448,327,18444.48,2297,14120,1430,2425,9474
171679,40186,21971,2704,817,113,21301,47,20601.48,13764,11014,1727,1410,9907
101873,2371,7071,3782,219,353,4032,914,12224.76,17497,1821,1976,942,9883
75756,7068,13749,3112,383,195,3260,1665,4545.36,11736,4488,521,2050,842
450210,52452,84811,1881,581,44,8885,5,90042,16850,554,1012,476,9424
204454,22205,44751,2578,203,624,23826,1437,40890.8,7189,8449,290,4154,3153
473570,56955,6586,2650,319,904,13026,1084,94714,14957,5523,645,308,8912
328488,7464,19703,3923,185,178,23585,769,65697.6,18466,7871,1624,1423,664
456991,9840,92301,1014,983,781,13006,1458,91398.2,16278,3573,990,3250,468
410565,102616,76177,1224,408,492,49707,1362,82113,10332,7712,766,2201,4362
343298,40768,36735,3462,400,324,28532,1292,68659.6,17345,3555,181,4773,5806
37464,9461,822,4453,162,369,5609,816,2247.84,13915,12607,733,368,2994
445840,20927,98525,4829,820,567,6642,1780,89168,3831,5784,1403,3139,3495
131897,24398,12129,4378,690,878,13556,7,15827.64,8097,2455,1742,3440,9489
309488,15329,36656,2869,206,346,42237,776,61897.6,7515,8103,1005,242,530
93791,15791,13499,3115,310,778,5228,662,5627.46,2930,9218,834,2324,7310
165371,14372,10352,4878,586,925,9139,484,19844.52,4288,7860,81,680,5706
189047,48703,19654,4762,927,114,20964,711,22685.64,4671,9163,631,3514,6283
142534,27354,10117,1188,379,356,4373,328,17104.08,7420,14134,1847,2136,6946
392353,48469,86613,3778,980,166,14060,1423,78470.6,17500,5955,1360,2284,8739
91441,11250,12772,3889,990,353,13340,399,5486.46,19404,880,59,2359,756
362600,87073,69529,5750,342,114,397,779,72520,14033,771,781,189,5361
353932,34370,18982,2023,769,407,49373,1752,70786.4,16189,1541,1709,728,6539
247612,51408,34434,1558,506,591,34545,1912,49522.4,4953,11986,783,14,5263
443797,90941,81848,710,501,825,31117,1418,88759.4,6882,2779,1394,3265,3291
241444,23703,44041,2530,407,797,16277,337,48288.8,12453,4430,1306,765,1323
474505,138604,79874,3494,771,919,22112,1932,94901,8935,550,1770,3828,9123
286319,35416,30173,2505,791,322,12630,418,57263.8,17833,13061,420,4555,1466
147263,6903,26690,2360,784,540,17158,1233,17671.56,8276,5950,992,3238,1437
355578,18242,27328,4198,777,41,33107,1386,71115.6,10097,14343,1084,831,7183
94518,17486,11360,2913,891,459,6,989,5671.08,17423,2891,1909,1269,3919
221230,35249,50706,2112,442,118,1296,1194,44246,11739,4495,1427,3768,6768
338681,100124,22625,2102,535,573,287,100,67736.2,14922,6586,792,4078,595
387865,95049,44894,4206,894,666,50044,413,77573,7484,13653,1201,2366,124
57645,10271,87,977,978,796,6990,571,3458.7,5180,3520,569,4181,5854
249608,32294,39883,3210,383,449,33337,322,49921.6,18570,11293,589,214,9429
33283,3684,2703,5013,445,440,4718,28,1996.98,7471,8030,420,3606,5926
359115,23795,76687,2551,852,188,25218,1688,71823,16541,2080,132,2891,633
364903,60301,51570,3304,686,284,52824,1601,72980.6,2046,6123,821,2745,1521
200195,3651,26998,1094,528,103,28656,750,40039,16434,9404,1828,1549,9657
112780,10431,4147,1028,827,568,14815,1028,13533.6,16840,5816,1353,3355,3394
433240,75667,65524,1993,954,456,56143,1659,86648,5037,10529,1033,2308,8110
452846,89627,34515,5034,359,310,39541,606,90569.2,5305,10207,1288,4035,1883
302878,90381,73768,490,688,883,18935,516,60575.6,17262,5340,1869,4151,6986
10515,0,2138,5294,327,683,109,1108,0,19997,7430,1312,509,585
382926,55372,49190,2296,705,383,36418,239,76585.2,15264,12790,1431,1688,5203
338871,70366,76812,2407,221,667,3219,1072,67774.2,8360,4620,1093,3482,8798
238872,47387,56195,4166,657,164,731,25,47774.4,11892,13270,1530,443,5682
381308,52927,64108,1789,371,406,45269,838,76261.6,10145,10342,1080,2670,428
318360,9304,18535,5798,972,844,11235,413,63672,11628,1953,537,4058,2479
343977,17032,43050,5848,377,580,22077,1121,68795.4,2112,14795,678,2310,630
68755,14585,208,2409,990,991,8759,1435,4125.3,6241,7238,171,3391,5013
37856,10334,599,937,382,475,3048,1917,2271.36,17443,12107,319,1391,1105
83870,16,3709,4345,417,57,5556,1293,5032.2,14028,1395,1518,4451,9227
427378,73844,24110,5394,403,718,23488,273,85475.6,12775,825,431,3997,44
147080,29654,5723,5924,824,983,9549,1336,17649.6,16523,8836,1218,476,2651
280131,39244,55704,4458,155,415,30124,1259,56026.2,12350,7558,1071,4763,9662
465748,137014,108072,3119,196,596,29518,1232,93149.6,2055,8474,1575,2087,4287
106502,17929,10316,4411,556,836,7263,1048,12780.24,2580,353,173,3034,683
406548,2693,22622,1141,729,612,47761,1861,81309.6,5545,8825,351,3028,3854
76323,15562,18792,4251,403,803,1071,644,4579.38,14817,4712,985,4450,9616
442206,6259,59921,5520,598,250,57125,180,88441.2,14003,8267,1794,4410,7754
282017,4942,21162,4358,208,219,7445,596,56403.4,14736,12160,1995,1811,3388
223614,47419,28833,3547,542,159,22396,245,44722.8,9561,7606,397,4542,2969
488977,102092,17206,1516,780,186,41083,1574,97795.4,12128,6149,764,2760,6556
177516,371,24501,1198,847,895,22727,762,21301.92,15474,14637,722,162,8947
438556,23404,75827,5886,709,955,65610,440,87711.2,3667,10271,259,4409,9304
115219,7120,20967,2522,340,598,1988,625,13826.28,10410,14502,1790,3312,7171
15033,0,3602,1557,414,463,156,467,901.98,11083,4457,651,884,5673
345468,100965,77195,1814,833,497,31031,1802,69093.6,6426,9033,994,2708,151
287833,56332,55387,716,707,329,40055,964,57566.6,7258,4594,1534,1322,8180
119756,25040,25226,5952,292,348,3083,1637,14370.72,13778,2575,373,2263,7770
490350,103182,106287,4846,395,499,48934,998,98070,8647,9848,1786,2176,1746
498455,111395,6500,3183,365,666,44939,738,99691,15667,8924,1942,926,4456
272210,73844,1634,4126,586,866,13856,765,54442,2843,8019,1263,2622,4062
124159,34142,14059,4675,837,489,16127,226,14899.08,14299,7234,642,1453,2113
186318,44163,4814,4639,989,279,24658,760,22358.16,5511,8136,1026,3734,2111
17533,0,1167,974,625,854,692,1304,1051.98,8708,3779,636,4378,6599
483855,102281,4076,402,533,834,46307,1693,96771,3119,14961,1766,3115,9628
211224,28893,41158,2657,806,163,3065,513,42244.8,11327,13870,297,2221,8405
252653,9388,56110,4293,696,397,7954,211,50530.6,8034,3832,1272,3432,1309
387972,107292,38210,4327,564,67,35001,1059,77594.4,15358,10563,463,3343,2756
331802,62969,25931,4008,281,427,14164,548,66360.4,5765,9128,972,4058,6013
310642,36660,32007,4512,965,431,42744,769,62128.4,8397,2226,1170,4287,611
119028,23708,22744,1795,547,873,16255,1263,14283.36,15830,6516,155,4364,9345
283916,24726,30396,5158,656,374,5628,1387,56783.2,12071,2768,1317,433,6688
361529,79544,88619,3692,302,799,36936,430,72305.8,15617,13226,116,2175,8631
452252,131183,101809,3806,963,723,56338,1114,90450.4,16709,3939,1527,1463,6729
461747,115370,49954,3085,709,631,6308,1631,92349.4,3029,1641,1672,183,9056
260231,17545,56779,2534,317,912,35082,1210,52046.2,3504,2407,1719,135,5822
22940,2379,700,3959,839,988,1463,259,1376.4,2864,9534,109,4780,2827
390171,95773,66038,5180,924,696,21631,1754,78034.2,17038,1160,912,353,7394
26932,4988,4564,5888,756,422,3992,349,1615.92,12410,9262,1670,2933,2487
236377,41120,14262,4032,977,927,2914,706,47275.4,18873,288,1479,4116,6274
460043,17809,114445,5102,952,963,42301,45,92008.6,9127,4987,612,4748,5299
464647,27967,10605,5191,379,727,68237,876,92929.4,11733,11793,1651,4530,8719
34648,9748,7939,4868,852,641,4044,869,2078.88,6882,10889,1142,1027,5607
42966,7040,6032,3825,553,77,33,1955,2577.96,7935,10571,715,1979,8914
430993,86512,56558,3817,293,487,34913,1600,86198.6,5288,10007,53,3779,9674
265733,23914,37487,5077,825,169,7487,226,53146.6,17030,2310,539,3732,9389
173639,30067,40516,4489,680,37,12997,1591,20836.68,15754,10223,1407,929,8478
256331,19491,27543,5131,217,566,37479,1739,51266.2,12116,307,1473,2152,2048
420390,49454,96816,2829,247,950,34692,1570,84078,17467,8204,239,3412,5558
52598,4533,2870,2213,156,289,1857,1142,3155.88,18034,10111,255,131,541
200271,51925,4758,2757,964,557,24005,977,40054.2,5836,3934,1179,2367,4052
417014,89119,38736,5985,326,170,50033,1261,83402.8,19410,10011,24,847,1551
468580,37049,77195,1450,355,641,62652,1124,93716,2627,5706,253,3495,4263
420774,27821,65138,4158,448,675,6023,790,84154.8,14283,3655,1882,4614,9814
333228,95797,50250,4437,949,581,35670,1760,66645.6,7286,6664,98,1917,6519
185309,37536,40558,4436,378,291,9789,333,22237.08,12457,1205,718,2732,2841
206569,29945,9585,1810,780,917,26515,1530,41313.8,7841,14405,688,3879,462
141250,17384,27903,4270,419,580,15747,555,16950,8425,506,943,4372,1351
258004,28410,55604,4215,230,421,17629,0,51600.8,19358,12768,379,2965,2164
489222,77734,37039,3552,821,104,29203,730,97844.4,18055,8599,1250,2138,3527
27118,6422,4323,4049,337,565,1303,727,1627.08,12376,13296,942,3835,5379
32616,1718,2394,1043,849,405,2824,1985,1956.96,7452,9131,573,3785,9496
141870,7169,34806,3065,969,879,16499,1163,17024.4,6714,14157,416,4072,482
279745,40129,48745,4238,650,458,20884,1932,55949,14887,3859,491,334,9083
297507,3830,5461,2811,855,874,33064,922,59501.4,10188,9310,169,4718,3589
12795,0,1985,1373,636,247,1548,1299,0,11340,11061,598,2103,1846
107462,21404,1262,5827,921,926,2948,366,12895.44,5578,12653,538,1216,4808
448480,63867,5731,3517,637,308,18989,623,89696,5119,3148,229,2926,7207
375036,35650,21500,4693,627,372,22861,1778,75007.2,5261,13572,1915,2632,9289
344977,33766,75439,2492,852,105,24305,1889,68995.4,9790,2889,7,4774,680
275228,81478,33117,315,438,860,17478,1541,55045.6,18383,2250,189,3345,4953
368009,32419,31174,3853,255,314,46021,1927,73601.8,15808,14512,371,3399,3899
479862,16668,33208,5471,790,608,30778,1300,95972.4,12935,846,933,1837,5515
272875,16246,25960,406,758,853,29387,1638,54575,15171,6689,882,933,3341
142201,24996,10247,4614,725,944,5101,1940,17064.12,11891,1683,1027,2068,8600
169094,3065,30806,3268,789,538,1074,300,20291.28,19926,2681,1077,3023,2781
273749,10467,26038,4766,372,71,16399,1023,54749.8,15530,1155,1199,4141,7604
87506,17878,6949,3345,954,377,1527,1093,5250.36,9669,5256,452,2136,2205
250313,21007,2205,3157,531,495,32479,872,50062.6,10609,904,1935,3862,4026
54130,2543,8621,4649,987,184,3199,1451,3247.8,7539,14888,1852,4603,4030
432481,28702,83391,1728,253,133,11433,1210,86496.2,12966,14597,145,2799,222
173402,28833,19564,2308,813,173,7800,157,20808.24,3184,11708,1272,3137,6801
340613,75569,78669,3401,263,792,43996,1673,68122.6,7186,8899,1644,4992,6594
156259,34169,18114,5708,657,609,13491,1354,18751.08,2314,2300,940,1992,3855
429007,16829,32803,5380,204,392,10977,1280,85801.4,9445,5840,785,217,9422
362580,60135,59341,3936,270,63,34760,1929,72516,16391,14152,903,3504,2899
211682,4522,23545,3771,366,995,19337,1432,42336.4,12628,4694,1052,3131,1064
384485,85687,62759,3331,784,414,39239,463,76897,18976,14368,1172,4691,4181
233034,35319,40777,3221,152,402,5822,82,46606.8,9082,5427,1510,2585,5387
443083,120334,76488,4745,241,112,50083,1609,88616.6,2730,13291,821,4257,416
404109,26543,68071,5874,556,64,51167,878,80821.8,14814,10833,1626,2798,2199
109694,30473,21098,1178,825,727,7418,13,13163.28,5692,11838,1582,4073,6297
29773,7699,4265,2812,590,865,2138,1154,1786.38,6219,5881,1217,1283,8563
276383,68165,63153,610,780,400,4289,1219,55276.6,5142,7067,835,358,6117
293007,40455,12860,1414,581,289,25663,679,58601.4,11912,8460,943,2273,9100
323559,75692,79783,1621,210,482,13605,928,64711.8,4959,2723,715,68,5395
78968,17441,17410,3696,875,419,8417,1235,4738.08,10519,12585,1103,2025,5839
70430,6834,8512,4675,622,908,8636,206,4225.8,8710,1838,1112,8,8865
260072,18179,24158,1266,396,314,10573,1158,52014.4,7083,4141,1174,280,9823
11515,0,1599,3489,896,88,1086,107,0,10646,8407,784,1575,1263
107206,4849,2293,994,521,758,1902,1794,12864.72,11347,5398,508,792,6429
255282,15782,50764,5305,438,843,3603,630,51056.4,10293,8112,316,306,2530
245702,9496,49628,2914,739,660,26058,730,49140.4,7993,10158,179,3960,655
417821,88867,23810,570,173,356,21836,164,83564.2,8714,3569,553,145,4783
328384,39238,45588,5936,555,877,48118,860,65676.8,19192,6753,878,3565,7560
15586,0,3645,5520,457,997,244,153,935.16,14225,3941,1586,442,6837
392563,23563,30034,1711,762,960,43071,346,78512.6,3241,10378,1773,3926,2450
394518,3712,1947,5705,521,751,4048,1048,78903.6,9086,1434,1920,308,7329
255277,45489,19715,3327,912,517,17188,1959,51055.4,12607,383,1428,4577,9789
41186,5458,5260,3424,784,748,931,1578,2471.16,11953,2143,1208,3777,599
36928,5315,6066,2053,364,364,1760,1650,2215.68,3392,14730,1315,4678,6287
239336,70917,16303,5236,411,266,29961,349,47867.2,7142,239,1793,4040,8222
224159,63910,47782,2121,993,847,27692,1579,44831.8,11280,9094,790,2418,4919
395134,97288,24031,5399,495,405,57150,1747,79026.8,3733,6796,699,2721,1734
359173,60972,87389,4635,562,749,14092,1478,71834.6,10305,9730,487,4149,6955
30711,6387,1593,3585,272,138,24,1820,1842.66,4587,3239,1722,576,449
64962,16950,9939,660,913,164,4395,749,3897.72,11112,6404,1217,1268,6771
30039,4622,6273,3735,469,793,73,737,1802.34,16592,10107,1066,199,3863
46561,4132,10225,1033,486,696,5235,1241,2793.66,18287,10918,442,1408,5373
216555,61617,40472,1151,307,665,28823,1882,43311,19692,8211,201,2712,4491
484611,41598,120842,1159,476,105,14916,1269,96922.2,11261,12210,1642,3824,6259
229730,20551,16640,5096,810,148,12262,312,45946,6747,2283,1096,4659,3698
11577,0,2863,1650,214,184,1114,875,0,6551,9643,220,3920,2285
117792,2670,6512,4384,518,409,13873,1672,14135.04,8822,8934,1625,3319,8467
431566,74900,2991,3183,153,782,30579,1813,86313.2,6507,8104,631,4578,830
257980,26296,17801,3847,835,870,4187,459,51596,19294,5442,1699,4751,8269
248540,18066,24144,5218,797,702,11111,1605,49708,3979,2510,827,2945,4158
437014,75577,7965,4492,905,674,31547,1541,87402.8,18934,10562,1756,1753,7340
238506,64771,13730,626,209,906,23723,1690,47701.2,5542,2465,387,4,726
222489,27484,29553,2420,194,200,4780,255,44497.8,16159,5665,1556,1608,4016
20785,4137,4114,1293,733,617,371,1657,1247.1,16807,8667,1632,3566,5400
82227,770,8301,5675,756,726,5355,1653,4933.62,12132,5224,990,948,2270
390824,27115,18936,2066,692,835,25641,1490,78164.8,5181,11930,1910,1018,9764
334101,26038,14155,5389,305,989,13460,819,66820.2,8953,13400,987,1342,5406
75431,3854,16080,4728,901,219,3995,1861,4525.86,16800,5804,1891,1946,2105
420513,35886,2042,1480,213,856,56020,1529,84102.6,3358,10445,1888,1520,5382
344038,51284,18565,2264,570,469,44718,1968,68807.6,4893,6466,1027,2997,5466
257941,9901,47602,3081,472,728,8802,208,51588.2,19299,9501,387,1438,1173
204844,56377,37260,3205,258,985,7645,1884,40968.8,16943,10157,160,4031,4099
160653,17374,36326,398,612,433,4215,406,19278.36,5644,11544,653,1037,6106
327336,49862,42581,3079,729,28,1838,80,65467.2,18010,7259,495,1,7135
273606,32806,3658,543,696,749,38416,1940,54721.2,2543,561,904,4497,9812
400992,17659,81855,4337,400,63,6684,1353,80198.4,15187,7793,1111,529,4808
205245,48770,19078,1800,659,936,26671,106,41049,17260,11142,831,4857,4187
418727,23453,102188,5860,697,95,6944,647,83745.4,19028,8134,189,2129,9717
348250,30498,37548,5794,590,665,40382,437,69650,15546,12528,88,4888,3721
320809,70393,19668,3009,603,539,22083,1037,64161.8,17179,6049,1158,3554,1519
185486,16312,38720,3353,793,509,8185,1566,22258.32,14070,5667,493,898,175
353154,1436,40285,4762,966,339,23536,690,70630.8,5832,4409,260,1509,5927
82573,18483,5106,3526,883,687,6182,1981,4954.38,2143,6196,877,4664,2228
234737,45986,51318,5877,828,250,472,1425,46947.4,12731,6543,1036,1845,8453
379947,102555,37165,1347,423,705,25732,509,75989.4,5296,13646,1782,3599,3830
129682,9305,32028,4678,209,278,4419,1454,15561.84,3071,14734,1409,3475,6205
23386,2726,4322,1615,491,38,51,1117,1403.16,12785,8548,249,2180,9251
396213,76126,62970,1686,543,68,39859,81,79242.6,8548,5642,1526,2839,7956
64460,7662,7668,4220,262,276,9619,691,3867.6,15886,6231,595,1258,1479
409437,122238,95443,2037,370,119,38646,248,81887.4,3552,1734,1931,3756,8819
426690,68659,45411,721,940,85,43176,240,85338,6336,1049,1652,427,1562
125375,4158,29372,4101,217,176,15941,164,15045,13553,12531,90,343,3149
384804,74236,80358,5662,464,970,26399,1496,76960.8,3970,14228,1286,1148,5763
162117,10531,19776,5773,616,605,23044,1309,19454.04,12600,12262,673,3694,109
363463,27738,75998,1711,412,91,20839,1053,72692.6,8210,6666,1684,3238,9991
126582,9879,3711,3549,930,419,16451,867,15189.84,6873,8613,1723,4891,9178
408138,5543,99890,4870,280,80,12006,458,81627.6,3028,10698,1873,3451,9434
253015,47924,42174,2752,573,340,9365,303,50603,14264,8993,393,2682,4738
163778,42348,39906,2383,416,420,20960,678,19653.36,15578,13102,421,4812,2736
314915,84117,73198,4753,869,227,6056,794,62983,7878,9385,185,4314,1819
62335,3911,7404,4953,361,894,8452,911,3740.1,4381,11156,1591,2646,6757
239087,43888,46101,3978,712,472,11722,997,47817.4,18519,9678,1510,731,6773
62949,5235,9837,1650,437,87,1649,1951,3776.94,6614,4274,1963,2347,2898
473930,4799,9542,5463,574,349,17060,924,94786,13757,4322,1236,1868,4408
105558,25091,15904,2667,703,639,7223,1971,12666.96,5801,9422,975,163,4236
418456,93770,27774,5133,908,809,31573,713,83691.2,10476,13775,1394,4991,5369
494972,112529,8556,3640,856,189,20323,605,98994.4,9390,2603,447,1466,2013
374416,90141,46123,2872,393,866,20722,458,74883.2,3724,6897,659,4767,9031
274860,60558,42586,4420,861,980,10127,1038,54972,10568,13732,1841,4068,5276
157646,36534,14864,4144,782,645,23041,299,18917.52,2052,4124,1845,1539,4010
252887,31668,30016,939,483,980,9384,406,50577.4,18711,5473,1965,2816,9006
486471,135183,58989,1874,477,135,43582,1071,97294.2,12580,8667,39,1233,9029
476933,72392,56093,3528,864,324,66201,1686,95386.6,2638,8612,151,2728,2103
447282,16490,33749,5604,255,39,30557,113,89456.4,9285,14102,1518,296,8336
202898,35194,42996,4569,911,649,21246,454,40579.6,13445,7454,1620,3081,1255
161285,14497,36320,5813,950,286,9793,1916,19354.2,6035,7958,1643,2164,3957
81916,20762,17305,485,228,255,1909,525,4914.96,11100,8442,313,1506,3638
207223,53516,11938,5700,314,797,7452,1992,41444.6,15221,9233,1822,1923,2034
269590,44104,16318,5396,995,946,187,821,53918,2276,8265,1530,2244,3618
258090,5316,52810,1618,780,596,27943,347,51618,11253,12727,629,2234,1483
60906,5362,11974,827,206,419,7690,965,3654.36,14248,11835,177,677,3230
272607,70229,37820,3559,337,828,25942,170,54521.4,7909,8519,1161,3301,747
435189,107294,61800,3783,201,538,27225,1452,87037.8,18818,11237,1107,4375,1339
84694,15133,5406,3319,221,741,7390,405,5081.64,19651,2476,781,3735,8432
423867,21652,20661,5079,902,290,16718,1403,84773.4,11031,1570,18,3187,9009
340838,14178,83394,2533,473,315,23999,1084,68167.6,9716,4184,1053,4059,8313
292152,51163,30816,1867,761,799,10576,529,58430.4,8887,6538,1336,4694,7867
80474,14751,12850,874,487,857,355,939,4828.44,16586,12431,271,1614,1908
48185,425,7098,2334,304,131,1922,741,2891.1,11557,8492,21,596,5806
360068,3044,26644,1624,208,602,4327,1621,72013.6,8988,7672,1333,1123,9446
272048,63165,52919,4704,424,867,3338,200,54409.6,8052,11467,1107,3615,5111
477633,142552,27428,1512,920,740,795,1681,95526.6,6109,12447,837,4873,574
266574,65439,58491,1734,350,538,16573,56,53314.8,16609,5007,620,2874,5484
212211,43874,33380,837,444,302,12335,84,42442.2,16688,4457,938,4909,1228
307124,66775,72822,5253,471,901,41773,782,61424.8,3158,7607,1760,1914,7132
32504,6566,1876,1874,478,977,2102,712,1950.24,17305,4688,488,1823,2494
64970,4213,9805,492,539,281,2166,1129,3898.2,14253,5505,402,2342,306
288910,53149,3017,1486,433,491,10442,825,57782,18950,1304,516,4590,9769
126944,3006,21172,4448,325,279,2058,1665,15233.28,18510,12383,582,4390,5383
366066,72561,9926,774,759,499,38838,1037,73213.2,13564,6015,1505,4944,4889
414911,19423,44508,4569,498,198,53545,1556,82982.2,8055,13236,1299,3811,5045
421012,104862,23486,5615,581,374,47772,938,84202.4,5683,10141,398,2751,3255
183615,25174,30397,2113,843,299,25796,1068,22033.8,5230,10520,1573,1711,5117
417775,92199,29511,5095,531,909,42587,1569,83555,3558,12198,1152,1561,8043
174211,33952,43340,2737,421,908,2380,372,20905.32,19122,14212,629,2371,3136
130494,27326,16237,3679,641,665,8325,1094,15659.28,12862,400,1028,621,7338
244941,31139,10002,4852,696,298,10355,763,48988.2,2078,12438,1505,3603,4543
18802,0,3201,1654,480,554,2709,846,1128.12,11972,9094,437,151,5878
477059,73638,99056,5914,748,321,29364,1254,95411.8,5163,13169,1620,1602,5824
181277,46637,27048,3700,307,109,22715,523,21753.24,4187,1082,316,4290,3458
306303,72652,40324,4054,581,622,26662,1146,61260.6,18650,14757,1613,4913,8279
21516,4745,5032,3829,474,470,479,1798,1290.96,10420,6360,1936,2933,7478
322636,30161,66877,458,265,411,43933,1092,64527.2,3392,12174,124,4597,8959
301230,4383,74232,2137,669,512,39640,1134,60246,16785,4533,893,2063,4432
123758,20320,23398,4911,768,479,17537,870,14850.96,7218,7092,75,4318,3386
40480,1699,6755,1325,768,139,4158,1269,2428.8,13335,6689,1306,2720,2515
193163,4507,26545,958,775,877,954,1396,23179.56,14062,9660,965,2419,5995
138023,14735,28625,977,584,689,14432,1947,16562.76,18980,10889,1894,4079,5045
382339,59919,61491,4710,671,948,13723,97,76467.8,13180,9719,1519,3672,2354
188838,29713,5565,4346,945,503,14153,792,22660.56,10920,13624,792,3065,965
310881,82055,72053,4121,721,59,43537,1345,62176.2,9976,7821,346,570,7450
281409,67561,14287,2675,415,182,21949,818,56281.8,15127,2664,940,4392,132
124165,19919,11829,575,547,418,6868,712,14899.8,4624,6125,129,3262,8857
129501,37622,2422,4847,251,956,13920,673,15540.12,10846,12744,661,4049,1955
259329,38135,29060,1888,212,793,30486,508,51865.8,10524,2302,1375,3389,4969
343134,35658,41633,4881,836,926,27644,941,68626.8,15657,14974,1845,83,9422
494933,84677,71521,5526,858,824,49088,942,98986.6,16538,9553,1168,373,1579
287530,29696,13790,4962,973,907,235,375,57506,5742,5691,700,647,2143
376862,3773,25168,545,660,732,32635,1695,75372.4,12327,10022,1015,1282,7193
309569,24956,24019,1188,371,900,28327,1916,61913.8,12584,3396,484,909,7236
131635,15819,3668,2511,585,226,11835,139,15796.2,7815,8415,577,2390,1545
184326,1528,10744,4325,339,390,17492,1788,22119.12,5868,291,1268,1056,3146
230935,44588,28754,300,789,143,18180,380,46187,2249,8887,1267,247,7520
63634,5049,6462,3210,483,735,3473,402,3818.04,16654,3635,1142,1690,9179
489933,99152,85058,2484,707,563,70821,1326,97986.6,16624,2810,665,1802,4664
188734,20511,4509,4546,730,592,7395,1189,22648.08,18684,7237,1463,3857,4431
359132,10119,2500,3551,450,660,42350,760,71826.4,14836,12405,1696,603,6571
244856,16167,51945,3351,500,26,15260,905,48971.2,13956,11151,1536,4953,6145
378481,56503,75440,1810,719,743,38297,265,75696.2,16593,3930,551,3436,897
228599,34889,26921,4071,877,622,11323,1378,45719.8,14905,14628,1194,3753,863
247919,45678,54551,5644,264,507,18595,1576,49583.8,6317,12866,299,1282,959
478668,60262,16683,1428,671,883,62693,1078,95733.6,6443,11158,1213,2847,9348
413359,4681,77952,5394,516,590,13169,1252,82671.8,10882,6822,291,3619,8154
494607,80291,14833,997,418,790,19612,1247,98921.4,5918,13516,951,2953,6962
418797,66008,18290,1388,953,126,33694,1783,83759.4,19578,4728,934,3284,2951
77443,18171,2485,2719,235,455,5822,1909,4646.58,18677,9507,984,3954,1247
301568,13690,14003,5626,527,280,19305,198,60313.6,17908,510,908,2545,4885
360988,25912,71656,2928,296,394,43916,626,72197.6,14102,2293,1830,24,6462
314128,6473,41253,4089,267,318,36595,1276,62825.6,7217,7510,1661,1469,5337
51505,8530,1873,985,284,440,3445,1737,3090.3,6147,13249,995,1176,6700
112478,18669,22486,3056,676,340,13553,554,13497.36,16810,13967,779,3528,6858
72699,1196,6172,5323,998,693,7335,1701,4361.94,13782,4267,532,2100,7194
430173,81998,22706,2142,963,118,57464,154,86034.6,15045,2471,86,4578,1286
428680,20943,84008,2032,355,777,50117,799,85736,8373,6510,1425,235,9957
386156,38785,87231,5135,382,689,36981,626,77231.2,10905,5294,780,3547,5482
164721,35420,39255,4666,965,712,3719,1862,19766.52,9723,12893,1810,1613,9519
445281,119006,42732,2272,215,367,61168,1711,89056.2,18993,10757,1954,4444,7290
495877,10832,76591,1010,153,384,45429,1817,99175.4,19888,9612,557,3533,3450
306902,5385,32716,624,152,509,36138,1593,61380.4,12814,10257,623,787,1861
146668,30362,6880,5385,408,981,15765,331,17600.16,13423,4283,1208,2533,5451
288518,14708,28949,5946,864,581,31219,407,57703.6,8531,13420,1953,1839,3836
128686,23438,19810,5193,474,157,10115,1527,15442.32,2150,9054,1523,3555,6393
275919,82747,66064,3267,389,822,21522,1717,55183.8,12170,14247,1213,4328,4004
299532,80107,43093,4099,754,609,35859,625,59906.4,15658,6047,1591,2119,4145
395944,60062,83844,2894,945,716,9968,685,79188.8,9585,10315,1152,2813,7467
293173,65428,22844,1392,684,85,41731,1465,58634.6,3191,13500,440,3365,743
93981,21307,22360,3255,947,901,4656,1279,5638.86,14915,11762,1133,2217,5632
325783,11002,43322,511,467,360,22681,415,65156.6,13186,1261,1877,3415,8482
124010,36153,20704,1881,748,791,1538,1423,14881.2,9177,8022,1691,6,1347
417861,22440,52646,4131,200,84,19251,1113,83572.2,6995,13522,131,2026,3367
41105,1965,10159,1743,958,358,3549,1989,2466.3,5409,11744,1508,3789,1735
416884,32556,87972,4443,619,726,55679,960,83376.8,2110,9825,1222,4040,1601
269021,67963,9212,4626,981,132,37544,140,53804.2,19360,5821,1098,1043,5643
157032,35609,37964,878,192,902,16562,869,18843.84,11626,13038,1227,3609,1138
136519,25189,13850,3297,353,386,1754,1029,16382.28,9943,10495,935,499,6587
152429,25138,7322,5508,496,246,8238,1765,18291.48,12413,12410,52,2387,4510
467820,6563,35911,2054,207,140,8015,1931,93564,4133,11308,38,1079,5854
374883,79923,46580,3279,208,949,55853,904,74976.6,16883,6248,1314,3838,1311
323940,5840,50622,3905,829,446,44643,1363,64788,3706,4407,1505,2502,3219
287948,15154,5678,721,835,75,6497,1850,57589.6,16242,11827,337,3299,7342
137732,24194,1382,910,660,901,2534,1242,16527.84,18236,12635,393,1085,72
155698,22448,21780,745,467,97,19323,578,18683.76,9747,6841,1019,3312,623
169204,30924,27506,1260,582,974,13734,663,20304.48,14718,9723,50,1407,8379
280095,23528,42296,430,521,302,29680,1294,56019,7765,2793,885,3517,2227
409665,29402,97384,2947,356,465,25812,737,81933,14945,1524,1215,4899,3229
291209,4352,39882,4379,260,54,31882,62,58241.8,15685,5076,718,2541,5956
373647,184,60510,2734,172,304,33775,1841,74729.4,6264,8450,314,455,2627
115072,10384,9434,4029,577,952,4829,863,13808.64,6412,6666,1817,1562,5809
150202,14319,1705,4731,894,770,6464,1556,18024.24,18596,5756,1136,1374,1566
99360,22193,5997,5536,936,533,10330,512,5961.6,14255,2752,114,4180,2720
72287,20449,7962,1324,833,34,8057,254,4337.22,15879,13912,1794,1587,7920
248009,56333,44159,1952,160,539,28986,736,49601.8,19017,4750,844,1369,9234
192774,41205,14535,837,721,488,2159,125,23132.88,8017,577,1889,2558,7566
178065,10426,24480,4891,893,681,19568,778,21367.8,9913,4852,1774,4858,6465
172947,7504,31051,3383,896,139,24949,1474,20753.64,13201,6646,1040,1143,6914
256356,56578,51746,807,664,640,16362,1429,51271.2,11576,9621,1020,4520,5684
147126,33368,12129,4224,293,99,1286,1737,17655.12,4170,6183,832,2250,7678
240881,52185,59023,980,891,989,24943,619,48176.2,19429,952,1229,957,3990
117357,32094,17699,2912,670,372,4473,1381,14082.84,19260,1633,256,808,1256
451733,116744,30785,5176,958,758,4920,87,90346.6,2393,7270,1111,1312,3342
217440,14685,29402,1059,443,22,3925,1414,43488,16246,13367,1397,4835,1966
39670,10323,8759,4523,474,868,4769,1392,2380.2,16596,3395,1336,37,9224
321256,8724,2704,3447,342,283,14892,688,64251.2,3768,8038,1915,3217,6849
360532,5084,27027,5688,440,112,35884,1891,72106.4,2232,13975,522,2485,4913
361300,34810,59092,2493,788,372,17678,640,72260,14575,4611,578,1072,8190
169379,16741,5725,2846,568,196,3976,1856,20325.48,5569,1736,1228,3388,5468
254159,20872,53843,5361,609,163,22774,446,50831.8,17271,7541,822,527,9133
208159,13414,25223,4955,197,892,173,319,41631.8,7905,5537,1109,4692,3038
320066,70333,27384,1522,256,821,12323,921,64013.2,19215,7037,1064,4907,759
204152,3307,32145,5319,413,430,28973,272,40830.4,10278,1922,616,1566,256
365492,98104,30027,3874,402,567,32553,650,73098.4,9040,8997,1978,1523,1629
89335,2596,12767,3323,688,9,7325,962,5360.1,12409,4336,1565,4776,1883
298456,17167,18354,3580,670,644,4981,636,59691.2,9761,7418,280,3044,7385
76985,22308,16009,1371,881,397,10272,521,4619.1,18221,11980,255,3745,81
140744,24215,19146,840,307,151,3834,1601,16889.28,11426,4639,1990,1497,1783
261713,77331,21901,5595,675,190,2429,799,52342.6,7659,13165,1343,4233,6515
460824,80520,49966,810,178,795,55719,15,92164.8,5877,13418,216,924,6610
493178,58326,68637,4750,687,276,46758,367,98635.6,14319,12169,1126,2213,5986
373107,77670,16515,644,875,492,32380,250,74621.4,2344,7332,1432,3046,5703
181349,10782,24806,5479,292,242,10965,793,21761.88,3160,858,449,2189,2035
41551,9234,394,4542,776,487,692,359,2493.06,2483,11117,1697,4838,5104
99813,21651,7319,3669,990,843,12882,230,5988.78,17871,9852,950,3824,9050
459813,24022,3573,4122,367,275,27605,1865,91962.6,3828,14911,1721,3785,8361
373169,84458,41941,2679,742,189,47518,1276,74633.8,8720,14769,1279,2101,7047
396486,14618,91044,2780,862,626,33641,1975,79297.2,18699,6905,1109,2201,3769
186284,17245,25985,698,216,863,19480,611,22354.08,15212,9749,1717,2273,5227
19637,0,2955,3706,910,306,757,605,1178.22,12068,1059,1652,2726,223
315402,10027,53780,3580,293,869,20008,1416,63080.4,15374,2921,1920,3232,8675
438909,110704,5060,5830,290,295,5553,516,87781.8,4329,5195,1270,1772,9993
413040,3526,49094,4982,495,233,10298,518,82608,11805,11524,657,2095,8099
139553,26261,10933,4066,614,340,12464,483,16746.36,6470,14390,783,4481,6671
36950,1622,6632,1594,245,592,1565,64,2217,15574,10272,1207,248,2306
426704,38286,105059,3551,557,192,52268,218,85340.8,16274,11964,713,25,597
137870,29533,22973,5938,267,882,11715,1803,16544.4,4100,6078,1182,3216,84
10215,0,1493,3809,979,363,308,1231,0,2808,10686,502,2056,989
377747,18316,11612,2335,846,923,24729,175,75549.4,6611,3213,1583,2547,3015
283667,8699,47611,5823,953,949,25542,711,56733.4,10186,931,1659,1348,7594
479116,127441,18888,5133,593,257,1163,1816,95823.2,7024,2605,1868,1957,9366
340833,97079,19417,4149,906,976,15941,908,68166.6,3896,8784,673,2224,7587
33834,3478,2976,2077,529,510,384,1448,2030.04,9601,891,1697,3541,6072
306618,58465,11891,679,862,230,44679,1033,61323.6,9282,2585,1257,530,3246
53066,289,11378,4063,427,13,2795,765,3183.96,3138,12478,375,4485,6802
282544,23395,62093,5599,510,13,29295,1703,56508.8,17110,7270,59,1343,5405
397355,104162,50294,1961,519,555,33824,1312,79471,18507,3101,587,918,5195
20345,2829,3981,3358,771,209,1731,930,1220.7,17654,5387,1444,2080,727
43896,10401,2568,1606,361,39,3442,1956,2633.76,3584,3432,551,576,9257
488646,129647,116296,2765,408,33,15719,614,97729.2,3405,9003,656,172,4517
301043,86732,61166,4751,825,746,9861,987,60208.6,13485,13501,1192,4183,3295
300373,56416,2192,315,246,832,20460,15,60074.6,3244,7170,823,232,7729
277727,8758,45032,4710,359,233,3774,1351,55545.4,7892,1642,1973,2084,423
408113,67009,99395,2880,697,785,1459,544,81622.6,18582,13078,1998,2330,5678
81537,13281,17083,5435,927,879,8133,948,4892.22,14274,6532,1932,3534,8004
250489,32548,53244,5882,761,289,5,1570,50097.8,17264,11560,1197,920,4332
407783,18371,42861,2892,170,854,37554,182,81556.6,7622,3113,1095,3179,7853
84807,12057,2178,5089,878,432,6938,1125,5088.42,19714,12653,1936,1714,318
139648,40441,32309,368,582,847,9833,331,16757.76,11174,12424,1162,1133,5166
384796,19644,41472,710,765,978,8168,78,76959.2,5132,1789,1575,2214,8577
480455,14281,35455,3423,520,740,8109,1040,96091,15671,8550,1197,376,6322
154401,3251,28672,3159,542,891,3829,1818,18528.12,19728,1272,1088,3433,5343
242117,22289,3756,1218,773,950,14148,1393,48423.4,16611,7832,1055,3101,6783
258780,5054,38829,5135,368,317,38288,1044,51756,6840,2909,1643,4782,3802
343936,100020,70030,1790,653,639,23254,404,68787.2,7269,4519,1715,2331,1025
403444,107508,58151,4105,781,837,21264,1040,80688.8,2428,2440,1801,1822,6948
493498,66846,34047,3643,910,407,57960,922,98699.6,8154,5367,1387,4296,2488
223286,49769,6538,2786,996,720,9077,1611,44657.2,4464,304,1650,1275,1087
47052,12928,2221,2877,245,815,2070,431,2823.12,18960,1161,1466,2863,7760
460985,114186,5164,572,581,79,39718,555,92197,13454,480,910,2753,598
56032,4257,854,4854,337,806,160,1443,3361.92,10741,4316,1154,2094,9109
491937,146918,35980,1119,650,175,42177,27,98387.4,15054,3756,249,172,9998
305830,22483,51738,5592,524,744,36946,1048,61166,11484,14305,1160,2241,7612
349125,26558,84688,2915,583,837,16551,1224,69825,17860,14383,1159,2678,7612
108802,10420,14385,5256,572,847,3912,302,13056.24,12483,2888,1534,1499,6527
466477,33236,23612,5940,293,776,4439,612,93295.4,6375,1639,73,3427,7843
406025,104209,78066,2844,689,284,20491,1302,81205,11324,12048,1403,4630,3434
244337,45076,3340,4284,648,963,19989,1098,48867.4,12688,373,519,915,7695
182857,48402,23124,5190,155,955,9745,1841,21942.84,13195,13240,783,2464,3383
439763,94467,108115,5200,466,921,37437,1088,87952.6,11770,12748,778,4696,8310
314962,32076,33043,5491,923,629,23118,254,62992.4,2851,8559,278,2095,8994
372566,80337,77831,3281,379,677,18921,271,74513.2,6722,3416,951,4495,927
344071,75164,85783,2190,271,317,13478,1659,68814.2,10765,764,823,3685,4147
206753,8728,714,3339,644,409,2709,561,41350.6,8907,12708,1017,494,1838
351609,17335,38822,5235,855,141,19341,1548,70321.8,14316,2867,1685,4518,446
230934,43773,809,2982,766,994,14046,979,46186.8,14456,9754,1895,4230,6036
236599,52158,52878,902,860,246,2664,335,47319.8,19934,9263,1425,2731,6888
123221,28570,30144,4237,624,176,1789,757,14786.52,11060,13284,806,1761,5970
309477,87995,36,1732,723,810,3234,207,61895.4,9698,3859,1922,2992,159
136457,40658,32402,4762,945,343,15137,34,16374.84,8600,6991,647,103,2797
288720,59184,10273,555,657,263,18561,113,57744,17848,9522,644,3587,1825
129875,7077,25030,2787,741,167,10348,1055,15585,8586,13042,1370,2828,4433
311549,58194,52460,1658,324,24,43513,764,62309.8,11552,4006,772,3468,8458
366144,67507,76939,4001,670,702,33196,854,73228.8,17967,14678,530,1887,4426
476995,111872,80573,2782,841,899,12594,759,95399,5636,7529,380,3498,2897
41601,1191,2655,989,420,526,5928,920,2496.06,12537,5921,60,1911,2983
340090,53072,14017,3832,823,527,900,1962,68018,11670,12357,1837,1108,3840
470572,108558,82901,607,937,309,40190,155,94114.4,13340,7332,1681,1312,1064
324260,68582,39215,1996,867,638,44358,1017,64852,8785,8296,1980,322,469
114186,12703,12583,3466,721,778,748,1900,13702.32,19041,14888,187,2822,4469
335038,49456,32919,708,335,27,4289,1527,67007.6,2244,12715,385,4761,4048
175707,8043,9514,4251,736,774,7531,833,21084.84,7113,7644,502,75,1328
279609,68340,38416,1125,243,369,30841,962,55921.8,15448,8357,177,1466,6848
66754,10176,1511,1491,728,383,1027,1886,4005.24,10396,9511,958,4723,7738
239047,3936,18642,2434,663,293,12436,352,47809.4,11075,697,1350,4791,1157
102850,17096,16615,5947,327,663,11324,928,12342,5732,1224,1200,2113,2619
381909,88768,51894,3394,803,478,33908,1326,76381.8,10006,2426,113,3175,1335
226191,25909,24225,4493,705,579,29833,1141,45238.2,16973,2408,207,43,193
364835,44158,20846,2074,835,36,21209,34,72967,11174,14049,454,1758,3966
48871,8366,7749,5941,444,887,4553,867,2932.26,12636,10353,529,1978,5395
203946,19589,571,4716,380,546,10724,1343,40789.2,16380,509,875,2916,6461
480949,124296,50354,833,385,645,30714,217,96189.8,7281,10484,601,1441,7703
301655,59331,26188,3167,242,877,15441,1291,60331,19604,1890,1756,1163,6101
353104,62197,60910,1507,636,672,50906,1911,70620.8,4606,7162,1167,3205,5305
452037,87367,110536,716,193,371,23376,1716,90407.4,11217,3299,1581,1658,2096
337920,65382,42530,3076,688,735,29385,43,67584,5283,8603,1126,3559,3850
259200,74319,13217,1537,933,621,34378,1197,51840,3316,5839,1629,223,1413
211239,11170,41999,5243,624,101,27694,1802,42247.8,5151,2081,1944,611,5050
478351,119952,6609,5065,188,354,13650,197,95670.2,2118,3276,903,4175,6066
316606,80145,58769,2243,534,464,4758,856,63321.2,6693,9938,1087,4988,1622
464598,105626,47397,2480,584,693,15307,301,92919.6,16903,2588,653,1432,495
493410,16208,110577,2400,438,479,9469,1978,98682,8718,8591,1301,2780,9974
244453,35178,49322,5136,397,909,14901,826,48890.6,14295,11105,1907,1967,8312
42574,9039,5151,4418,711,658,2328,929,2554.44,3908,5953,77,3046,3884
112072,14990,6406,3974,508,215,16012,1122,13448.64,8378,3459,602,1463,7216
445126,129327,62678,759,587,998,50709,404,89025.2,2426,4597,34,827,4313
214603,13778,47062,949,944,650,2222,721,42920.6,12841,4435,615,4203,776
166258,45959,14893,4877,358,326,18716,711,19950.96,7735,13234,1970,4208,2823
497997,26862,32956,419,273,940,74032,993,99599.4,17247,12500,587,1915,8371
163885,27273,7145,5068,910,699,11114,1843,19666.2,17188,571,426,3597,755
219884,42500,38695,2555,552,599,25368,1327,43976.8,7881,3620,1354,1892,1419
226597,3956,33367,617,433,246,26613,845,45319.4,2639,5745,130,2177,8800
350426,72089,13133,1167,812,697,35734,146,70085.2,11395,9404,456,2852,9708
119779,23253,12209,3526,725,87,14084,1747,14373.48,14892,2349,1130,4932,9926
28557,7531,3332,693,390,333,2716,1411,1713.42,5765,9808,1462,2149,1398
169132,2365,26965,2852,316,663,12838,869,20295.84,16547,1867,1298,1261,8857
462082,72204,74681,5366,901,778,1360,1567,92416.4,4763,13361,1961,2325,5666
344248,5000,54345,4708,710,199,9245,345,68849.6,8692,14011,956,4908,8425
241977,57072,42585,5678,848,382,4353,155,48395.4,2145,7580,278,4081,2907
487793,52499,34638,3528,297,427,35378,1611,97558.6,16976,11842,1743,1796,3215
147152,3675,20645,2361,850,334,10006,1465,17658.24,17850,9470,259,1627,5714
154926,12907,18408,376,772,757,233,1225,18591.12,11248,14631,607,1582,679
394157,17336,12521,3710,414,449,26649,936,78831.4,9133,1536,1984,1878,5893
208767,19684,21878,708,650,215,23050,1762,41753.4,17893,11648,1027,3448,7770
168097,28311,38221,4392,428,940,10623,1824,20171.64,3457,2670,1210,252,8161
194054,52331,34595,2567,898,585,15895,141,23286.48,13980,4963,217,1857,4895
51081,15136,4702,1043,308,671,4488,103,3064.86,19991,13153,858,1793,8599
407584,109459,16923,4828,209,254,57805,1238,81516.8,19457,8896,1658,3345,2722
240693,68783,16225,3153,648,528,33606,1332,48138.6,12561,10028,1895,3302,95
391325,69951,7202,5874,466,504,52361,107,78265,3522,12841,847,3802,3636
299238,52509,37206,4134,736,437,2784,1483,59847.6,2535,11536,285,813,1915
449256,127851,19885,4297,637,649,65376,1833,89851.2,17251,6365,1381,2756,8078
338910,6472,11218,2131,614,469,21978,1827,67782,2760,7568,1184,2824,4004
355197,22380,45692,1287,377,5,1351,536,71039.4,15410,12470,1231,4749,7576
165063,37616,28750,5917,815,218,205,1971,19807.56,18193,4468,1440,2752,1620
273445,27280,6716,3001,505,915,16568,1252,54689,17045,6792,1555,1319,4045
169682,21859,16088,4012,615,512,23129,935,20361.84,17162,1575,47,2968,8598
91463,1037,6818,4207,971,575,6902,626,5487.78,10099,5814,1562,1855,2102
175750,48402,22584,3164,948,720,5502,1877,21090,15185,9561,1695,1695,9222
296610,8262,4286,5949,902,512,43752,965,59322,5263,13778,469,3497,9476
483656,142138,4739,1054,376,868,62330,207,96731.2,3997,9386,995,656,1997
444091,7008,30158,975,318,188,54930,701,88818.2,2025,8232,1178,4769,2666
36081,5931,2089,5227,433,974,2729,726,2164.86,10698,587,1816,4142,4806
34354,5642,5605,5515,411,246,5073,1544,2061.24,19244,12521,65,4777,9159
103297,16489,23724,4423,951,768,7893,1642,12395.64,9683,8695,229,3421,7173
290444,17153,3321,5649,513,976,16697,1762,58088.8,13219,8474,1238,4599,9723
74384,19324,11773,4811,670,685,8419,1756,4463.04,10151,5879,755,108,4976
367171,43152,51701,2010,247,620,39569,717,73434.2,5981,8211,11,1204,9467
131684,24283,12170,3775,161,571,13457,1860,15802.08,4850,8066,612,3037,1548
333036,46429,56045,841,933,554,19477,1428,66607.2,18980,8875,685,578,2021
45525,11687,8933,464,732,427,3957,180,2731.5,14083,3568,1252,2579,3695
429748,88534,88228,2555,566,549,20479,1861,85949.6,8422,9821,241,4246,3327
16464,0,1714,1284,650,362,2347,640,987.84,14653,566,1533,3988,885
26562,5212,5082,2961,284,769,926,1822,1593.72,14058,10759,1839,2041,7238
379536,4355,23814,4768,408,593,3336,1708,75907.2,2168,2296,212,1412,4500
65514,933,8839,917,666,395,3121,1000,3930.84,16755,6973,1135,3635,7904
385572,41534,818,4213,900,732,56037,1179,77114.4,3923,6014,873,1224,3466
122564,5906,8434,368,443,918,7542,1919,14707.68,15163,5923,1226,210,419
380191,61274,56153,5939,996,622,26684,1410,76038.2,17867,10710,340,580,566
477435,12279,30571,3724,760,776,15378,1125,95487,8506,12107,1060,1731,2886
42634,10723,7926,4496,589,135,2355,115,2558.04,9654,3919,1667,4561,4013
272204,76147,45485,300,300,433,23758,470,54440.8,9625,678,1113,4740,1937
281413,8261,12069,2698,630,847,15684,1703,56282.6,6076,8262,1747,4326,9308
204215,4474,32780,2354,407,317,20554,3,40843,8984,8195,444,2636,6484
33065,9494,5894,4713,298,534,1441,197,1983.9,16673,14150,326,253,5273
275039,28390,52169,485,291,500,36167,203,55007.8,7117,6689,1125,2777,9210
353003,26925,72928,5123,400,348,11544,1419,70600.6,19257,2122,1966,1231,9720
153424,16638,16102,2809,895,58,11338,1401,18410.88,17197,11182,474,66,4682
452953,4787,33457,4738,793,777,6737,573,90590.6,7823,2126,558,1859,4447
114127,7862,22262,5108,196,139,7929,582,13695.24,2181,7190,1655,2928,7486
106426,25409,19522,3379,521,957,608,603,12771.12,6760,8603,528,2098,7844
435232,43724,11932,435,243,892,16995,1497,87046.4,2407,5208,1823,2860,7050
202376,10663,11766,682,910,627,1020,687,40475.2,15610,3793,905,3980,8851
21962,6356,5100,4581,505,203,784,1414,1317.72,11806,10519,1201,4842,5836
43302,3742,4303,2986,681,157,240,1720,2598.12,15863,8503,970,3860,1441
357526,2035,47631,1227,841,329,2052,567,71505.2,12714,4065,954,2970,5984
14011,0,1323,3743,421,973,1238,578,0,9356,477,785,80,4409
401860,57443,72944,5359,578,195,34370,908,80372,18121,6742,705,3087,5685
29782,1852,2502,860,797,430,2404,435,1786.92,19209,10951,418,4243,6599
208763,52335,40910,1489,898,723,20873,62,41752.6,17869,1793,1541,383,1017
130654,8303,1765,1197,851,552,16752,552,15678.48,18479,7107,514,3504,443
442941,49334,80773,2668,873,870,57352,1994,88588.2,13531,2051,710,3399,1802
19196,0,1553,2038,213,518,333,742,1151.76,12987,6675,1058,3885,2241
53459,164,5778,5576,313,861,5045,1686,3207.54,12632,8558,1262,2661,5141
97245,6958,2291,5253,538,883,10469,174,5834.7,10590,5194,588,3572,1027
88863,2137,4866,3345,618,616,8584,1856,5331.78,3261,14979,613,4669,472
395350,75751,73965,4680,699,471,18235,1761,79070,8023,8060,449,2423,2611
260463,49606,60661,4172,876,457,16248,926,52092.6,9700,9823,577,4255,4651
373154,30694,43352,2698,680,819,32074,608,74630.8,9980,9854,50,2316,881
42769,7846,6453,5061,915,44,778,1763,2566.14,10920,8905,635,2825,8078
379673,53974,50736,1693,735,37,36199,1059,75934.6,3656,12171,711,1467,9803
266433,63545,34075,2888,802,675,15946,1037,53286.6,7470,8798,1096,1468,864
34700,541,2085,3766,166,592,3254,164,2082,14037,11522,1697,2617,3487
256864,6033,26395,2324,756,340,4482,927,51372.8,10958,2816,166,755,1093
221428,62461,16415,3985,895,569,6252,180,44285.6,14201,9374,1886,2297,6400
479643,2665,97522,1229,450,301,3271,1435,95928.6,7241,9103,1840,2427,6629
241237,27025,24104,4609,237,634,27828,1216,48247.4,12426,14131,174,2877,5349
277413,23533,65827,4699,959,706,10804,302,55482.6,2381,5459,1315,1708,3603
393775,45897,69222,3526,712,192,30455,1734,78755,2294,12688,21,3098,9963
316024,77661,1642,1703,394,913,42805,847,63204.8,16258,12050,982,3028,7716
124003,20998,30077,499,616,897,3508,245,14880.36,2054,10676,844,1834,359
149392,38957,24150,4051,591,615,6976,927,17927.04,7546,10918,1762,2587,6322
59589,13708,8769,2585,262,623,3892,407,3575.34,18463,1736,1195,161,6145
260606,70631,29833,970,591,131,35879,13,52121.2,11704,2090,1730,4890,7729
217348,31495,3909,2028,157,607,20701,1454,43469.6,13994,14077,1212,3854,7889
45897,7583,1223,3538,698,594,6440,78,2753.82,17631,1157,244,516,7312
199637,56976,32078,1549,708,467,16037,1907,23956.44,17620,12374,1522,3391,2663
172002,1637,12268,1178,249,169,18250,0,20640.24,7370,13006,136,2360,9630
198305,14670,10844,4646,494,560,25628,987,23796.6,4343,2659,303,4846,798
223893,38734,8638,3651,834,944,29897,786,44778.6,14235,951,1297,4991,7971
286524,62072,60763,2823,902,884,27618,1912,57304.8,5906,6093,89,1521,5456
217968,64175,37141,797,630,646,5927,825,43593.6,6834,12319,381,2345,2284
80934,4670,11233,2287,852,264,2095,646,4856.04,19282,7281,1180,3727,1511
65830,5203,7558,1277,491,198,9018,465,3949.8,13516,12459,1967,1108,6787
277673,51042,39513,3344,383,282,37463,1534,55534.6,5998,3821,1675,2987,4420
262364,52357,51761,3048,942,404,33537,494,52472.8,3512,13189,166,3360,499
366742,8669,19465,5179,384,546,23098,1868,73348.4,3820,7187,1430,4263,7028
243294,67902,39502,2776,275,855,28546,1138,48658.8,4815,12234,1810,2043,2558
92987,23943,13860,838,839,479,8648,575,5579.22,4021,7523,1047,4583,5754
59178,366,8250,4340,626,203,2775,1297,3550.68,5250,211,1003,539,4480
148009,9907,21310,1200,834,470,15435,1470,17761.08,15001,12222,1898,1693,2649
394096,104910,93518,1766,521,931,48673,707,78819.2,18413,4467,1323,429,5545
49886,13905,9764,3315,269,752,5367,1329,2993.16,2993,3798,861,845,9950
59699,12,6444,4605,691,348,6433,1347,3581.94,15755,3645,94,3162,7253
86396,25111,10893,2033,709,834,4630,602,5183.76,3286,4606,1746,4961,7466
100678,19623,12842,790,328,42,7698,783,12081.36,13995,1318,1492,4871,4110
35279,2317,4723,2009,243,775,2483,397,2116.74,9437,14780,1840,554,3613
441322,20426,109908,2053,716,481,5502,1981,88264.4,17408,2204,1646,2848,8304
120776,7485,24043,2218,897,376,13407,1613,14493.12,11249,8729,457,825,1048
111444,33024,5203,2334,451,77,14576,390,13373.28,12479,12407,1539,2478,4916
378444,91005,2976,3011,948,35,52123,748,75688.8,3940,10189,1597,2354,8121
123793,15903,7426,1786,567,382,4400,1335,14855.16,8831,263,529,2460,1537
388422,68748,22887,1800,735,815,47660,13,77684.4,7574,9112,1467,2063,1088
220809,58528,26710,497,601,173,13899,1193,44161.8,2156,5866,620,1347,1964
181616,38943,41387,2267,566,927,18026,108,21793.92,19614,6809,895,1003,8363
375391,27799,47470,4916,973,646,17401,1861,75078.2,3189,10450,1661,4242,4249
252262,46339,6486,5918,271,329,5617,1853,50452.4,16094,13278,319,3690,4178
18997,0,1944,1834,206,651,2179,42,1139.82,9694,9728,1636,678,9374
116102,29281,22623,2013,934,54,11665,824,13932.24,2543,13592,1427,541,7502
357855,58260,23806,1648,288,763,32412,357,71571,19959,12045,691,1051,5939
388189,14877,5973,5083,348,999,48110,474,77637.8,16938,7327,291,1774,6521
50860,13913,9463,4862,870,278,4471,1098,3051.6,15333,2617,701,66,5856
275369,24723,45939,4144,934,458,20850,1950,55073.8,16759,13676,303,3647,2441
120114,12943,16317,895,510,691,11675,1330,14413.68,19817,279,1887,4665,9455
462686,121401,29157,438,799,524,20634,1776,92537.2,18996,4260,1268,994,45
123218,20455,5521,1314,559,715,14877,504,14786.16,9678,1252,568,4604,6228
372908,90027,12891,541,795,454,12969,834,74581.6,12886,3267,1592,2883,1236
117041,5912,16795,2663,998,820,15434,896,14044.92,16720,12145,243,3397,4330
384368,29974,22474,1032,677,574,36045,79,76873.6,10922,1891,858,0,2316
335800,27371,26507,434,764,491,5955,1707,67160,8377,7818,424,1239,1458
455096,98746,10687,3559,392,73,12131,493,91019.2,11677,5937,732,3343,983
202150,35712,33014,4061,239,454,11136,1969,40430,9506,5279,1844,4465,7939
491862,135008,11009,2926,665,818,11110,1851,98372.4,14040,2521,87,1560,7165
86290,398,2171,3440,211,953,1444,1282,5177.4,15882,3191,1085,392,4766
66633,15696,11523,2786,361,154,8279,503,3997.98,16484,7768,412,198,5865
298799,63969,48296,2424,397,518,31932,1351,59759.8,15181,2488,550,4646,3992
131118,28368,22102,1810,853,374,19569,625,15734.16,2403,3601,593,4054,2262
184673,2995,34828,2118,646,305,12,847,22160.76,14790,13740,9,642,9610
13114,0,799,5153,205,919,880,110,0,14671,9056,1468,514,4827
298646,34984,56342,3096,608,342,31713,1845,59729.2,4080,14891,1079,3398,5244
59768,11523,944,4812,438,664,5276,1537,3586.08,11640,1718,1288,1486,4027
320272,65228,26823,4602,692,43,41279,540,64054.4,12896,14839,1713,3286,2172
423244,92099,5361,1943,619,547,20771,783,84648.8,14151,10782,1994,3961,6847
458781,56790,91374,3068,538,440,13927,246,91756.2,8442,2425,267,4228,2478
93123,160,14638,4706,570,96,4868,1244,5587.38,10304,2193,385,1362,175
118255,15648,5284,5727,662,164,5770,606,14190.6,7101,13842,1497,2006,8266
176405,40835,23265,3664,859,745,13211,745,21168.6,11536,5360,584,4635,2800
13174,0,175,1699,706,102,1456,1338,0,17254,460,1040,4104,2567
127769,3573,9244,1850,708,435,6199,1418,15332.28,13303,1485,34,2046,2099
307542,60521,10916,3711,883,380,17480,1778,61508.4,17009,586,1965,2484,6461
439145,34593,75045,382,947,446,17353,1503,87829,2205,8692,1730,1767,6797
145393,13786,31102,5996,230,6,18904,1047,17447.16,3909,1453,709,2318,7236
395693,94036,47659,5871,593,93,36019,1874,79138.6,11172,11026,1002,4718,4442
237043,9815,24324,5422,941,443,193,1695,47408.6,11450,6020,1878,4468,9135
252580,21966,14003,1779,436,478,27420,841,50516,17451,9527,802,494,5771
196493,13794,27943,3220,433,632,23935,693,23579.16,11951,14898,462,1509,4927
82635,1176,9866,2583,640,876,1252,240,4958.1,13677,2993,199,2806,8179
295904,21302,11369,2740,537,493,17178,695,59180.8,18423,6519,289,2673,3207
414576,61064,19329,2082,850,36,27298,1375,82915.2,8539,8799,1034,4209,1511
151385,21264,13218,5377,700,532,1626,854,18166.2,5676,11829,1901,1245,1345
402818,85140,86700,904,744,97,16082,352,80563.6,5968,10999,1922,722,3788
252878,27835,37424,4633,557,813,7243,1373,50575.6,13737,609,1756,2617,1744
227070,49282,12410,1030,476,20,30311,93,45414,5059,8568,9,2395,7246
409017,121347,29730,5738,325,231,47548,1350,81803.4,4353,1951,1105,4118,9099
286274,52714,2665,1660,670,467,7364,1743,57254.8,11961,7087,1361,471,6770
417487,67035,39899,2378,939,353,31927,1962,83497.4,19391,11902,1803,4083,1409
419291,23814,37703,1277,532,71,53324,52,83858.2,6027,5195,1498,1529,7542
379359,24089,65951,5310,407,351,11711,369,75871.8,9300,8440,885,586,6278
160056,7626,33475,1937,496,51,17704,1920,19206.72,5988,10385,178,3086,4371
360239,55831,24172,2281,421,221,36227,1117,72047.8,12816,7155,1618,389,4359
333086,32746,2684,3250,410,796,2369,609,66617.2,3617,4068,1768,2038,6233
153933,16137,7494,3600,545,324,18852,1468,18471.96,4368,481,1376,4126,4743
108970,19172,19750,4304,841,989,10785,629,13076.4,14054,11930,1112,778,4893
92203,21260,19887,882,303,459,9849,1313,5532.18,7722,8860,619,3907,8885
474592,36476,20826,759,676,166,11569,1852,94918.4,4491,1434,1210,974,733
202319,26283,6180,435,216,282,20421,357,40463.8,12113,7494,513,879,6174
210173,1769,46779,2276,990,500,16729,60,42034.6,15473,13509,769,4887,4099
162049,42278,2559,1277,848,716,18048,1502,19445.88,7479,3588,132,3853,5213
453833,15634,62288,583,497,366,53025,1275,90766.6,18841,4591,1685,3095,760
460689,126259,40905,3197,212,649,38148,759,92137.8,10879,6957,1527,3926,1557
227726,10965,3971,2698,505,35,30041,775,45545.2,8116,13530,928,1092,9853
360321,27566,56068,4412,430,606,40619,565,72064.2,6888,2969,1515,2670,5003
82902,19428,18113,1538,190,527,10898,1204,4974.12,3219,13141,324,3737,7709
102172,375,10093,3766,689,998,6292,1171,12260.64,6187,3097,1691,2141,9220
156702,19420,12951,5818,516,748,1912,1069,18804.24,16988,4131,1465,3685,890
30056,8852,1041,2761,426,675,3685,1141,1803.36,16596,13658,1677,3631,6341
148454,6218,32794,5663,370,601,8058,1116,17814.48,12478,5408,1639,249,2666
65739,17124,2583,3466,878,619,5680,1566,3944.34,19478,9238,1130,3890,7786
353829,74031,26250,4004,883,595,19644,1236,70765.8,9866,8631,561,3522,2466
58639,1085,3055,2353,210,254,2112,153,3518.34,13810,10296,1737,3473,5589
463054,64057,72337,1079,252,929,41635,478,92610.8,14943,13386,168,3570,5042
449257,78609,34426,2434,334,676,63711,1470,89851.4,14595,11294,1678,27,589
273136,76907,60532,2536,296,199,33243,915,54627.2,9566,10164,969,3101,8679
82394,17594,7299,1939,224,835,325,277,4943.64,9145,11091,1347,4552,9871
339801,11226,9933,719,622,826,48700,1336,67960.2,11318,9511,810,1472,6671
299304,52271,31979,2126,150,668,19647,440,59860.8,6375,3258,1974,2851,1555
317300,10046,45047,3438,565,30,40807,615,63460,12838,8573,816,3576,2433
192447,49419,4137,3989,618,577,18519,1177,23093.64,8276,3107,508,61,6906
358586,37117,11423,5255,514,600,15817,1808,71717.2,8229,7081,145,1209,6586
160644,4965,24315,506,994,485,20637,856,19277.28,14892,12680,848,581,9685
390069,59478,34482,3690,823,258,9488,1892,78013.8,3204,3409,1118,3196,2308
14136,0,3196,4170,166,252,939,154,0,15982,6713,1015,1861,3265
71868,17373,3347,4096,659,493,8135,1858,4312.08,3529,8162,992,1915,3238
354407,45452,34754,2834,904,233,281,1591,70881.4,16369,10003,408,2495,2091
304311,50089,36312,2480,588,106,33424,1815,60862.2,6573,692,1419,469,8360
120957,6654,23363,4510,680,580,2210,1560,14514.84,3746,11307,950,1042,9055
25479,6704,701,4606,991,789,3245,881,1528.74,18849,11708,814,3783,1597
129392,22407,24121,4527,208,335,9092,1801,15527.04,9375,3112,980,2367,6218
172448,2358,42414,1697,862,712,7468,803,20693.76,13768,11611,976,1751,793
145895,26583,14415,4549,264,52,12618,1769,17507.4,13967,14905,1619,552,3122
266228,6360,56414,5315,352,943,32911,1745,53245.6,12613,7000,604,1202,8654
211528,53968,51623,1746,955,968,19753,1660,42305.6,5594,6459,66,2556,8110
291729,3743,47052,1251,692,752,36701,1708,58345.8,18623,9717,710,71,3402
244847,7159,21398,4321,343,843,30259,1653,48969.4,19203,1045,959,4826,4464
420488,32151,32691,5785,621,686,49801,1424,84097.6,13487,11985,1595,4842,852
298763,518,72195,2017,255,41,21144,1997,59752.6,12777,320,1888,1282,8043
347213,16652,86180,4542,967,259,19675,313,69442.6,19196,14171,1241,144,7093
312039,78461,54697,4105,275,368,24748,1618,62407.8,3613,12423,1235,1518,4916
275864,71011,3044,3498,563,209,2048,593,55172.8,7640,5253,938,3141,7461
291411,42348,3883,5110,764,465,32211,22,58282.2,17693,14486,420,921,4632
156768,9886,31712,1896,824,41,5323,647,18812.16,15558,4206,1183,3247,4198
171040,11465,19324,5919,659,938,11119,1329,20524.8,7633,9122,1506,4179,9967
325508,76757,21545,4033,650,352,1894,1423,65101.6,9676,2053,340,281,546
426561,24395,18204,3516,976,681,5320,600,85312.2,15175,4374,179,2421,5704
61567,2335,6884,1206,270,893,3976,1834,3694.02,11674,9370,1588,2031,9381
101229,3674,15762,4050,901,258,13225,1375,12147.48,15683,7713,1896,441,2493
464823,131572,93907,4358,756,954,28125,880,92964.6,18418,12627,1277,2840,3684
422601,124541,84383,2454,357,997,52527,881,84520.2,11791,5855,1019,3854,3587
486874,8083,36139,5224,810,336,6887,1234,97374.8,7737,5116,1207,4703,412
470116,106598,106831,1637,499,715,63448,1617,94023.2,9576,939,839,4831,2761
209316,15720,10116,4406,969,394,8145,95,41863.2,4912,4584,385,1558,9972
206497,5543,30125,2795,342,848,28183,1581,41299.4,3544,6156,242,604,7760
350662,68812,28436,3274,803,674,20561,1456,70132.4,15866,6672,1967,4541,3529
92844,19469,2788,2742,933,104,602,1383,5570.64,7897,1071,1551,2077,6505
173991,30635,32149,5924,972,689,20139,782,20878.92,6640,10389,1882,2639,8531
100697,22119,4125,4773,542,702,14263,1072,12083.64,7612,10539,1955,3584,4550
67196,6613,3606,660,646,123,6690,1684,4031.76,19288,12064,137,3276,9992
125600,1327,17924,3364,541,709,15621,1610,15072,3589,7374,1371,4003,7711
110625,10666,8766,5967,862,98,14991,1244,13275,10343,8233,592,1280,2331
482617,85666,98524,5037,823,5,38102,735,96523.4,9551,3442,1789,4501,3133
403711,22068,86842,872,258,799,9179,1029,80742.2,8970,13774,125,3940,3073
316899,49057,42973,2255,619,266,37004,1078,63379.8,12518,8230,1368,2012,2373
470900,18946,76369,3344,499,42,20618,850,94180,14604,8763,1230,3645,6663
43324,4163,5613,1884,924,806,3118,1999,2599.44,9736,2052,1425,3663,3211
351073,85237,33521,5318,871,652,1083,843,70214.6,16378,8935,1883,2603,9106
404768,117124,95484,2533,298,268,59952,1038,80953.6,17677,13212,1790,2056,2938
61272,5769,13875,3592,405,550,1084,522,3676.32,13161,696,257,2069,3807
439069,61340,7488,5937,538,941,50901,1406,87813.8,4007,6678,1151,680,155
259264,35162,39974,3546,348,673,3546,1190,51852.8,10138,10469,1319,257,7812
173996,22852,42448,2114,592,194,8231,1399,20879.52,7980,13771,553,4224,7338
346606,85924,7938,4341,998,927,46425,1097,69321.2,19519,14057,1246,1033,4464
237459,33434,51113,2189,335,323,34118,818,47491.8,13159,9552,606,3682,8203
164961,22102,38726,2199,493,615,18378,1700,19795.32,14232,2563,664,3671,4932
246538,21536,15770,5623,826,756,14140,1968,49307.6,8006,8851,1664,177,9492
64675,12355,3483,2955,257,64,743,1208,3880.5,12746,7077,1745,747,1079
83591,2234,6635,2629,744,200,3282,87,5015.46,5806,1631,1551,3502,5654
473406,104639,74165,4018,962,880,53285,1778,94681.2,7826,14138,169,2733,5893
163706,31147,31668,5835,229,241,6611,355,19644.72,16808,7550,676,3785,1954
304507,50526,21487,1356,402,6,43324,1088,60901.4,15568,6590,360,2963,8186
204824,23659,12869,2429,174,218,15570,1296,40964.8,9216,9725,1001,627,3460
349148,104663,74755,1806,432,2,37678,190,69829.6,19871,8570,548,4811,2641
459614,112180,40797,1930,712,853,61978,653,91922.8,2738,7872,710,187,2900
239530,23088,56298,5360,769,463,22140,1061,47906,15006,7744,133,829,7719
312862,68464,44933,1291,387,967,40211,1397,62572.4,6321,4573,1485,1756,5372
123627,28184,11043,4890,465,964,16875,664,14835.24,4440,7850,1429,1178,2246
223988,20099,9570,1493,989,304,7976,379,44797.6,11020,7643,369,2012,6619
299014,69810,6886,4268,612,313,20537,36,59802.8,9800,1516,862,2360,6114
47394,8586,1958,1002,847,477,1482,738,2843.64,15412,7495,1772,3395,1425
324201,91280,43087,1330,741,795,1949,1877,64840.2,13797,12208,1737,3782,7891
89795,4971,2183,5799,989,882,10635,951,5387.7,15927,4602,173,3384,5593
352553,8389,3774,5221,757,410,21877,1275,70510.6,4475,13584,1319,42,6241
285160,17352,29018,2781,531,497,3133,1902,57032,17645,8764,1333,523,2278
52137,12100,3919,5453,614,533,3517,1158,3128.22,2315,9117,1069,4186,228
403369,117843,14272,862,299,605,2134,10,80673.8,18860,633,419,4533,9933
148925,21148,22586,666,501,356,610,1225,17871,2550,10135,1654,3157,4600
22379,2504,777,1093,591,70,1147,333,1342.74,4472,6153,296,1609,3937
419008,56795,2566,3403,544,881,22501,418,83801.6,10072,7429,1765,2996,8659
131169,38774,10953,5031,514,733,2561,237,15740.28,11156,13555,865,3923,5906
179439,28743,31696,1286,155,12,23429,880,21532.68,4186,1593,834,287,4233
159172,28894,7404,1257,683,405,828,1443,19100.64,6227,10206,1917,4307,6321
136082,30995,32846,3895,369,970,18079,1477,16329.84,8304,7204,790,3460,1825
385233,57114,67117,1154,161,516,43164,307,77046.6,14704,4290,1194,4314,2482
466672,115957,79602,1869,944,21,43233,580,93334.4,10748,2941,316,345,2887
21049,1364,2162,2556,534,974,2880,169,1262.94,8308,14596,1296,1034,9522
404002,88636,50637,4209,853,894,22158,1606,80800.4,19714,6826,732,4715,2729
473120,115158,22129,5830,607,308,36233,1806,94624,14102,3451,1728,4755,6481
171771,22981,30845,4403,374,294,16649,1172,20612.52,8879,5954,1538,2090,7994
394928,65282,79449,5132,485,548,34057,1524,78985.6,11635,221,1101,581,9846
319835,60360,66500,2522,316,30,28196,593,63967,5575,714,1226,1196,2608
178112,10246,10739,4476,465,61,5411,1536,21373.44,12927,11190,29,2414,2350
259527,59395,58172,5554,265,220,27967,451,51905.4,13804,11461,1044,1857,3992
234062,32486,2673,537,987,358,16856,1930,46812.4,5369,11272,143,3261,1901
67986,19338,5293,5891,647,592,6542,521,4079.16,19334,14209,1773,2742,7662
441978,50300,31171,3588,297,382,54344,940,88395.6,12690,4978,829,3493,4237
164672,3086,23643,5445,185,744,10767,439,19760.64,14907,1193,571,860,5099
366918,91071,10624,4582,556,517,1896,146,73383.6,15959,14526,626,2848,6169
231849,14860,1228,5025,534,616,19538,885,46369.8,12353,9764,1416,4007,9946
423026,17013,52930,2032,906,336,22701,297,84605.2,17448,1788,758,1879,6455
226775,7407,34608,3361,560,161,11691,1629,45355,13799,14517,1601,4264,977
490563,33542,49649,1114,457,854,22818,369,98112.6,2921,13160,921,900,2257
115315,24935,16920,5009,791,563,13316,808,13837.8,6071,8615,361,899,6349
329348,49079,19689,1486,389,157,12197,893,65869.6,12126,4832,1346,3290,5958
292229,34111,63503,2525,516,12,36101,1256,58445.8,10809,14841,1294,2548,4356
187926,10161,7124,1284,453,185,18610,659,22551.12,12660,14521,1803,4244,1127
478013,76955,42124,1097,766,733,3213,123,95602.6,3809,4598,530,2314,4668
225341,40565,51123,5473,316,752,2517,1434,45068.2,2971,2881,1768,13,7167
180851,19283,31339,4462,703,308,11240,1803,21702.12,3986,1579,525,1273,304
197279,934,7587,843,915,147,24433,247,23673.48,10365,4873,1166,419,8289
235687,38233,3527,819,450,901,34922,1485,47137.4,18963,5588,1622,4676,6211
306124,22695,33067,2846,354,54,14906,1405,61224.8,7688,10454,1290,3424,8252
328261,90488,51538,5341,344,926,32529,1121,65652.2,18857,2765,62,3179,6409
155213,42734,3963,1754,320,570,19486,959,18625.56,15524,2500,810,2998,2684
150416,15721,37455,1358,911,914,20002,1129,18049.92,7519,9500,194,4954,700
25896,1505,4171,2536,765,709,3843,881,1553.76,16959,12017,682,4530,1239
99353,5363,20243,1412,551,609,520,677,5961.18,4326,11169,1664,196,8690
39813,10846,9105,3706,188,667,1644,1473,2388.78,2215,2410,1155,331,7530
225503,1010,32693,1246,897,761,654,1136,45100.6,6605,5556,852,2840,91
75679,14924,13067,4330,795,908,41,569,4540.74,6690,9497,1048,605,2241
151753,19861,3695,435,401,691,14932,479,18210.36,17578,13261,1875,1327,5562
213975,24125,9112,2893,831,509,11103,881,42795,8247,13077,73,2010,1196
275372,9369,32059,1092,432,585,13135,468,55074.4,5122,10841,209,3037,2840
407798,69393,58867,1436,356,572,54572,365,81559.6,10960,7154,224,4938,8450
219755,26671,7242,1662,649,936,26884,757,43951,17363,347,1588,4000,5208
283541,75400,55283,854,292,44,1513,778,56708.2,3112,3708,418,4936,7795
442015,64512,63853,5341,168,646,64183,925,88403,6857,3892,408,4753,4664
309155,75656,20001,2872,851,721,9472,1983,61831,16698,5879,130,1536,2627
89183,20223,2700,3703,725,85,4924,1918,5350.98,4077,3426,946,581,1153
365398,97686,50157,2554,891,781,27714,338,73079.6,10708,6303,177,1668,3077
447480,15489,18085,1666,968,291,41179,1199,89496,8636,10568,1548,514,4216
52317,10637,3302,1248,836,263,3394,1319,3139.02,13664,10558,290,601,7906
188986,4389,13339,403,974,267,20393,1649,22678.32,14335,1493,1496,1477,374
225705,49703,15834,1346,169,935,21343,93,45141,7472,8381,950,3850,5690
374633,87486,76620,4326,937,224,44767,1785,74926.6,3739,615,145,1866,3093
186326,11089,29543,2914,999,215,26608,354,22359.12,15811,7178,946,1319,5360
312240,58228,35930,3631,597,873,34397,1091,62448,10466,3281,1053,4197,6669
325929,3051,41074,1263,375,230,23610,148,65185.8,12420,7777,39,3135,5101
62344,5322,15518,3571,892,701,3249,4,3740.64,6566,7590,1645,1615,6057
256060,28805,60673,1137,250,653,16844,245,51212,2678,3089,1053,2771,5958
485859,94978,29044,2758,888,176,64835,1699,97171.8,2894,9992,1209,2131,8900
392526,44557,78673,5978,443,562,30901,761,78505.2,16265,12665,1367,2521,1826
209618,2555,34905,1181,699,701,27089,986,41923.6,10291,9592,601,2274,9072
474307,50241,54004,3488,214,516,223,646,94861.4,8162,6887,832,2303,1400
468819,127838,62761,4819,648,722,2445,892,93763.8,16425,10266,1376,4332,8539
169484,458,5948,2502,225,706,23711,443,20338.08,8633,4872,1095,4585,9316
120489,16066,14693,3634,853,512,16837,1207,14458.68,7778,3297,1035,2712,199
454874,135793,98103,2498,784,103,45418,286,90974.8,7434,3468,1415,1703,6089
452765,77982,96725,511,274,872,30544,211,90553,7436,9825,1994,536,3373
268667,6304,26012,1515,176,100,31495,1560,53733.4,10223,5037,77,4105,5833
21549,5373,4785,1180,764,639,2722,1893,1292.94,19964,13576,1297,364,9298
474432,42967,97585,1054,425,864,5911,1019,94886.4,4466,11941,1259,4770,4383
35739,1920,5310,5517,721,304,4098,695,2144.34,19385,1976,1127,2330,6541
293353,78763,44388,1000,829,760,12880,216,58670.6,13393,6739,1600,4091,1047
117051,6298,456,2519,232,912,12067,848,14046.12,6832,7851,1748,412,1297
491184,111023,82368,670,635,968,25266,1508,98236.8,13209,12267,393,354,502
25116,5146,67,2032,612,350,1383,334,1506.96,12028,8031,1060,2196,1909
30045,1003,4089,5559,155,802,848,886,1802.7,10864,11377,284,168,8986
429543,117771,67398,5308,825,450,47032,1993,85908.6,18097,12286,1709,4242,7953
45709,10306,1802,1101,517,268,3386,1697,2742.54,9785,6526,1127,1515,7549
315761,2589,29545,1289,620,371,21208,171,63152.2,17334,10703,727,4389,1347
463355,125023,111058,5071,863,932,38933,874,92671,6676,8339,1913,4672,3484
167977,37078,40322,715,598,37,18852,518,20157.24,9816,10116,1323,103,5250
467364,54918,73855,3265,838,845,55242,1638,93472.8,13507,10466,931,2642,3152
213675,13601,38663,3637,519,901,29821,1330,42735,17720,9666,1553,1071,838
239167,7711,45788,3912,489,761,26004,152,47833.4,7610,707,590,2311,3580
391923,86900,28401,5558,817,732,38542,486,78384.6,9450,14483,1951,4807,9090
315063,59430,58611,5357,427,62,20309,1773,63012.6,8312,902,1258,2658,4556
355665,63327,12202,1920,489,764,47718,1947,71133,15650,6471,364,4404,6929
496121,102605,63368,1835,964,504,43575,1705,99224.2,17303,11879,1555,2942,2173
486616,3970,103819,4644,763,944,49890,410,97323.2,10402,9219,801,2163,7253
229222,36176,20122,3092,229,264,31264,1444,45844.4,5178,6762,584,2619,9388
199518,46575,33135,872,855,675,24180,310,23942.16,2316,14167,1448,4541,1675
193500,41730,22585,5193,942,534,2218,486,23220,6417,3691,1526,1482,3110
451110,123252,63535,5396,752,78,14669,1829,90222,17564,1023,1377,3468,2993
484365,137022,14897,5156,216,629,7915,499,96873,14511,10085,162,3928,4797
278591,73511,21291,3955,364,184,7106,567,55718.2,10088,13740,1208,1842,3766
15499,0,58,592,565,945,874,91,929.94,4666,9284,1399,4508,8978
49041,4930,4256,4593,294,494,7101,1697,2942.46,19469,6887,794,1113,5549
303459,23398,73830,379,701,570,31577,668,60691.8,15324,3350,1769,370,2141
142371,25277,4507,5804,873,369,8526,492,17084.52,5863,13276,273,1254,8821
392650,26761,28854,4532,435,902,38755,1711,78530,13244,3327,1940,1386,6708
146066,31533,15475,4608,720,814,1178,1095,17527.92,6026,10351,657,1576,1387
236486,22880,44905,2162,689,763,17013,1100,47297.2,10780,3108,666,4395,6011
222235,41753,14334,918,196,600,6014,45,44447,8238,13565,734,3205,9862
267831,1561,40185,1259,386,740,32848,804,53566.2,10869,7781,1947,1911,4495
410705,53205,64398,3578,266,854,33677,758,82141,14957,7840,1120,1649,1113
363791,106948,90608,4035,300,330,41409,1538,72758.2,17327,14043,504,2650,1171
304499,59810,26427,2513,232,439,35838,1357,60899.8,19693,4497,1166,3368,4227
345949,64482,55535,3874,206,237,27546,735,69189.8,19974,4518,1452,1759,898
340511,69192,76572,4296,878,903,38197,982,68102.2,13437,9544,1582,150,2418
382050,87154,63690,2777,534,291,20462,760,76410,17632,6673,374,37,8300
389553,86066,14060,3551,369,425,18363,1238,77910.6,9521,14169,1827,1054,3889
349499,87408,50641,2468,434,294,4775,76,69899.8,16134,7224,1554,4495,7733
126220,28330,13607,3545,903,832,15714,1512,15146.4,5973,6059,1890,3706,3511
231421,16139,35102,2678,583,499,729,1254,46284.2,8593,9856,735,898,372
359317,32977,63560,2022,469,555,27875,49,71863.4,19220,6333,1068,3151,8833
274140,4983,64213,1461,760,844,30910,660,54828,11257,6471,1126,882,1220
261071,39909,24074,2189,391,591,7905,106,52214.2,5045,7508,1017,655,1549
316531,64480,61776,2340,614,685,9205,1455,63306.2,6431,14533,251,2116,2859
13089,0,202,4271,352,652,679,697,0,14253,6341,1592,3253,6629
370971,36734,28210,3701,698,36,50472,1822,74194.2,15321,12957,1867,1243,6830
292803,42837,44088,3609,907,525,6332,497,58560.6,3959,10600,1654,2902,7003
317322,74354,60035,5949,594,633,36032,1030,63464.4,15079,9864,1180,4905,5376
105965,10918,11683,1399,789,396,4608,824,12715.8,4406,13002,1505,4287,5478
91268,9650,2962,4318,284,749,13320,291,5476.08,9246,11852,1039,2173,4376
357186,66786,62248,1988,725,395,45642,978,71437.2,2132,1081,1173,1554,4471
378615,4758,35552,4432,935,566,29519,1365,75723,10867,6306,327,594,4665
211798,37131,46253,1144,690,923,19292,1303,42359.6,9154,2771,1334,4354,9885
342255,67699,45321,1943,636,21,19427,535,68451,15289,11752,1931,3847,2830
247103,21832,47350,2633,887,339,2190,311,49420.6,2789,11952,1505,1438,2270
254754,1868,63565,1563,721,494,5946,1748,50950.8,7511,1250,655,1810,6826
175637,49333,43861,3234,635,402,10761,1724,21076.44,2990,568,822,720,5592
372579,50665,39164,3985,715,202,19888,490,74515.8,16899,2116,814,4416,6780
99242,15568,14810,515,989,925,7306,76,5954.52,10987,13524,1531,820,237
385348,41862,82095,5076,810,949,29725,123,77069.6,15598,7733,72,1804,4313
163956,19728,5691,3957,554,345,9494,965,19674.72,9988,14658,1818,1594,5263
289343,39857,3532,2640,719,14,41749,283,57868.6,16726,13202,622,3256,247
70038,18940,16223,1807,582,29,8114,1695,4202.28,8273,11717,1122,4010,3738
67786,5280,10346,2390,697,28,7964,844,4067.16,19982,13202,394,11,7760
381780,102548,79018,3678,806,763,1964,481,76356,8696,4971,1234,3807,3350
246042,2164,26681,1416,399,159,32678,1247,49208.4,9958,11824,862,407,8539
321438,92724,5456,5688,229,628,27848,1781,64287.6,11905,5505,1678,1416,3545
219087,18405,3413,3040,164,669,1344,1101,43817.4,5542,10759,436,4163,4081
175250,2821,7085,5634,189,619,2737,607,21030,3696,9849,632,3736,2610
415881,55090,27937,5354,230,626,26991,556,83176.2,12282,11073,858,3939,2379
272678,22516,20563,2461,659,271,19029,68,54535.6,11682,3962,1568,2838,1960
363972,10473,74868,3556,456,419,43567,1122,72794.4,5126,5619,198,3150,6619
308276,46454,37575,3268,854,849,43725,1911,61655.2,5425,11481,726,344,1418
387864,42530,7386,1448,546,488,40789,67,77572.8,10868,13987,355,4796,7141
308254,77714,59150,3476,827,175,42912,77,61650.8,3272,1410,1045,2922,6636
199826,59588,29572,4553,353,230,22405,1169,23979.12,19734,1926,1856,3081,906
335724,92554,35271,5303,360,795,31578,74,67144.8,14416,14578,569,4677,1998
425685,82633,49810,5924,548,317,27973,1874,85137,9934,3521,1818,2291,5529
336160,79632,64260,3645,522,761,21302,513,67232,6003,1420,1907,3387,4505
56233,7203,11030,4261,538,466,4405,993,3373.98,5264,7351,1482,3932,3350
402007,69081,13138,1440,407,439,37566,1922,80401.4,2688,5522,1010,3539,8138
207780,24798,47369,3233,264,55,13672,1692,41556,19966,4236,1675,3904,6019
461448,131935,15646,5955,483,330,55935,1110,92289.6,17998,7120,1467,1493,4467
234522,16148,28812,2407,498,272,27950,1785,46904.4,11515,4190,468,3896,8905
489653,86545,88958,2748,382,701,37560,1071,97930.6,6907,6098,327,473,1532
116311,17809,10645,1127,658,20,3713,765,13957.32,2364,8580,1484,1279,8425
44409,2304,8102,1503,598,164,3748,1600,2664.54,18899,1046,1252,843,4128
256231,66189,22409,3603,226,491,11988,1065,51246.2,18959,12960,1568,3598,4730
422540,124039,39266,1144,977,882,27276,133,84508,6917,472,625,4912,5558
411954,8129,88268,3271,757,417,58994,826,82390.8,14146,1148,1217,4941,3779
296198,23118,46557,1568,247,992,4416,592,59239.6,8908,5409,1416,3713,5859
39709,443,3041,5033,717,796,3548,1042,2382.54,10142,469,1484,4470,7175
119321,27041,12195,5044,779,579,16687,1899,14318.52,9909,13631,1305,3531,8661
488859,89379,84258,1929,611,991,29598,691,97771.8,16330,4862,1708,574,1373
10363,0,110,3830,649,955,940,828,0,3373,7632,566,279,8312
282502,37204,21571,5385,780,266,31799,1143,56500.4,8470,5510,366,767,6799
406456,117545,34486,1103,187,729,22719,1921,81291.2,15863,9698,179,3585,9181
475417,126675,88436,427,846,337,43838,1358,95083.4,11882,11114,392,4689,9627
55689,8291,12483,1251,507,895,79,1942,3341.34,12150,9250,1276,603,2466
274080,16285,125,2564,391,884,13595,530,54816,7242,1980,974,2776,8328
384416,92422,48814,319,200,607,8294,1888,76883.2,10923,14999,1272,2566,8741
101074,28821,24837,3938,574,187,8920,69,12128.88,16112,11267,1158,1516,9896
185037,13944,19318,2081,276,474,15345,433,22204.44,19217,14237,1002,2551,6221
218606,54391,38685,4134,252,207,9147,1212,43721.2,12344,5093,1336,4523,4575
10882,0,2202,3431,626,73,1612,1426,0,15510,3361,184,1526,3878
423440,2953,7590,5070,378,875,45825,1629,84688,16860,4654,118,1490,6301
377371,44941,34850,5134,872,673,21298,1685,75474.2,15151,579,1956,44,4681
264822,71469,12134,856,585,672,25315,1410,52964.4,18668,2414,328,3466,7973
135865,11386,25230,2544,534,393,5709,1659,16303.8,9491,8360,845,2248,4932
133745,4682,15058,3283,234,489,8785,132,16049.4,5538,4911,925,3194,7162
434041,113157,79837,3863,508,571,47319,1245,86808.2,6233,769,1586,1542,43
473956,109588,103397,3025,935,25,36317,66,94791.2,18459,12296,1326,4124,4599
38885,6333,7143,4899,176,873,562,1979,2333.1,17033,5523,879,1506,5355
181128,11154,284,5666,221,536,21394,806,21735.36,16037,8517,83,1687,9250
406419,9047,38334,5133,244,769,34467,230,81283.8,11087,544,1006,2370,1945
201313,22993,43525,5187,737,857,22778,667,40262.6,15666,13156,437,4704,1911
405460,75874,84194,3631,575,851,41684,1920,81092,14985,4225,662,2419,6728
370466,14323,28443,5766,155,514,30581,149,74093.2,3744,9158,1486,1453,1716
340763,37693,3972,496,239,799,15010,1132,68152.6,9237,11889,697,1322,7663
31584,7250,7592,5526,741,256,1342,1452,1895.04,5341,13027,1335,2638,9222
280665,26292,29519,3128,371,279,6228,1518,56133,6251,10650,1566,2634,4876
191089,38551,25704,5139,744,817,20484,818,22930.68,15500,3248,323,999,7763
305685,45111,75864,4288,743,938,18666,614,61137,15221,2513,984,1683,9970
39063,9917,6729,5579,301,759,374,1104,2343.78,15510,13457,189,2503,3772
80268,10145,17673,2769,706,555,2322,1641,4816.08,15386,10693,1650,2802,5853
266306,39491,5720,1930,361,32,9586,1842,53261.2,17904,13699,978,3892,9714
136218,16905,5153,3578,732,293,9032,539,16346.16,5778,229,571,3088,1576
390350,30273,71762,2338,412,623,30089,1785,78070,7013,3576,420,495,8410
468168,125191,68512,5732,531,307,37491,1821,93633.6,8236,13454,801,499,7389
234126,26234,38019,2779,719,290,18435,1511,46825.2,2645,3724,1280,4685,680
180635,13349,36267,5321,206,784,14869,1031,21676.2,4239,2019,1320,2326,7319
180824,1002,19297,4630,575,825,12102,474,21698.88,11653,13275,1758,4439,2333
236305,32573,16587,4874,772,303,14013,253,47261,9094,10407,1639,3318,384
405783,93339,18206,2775,291,42,1547,1576,81156.6,16649,2946,1451,2487,2327
419337,121132,91471,5061,717,815,44938,492,83867.4,10718,2131,802,923,2997
404890,64320,95169,5519,673,555,35221,664,80978,12903,12517,1178,2842,7815
86411,11330,10736,3609,164,800,9628,570,5184.66,6458,12648,660,4039,8400
119876,26504,8633,3478,157,970,2364,1228,14385.12,11917,12113,1223,1022,94
469491,72553,6971,1687,380,598,14874,801,93898.2,11920,9838,1361,4671,7875
208153,41353,9507,941,335,741,7598,1190,41630.6,8765,6690,278,2350,865
170212,16011,25724,5912,202,479,22867,1350,20425.44,16686,12307,552,4590,115
150399,18001,22166,874,286,82,7821,883,18047.88,6054,7945,254,3071,3154
473879,60985,78694,3444,323,203,4614,1749,94775.8,13243,5541,476,816,9549
33331,660,7926,2021,368,987,923,1248,1999.86,2128,1411,463,556,7000
33004,5524,6003,1318,412,641,1450,429,1980.24,10400,7792,1457,4153,1408
248441,5250,11108,5723,404,137,26121,805,49688.2,10237,11404,504,4970,3838
391387,105816,77613,4358,961,82,37554,1502,78277.4,8635,3820,201,1405,2938
413708,23289,69711,3720,419,923,32258,108,82741.6,14251,9926,464,3048,9109
458013,33087,56938,699,736,686,46028,1440,91602.6,2000,3477,533,623,5869
199167,10416,35627,4990,373,647,6758,1396,23900.04,10004,11834,1063,3673,8115
416965,90695,68498,1756,753,618,23851,755,83393,16794,2721,1153,3313,610
335361,36368,79152,1895,283,150,12005,277,67072.2,3634,2105,1833,3398,3315
99044,22344,17751,416,312,943,11096,1434,5942.64,11095,7759,1437,265,1760
281189,70815,32390,682,859,620,35026,1214,56237.8,13363,11942,171,2854,5561
292260,61040,15993,5254,850,733,28440,666,58452,3894,12996,230,2361,8738
28667,1767,3059,2429,222,859,69,1044,1720.02,7656,12544,236,3967,7883
347201,58900,26859,2150,867,318,9516,948,69440.2,7266,9482,594,2378,9286
84205,15494,20878,1131,692,844,11331,1698,5052.3,6850,8419,9,905,2691
37302,1798,820,5268,780,246,2329,249,2238.12,4061,6997,83,3149,9291
414499,45166,27100,3000,944,36,46233,558,82899.8,17136,6244,1470,3388,8006
172007,25574,24086,3081,633,267,8125,1585,20640.84,5364,6575,919,2497,3245
82534,282,7255,3781,820,585,7391,1398,4952.04,11066,8317,1925,28,8014
235414,48070,51814,2417,404,114,367,1673,47082.8,7018,14483,378,1713,9029
172696,5166,32571,4782,906,80,18267,1646,20723.52,2268,3378,1068,1387,5584
23440,6485,2825,2306,767,704,1212,283,1406.4,9622,5697,636,2819,9094
383145,56561,54524,2871,347,725,22913,743,76629,5409,3947,1681,4192,4963
318645,81909,44974,596,576,526,43048,1828,63729,15747,13146,1679,749,7494
490549,87409,46478,1018,642,335,37844,680,98109.8,14374,7758,501,680,677
404485,37664,53768,3436,781,83,26349,992,80897,5495,8152,1894,4617,2083
280012,1293,48544,5994,231,886,23309,1724,56002.4,19638,3142,615,2603,3511
171323,22443,18050,3379,457,777,23204,1586,20558.76,7823,8183,39,1177,6112
350053,49212,19784,5578,931,809,3201,519,70010.6,13962,9082,1423,3211,1046
94523,18595,11774,310,848,153,1920,740,5671.38,13871,14110,1639,2067,8411
179801,9740,34968,5180,937,816,25263,1905,21576.12,15044,6419,1870,3553,3616
25734,4367,892,710,523,252,3093,1465,1544.04,14239,10894,1919,290,6677
183501,42741,12142,3239,713,501,10280,744,22020.12,10185,10784,1383,3436,2236
182409,39044,23007,2954,608,918,16536,444,21889.08,11014,4885,709,213,5571
443541,21747,25158,5625,650,447,53805,416,88708.2,15258,1958,992,656,4794
355744,106456,71587,3486,506,272,23901,530,71148.8,14237,12448,239,3483,4303
465730,37,97112,3750,445,929,12220,1565,93146,12687,11154,1420,1871,5361
280577,48503,4115,898,729,872,9262,461,56115.4,4183,6802,1987,2980,7228
150183,28207,19024,1123,449,824,6473,1165,18021.96,6856,11342,1503,4337,8844
113986,33241,26549,2697,795,853,3790,803,13678.32,12493,1586,561,2531,7886
335897,58,6371,5517,492,506,39664,902,67179.4,18712,10378,156,734,2272
123783,2636,19801,4414,269,131,4098,115,14853.96,12767,10582,953,1932,6621
221655,14834,28690,612,718,710,29447,1130,44331,12009,6922,1670,3981,2999
476836,117302,39355,3274,335,324,23960,1569,95367.2,8407,1861,1248,981,726
293895,27190,43375,4038,733,350,33827,1201,58779,5942,5116,772,2952,7017
157525,7296,9080,2792,307,82,19242,31,18903,11203,5232,1785,4231,817
226916,21383,1883,2245,377,963,12013,297,45383.2,7179,7512,1191,461,2216
442184,124291,70357,530,457,817,9633,1184,88436.8,4015,6712,515,4212,5496
171149,24660,36590,4040,383,125,2266,1910,20537.88,4505,10368,518,1606,3268
249654,2674,8338,2972,160,213,18632,781,49930.8,13723,7310,975,3906,4796
437991,114100,22007,3754,324,834,53641,984,87598.2,10890,11154,1572,3427,747
199216,43833,2477,3883,922,726,7706,411,23905.92,13640,12740,1648,3094,8374
320714,22820,78671,343,792,963,41560,625,64142.8,13677,13447,586,2856,7951
187169,19504,42423,3224,151,749,7986,422,22460.28,17838,11061,186,2902,4594
296647,25666,48100,3993,910,599,835,1117,59329.4,19084,11611,1585,3530,1178
143851,2076,9502,2570,861,895,8591,542,17262.12,17496,5446,836,4980,5750
358984,64854,29236,3757,331,954,10520,151,71796.8,9983,5192,1180,2022,6624
141827,37555,368,3249,499,461,1007,754,17019.24,5269,8743,1462,3801,1622
311407,55208,25839,5684,788,624,8958,1923,62281.4,9615,6464,886,1855,8716
380635,32406,73098,2618,531,104,33200,1485,76127,15859,573,600,1018,6777
327231,61572,7139,5915,446,370,24975,1800,65446.2,16297,6684,1218,4680,479
445497,40262,27141,3685,346,62,33096,1379,89099.4,17719,6374,1503,1501,5686
61482,2581,10010,5806,435,962,4730,837,3688.92,14811,11224,29,3946,3559
458073,30284,64262,2594,705,750,26347,535,91614.6,6998,13856,403,1502,9294
132989,20171,6704,3295,671,468,14718,217,15958.68,3495,7920,989,3593,2361
420616,90627,1887,3938,374,25,1612,1377,84123.2,3090,2216,1090,3264,1185
312259,14333,11975,5216,877,639,28749,1600,62451.8,17281,403,572,2759,2691
286393,30535,544,3667,872,0,29003,1750,57278.6,6569,5691,1323,102,7157
254255,75940,19448,3584,435,93,30882,1424,50851,12436,12899,1591,1673,7496
450041,41516,88366,2642,878,882,53397,1123,90008.2,16950,6904,78,1879,2739
120361,15577,13555,470,480,451,2004,420,14443.32,8786,2849,955,1259,9991
296744,15015,50382,4641,710,973,6703,1329,59348.8,10799,13739,1192,338,2515
309850,91104,23926,5560,312,913,39537,1273,61970,19111,13310,845,3261,783
291366,21236,13333,1939,342,11,22008,428,58273.2,13976,9295,1831,3188,147
371185,98151,16942,916,294,677,19394,1299,74237,19026,9447,817,2118,9031
376648,66640,80220,539,820,297,4245,314,75329.6,13977,2938,1161,3016,284
51139,1270,9704,5835,987,419,1608,314,3068.34,15090,14522,1808,4917,3858
124919,3646,22447,4793,841,783,16167,89,14990.28,6043,8737,14,1958,4644
257677,25906,8861,2156,687,960,33129,1418,51535.4,9760,13708,1628,3302,6722
313446,86643,24833,1222,761,578,35189,438,62689.2,11283,9138,1716,1963,8318
235756,47728,17454,5187,772,166,20365,1875,47151.2,12480,12781,1505,3522,1598
359982,14878,66586,2204,419,253,13906,1274,71996.4,11926,4058,1992,1732,2056
471375,128925,85958,3449,200,866,15289,1600,94275,5766,7117,1074,3525,8711
149718,9145,21530,1112,676,764,10321,1259,17966.16,17569,2369,720,3167,6354
154615,23042,15756,5299,277,757,21112,1100,18553.8,18537,10051,1144,2343,455
235568,18226,4022,2030,801,570,15331,569,47113.6,19591,12862,1089,3341,5166
163857,2802,2634,1131,903,974,10652,99,19662.84,4615,7924,1049,2719,7196
350497,24119,65210,3724,195,293,18434,890,70099.4,7319,5261,805,3734,5515
434622,63560,92681,5790,383,143,61452,811,86924.4,3980,4311,1002,4693,3120
361136,57353,7288,5440,597,208,20643,997,72227.2,4889,8829,892,3037,3695
323572,92721,74528,2507,733,225,4712,1484,64714.4,12801,6692,859,1652,5440
33777,8313,1485,5139,592,457,1368,1421,2026.62,10900,12697,1309,3129,9318
67939,6105,12166,3732,652,906,8027,1995,4076.34,17855,2407,746,2837,5127
456242,51712,93601,5208,756,283,53413,244,91248.4,14810,13796,1078,1727,1658
358594,52189,53574,5975,434,602,11338,1404,71718.8,8002,11515,648,2377,5906
432769,57784,17798,3668,281,485,22587,51,86553.8,10165,5400,1019,2403,5869
33548,2749,6115,5771,625,977,660,161,2012.88,14241,2628,783,4571,2971
466437,115278,3894,2527,942,110,21626,1214,93287.4,11575,14348,1047,2839,817
440481,24512,3846,2560,693,751,20946,121,88096.2,5645,11815,213,3527,5985
135549,36541,14481,4925,505,349,7456,1434,16265.88,4121,5156,787,531,3657
443917,2064,42154,5814,186,332,57859,1013,88783.4,4941,11953,61,3714,9
454503,95614,51176,5334,787,79,63968,1803,90900.6,12503,4682,51,3782,4052
147799,30011,30221,3217,287,385,6380,293,17735.88,18286,1658,1661,534,4673
251532,71152,47764,3820,571,403,8911,245,50306.4,18568,9995,1357,2490,9854
191789,7975,8048,4680,594,715,24747,1207,23014.68,9655,1267,1075,1378,9967
435643,10960,27386,3008,761,988,46464,1472,87128.6,2729,3040,298,3616,7938
157764,27992,33336,2120,391,749,1469,345,18931.68,14267,3778,607,2418,9881
41625,7101,6490,948,394,327,1173,1191,2497.5,2566,861,649,45,9255
297062,58920,23853,488,688,293,14047,1639,59412.4,3311,9585,321,3106,7768
444352,21387,34713,1522,358,493,37434,1428,88870.4,13615,274,326,21,9572
386970,15324,57690,5521,606,183,37668,1439,77394,9736,9587,1984,2148,2658
124881,6243,16791,778,248,211,1174,600,14985.72,14292,9397,612,485,3757
455625,32628,69764,3362,651,250,46311,1547,91125,16198,1660,14,3112,5914
287721,75096,41573,2325,286,738,10133,600,57544.2,2623,11076,330,3593,2021
357299,47452,39899,4912,336,166,36799,1689,71459.8,9616,11165,595,356,8262
121776,4923,24681,2188,185,542,6631,35,14613.12,10689,11914,1329,1649,8869
371390,39235,14975,1850,779,847,39869,1039,74278,8065,3042,1064,4486,5779
243996,27949,48377,5936,819,662,25973,205,48799.2,10414,3922,59,2089,9073
267831,22821,12105,3216,628,161,4021,1517,53566.2,19544,5986,288,3210,8668
222803,22032,49645,5533,936,607,8889,673,44560.6,5834,846,819,1488,4020
168761,8001,30146,5935,830,272,1774,880,20251.32,19380,7202,1701,4094,8340
152226,15303,15238,3555,204,874,21750,1943,18267.12,7949,4790,467,4167,2281
367092,81993,3868,3106,620,535,11403,711,73418.4,12452,5778,377,3654,9652
31341,8675,4385,333,233,418,3473,986,1880.46,10778,10624,191,1642,5550
369698,12303,44294,595,155,629,36831,422,73939.6,4984,9120,393,764,2287
215753,50701,10060,2800,512,406,27330,959,43150.6,13768,3438,351,2119,2794
379942,50511,5433,4079,917,391,6268,204,75988.4,4723,3578,611,1760,7872
318474,80664,22612,3876,859,437,45411,156,63694.8,17590,14487,1969,2693,8035
259141,18280,17822,1729,813,86,28910,1438,51828.2,3004,6620,1982,45,1871
359903,39427,34120,5546,979,404,53760,830,71980.6,3775,3361,314,1412,4164
209488,31644,41004,2489,319,274,2680,298,41897.6,19498,14528,1163,1615,5782
266139,6967,21294,2287,909,414,23128,18,53227.8,12881,11682,569,4012,9986
358951,6661,84300,5043,398,561,3603,1522,71790.2,18996,5760,216,3341,3345
305457,77952,70096,3182,811,326,19728,137,61091.4,13802,4986,8,33,3186
319044,66046,4424,2009,359,111,13488,1591,63808.8,12769,13108,944,2999,2306
88840,8614,7847,3077,889,791,9621,699,5330.4,18076,3900,1468,3889,7303
175767,35200,26863,3997,393,301,5913,42,21092.04,19787,4056,80,2017,3090
171297,1906,29469,1847,290,135,8218,303,20555.64,18394,6246,1741,3925,7941
358216,61671,23184,762,781,332,20155,295,71643.2,3997,2645,471,1918,2607
368511,91070,89446,3615,954,2,39510,1313,73702.2,15827,2121,1640,1463,3293
59156,15554,14309,5605,329,161,8758,1389,3549.36,9782,4257,762,4499,2231
218281,16448,22404,3604,786,511,8438,624,43656.2,2554,3165,562,268,2373
97453,4928,19152,813,903,76,1523,368,5847.18,10955,2531,428,2908,6460
168901,4710,35175,4396,873,184,2364,1152,20268.12,6646,6221,1090,200,7343
484124,15583,54649,5658,166,885,56753,1298,96824.8,16138,12471,369,4318,5289
35938,800,3791,5474,165,569,5352,1280,2156.28,18024,14766,360,1068,3060
69164,6109,6508,3866,534,479,5054,375,4149.84,2754,5978,1103,1477,1575
457746,59757,112711,4103,490,162,37849,1111,91549.2,10528,11263,1553,557,1770
209271,6659,9629,3987,918,20,1773,1944,41854.2,13584,7388,1766,4998,8468
70282,1238,126,4238,947,576,2937,963,4216.92,19500,3185,956,2367,5418
319945,15064,21990,3789,941,577,23920,215,63989,6203,14811,177,2090,2509
412681,31115,42580,1771,195,952,56487,1382,82536.2,5421,4774,653,4946,6457
275470,31952,36087,637,653,297,33859,851,55094,8552,8738,649,3468,6091
406875,5620,8673,3381,919,298,15112,1504,81375,4793,11414,1993,2990,7694
463505,99790,38199,3712,292,281,24503,1307,92701,15945,8563,389,3028,2748
168666,37449,32187,5523,434,962,6106,1130,20239.92,14874,13030,770,1248,4725
125819,4470,4378,2692,504,471,9766,1836,15098.28,7327,7161,1648,405,8290
276907,22003,23553,1276,979,409,13966,482,55381.4,6168,14360,1621,3386,4258
491873,24668,116809,5278,674,391,52753,1047,98374.6,13354,1178,385,2732,6825
151900,11723,22524,2545,982,686,3516,1255,18228,4867,743,1766,4974,41
319732,32046,1420,5433,706,164,11997,1067,63946.4,18831,8593,843,1436,4147
283365,70977,47440,4368,196,967,16975,385,56673,9402,12172,1912,4304,5732
414427,116528,65876,2003,677,81,692,918,82885.4,15117,7060,1920,273,1563
23569,3527,3350,1171,256,657,1163,480,1414.14,5287,4156,947,95,8424
237966,5397,40288,3709,152,715,11984,77,47593.2,18549,13026,1124,4105,2049
47860,1621,11185,2889,765,163,408,317,2871.6,18817,11977,140,4872,2433
212630,17945,4987,4852,244,103,2382,142,42526,17420,4040,543,4762,1517
317481,22233,45517,1849,282,129,21784,1951,63496.2,6165,14918,920,1817,4176
455527,60308,32456,3807,932,595,64176,1750,91105.4,4232,14287,498,3320,7655
154587,4190,38180,4761,350,119,21542,515,18550.44,16462,5713,1445,2376,460
81695,5054,19862,2921,403,258,10314,1235,4901.7,2139,1804,1412,2499,8101
263078,1130,57505,2829,332,103,25440,1917,52615.6,6251,5177,1892,2227,184
252599,14071,7670,2457,299,363,1584,1822,50519.8,12570,3977,913,361,410
378893,85517,89782,2656,698,545,41176,1850,75778.6,9955,6589,137,2383,3828
490443,110240,79302,459,639,893,72949,1734,98088.6,6416,7792,1204,409,8817
165976,2118,29681,5239,654,368,17126,1536,19917.12,16223,7671,1746,3587,7988
201007,663,8323,2402,562,877,4513,324,40201.4,10082,2363,1441,3901,7078
315934,62408,67393,3108,987,685,12030,1549,63186.8,10393,1340,1565,2267,2468
340724,51786,47223,2299,657,957,9055,1245,68144.8,15281,9240,1951,496,2272
478364,81271,96123,2881,800,325,20366,485,95672.8,14873,5751,650,3362,1976
15636,0,1242,3293,761,743,1542,1814,938.16,19853,6468,597,2722,7121
271578,31087,60832,3234,553,184,36452,1478,54315.6,6896,8424,157,1387,1052
349273,88114,25247,2611,385,393,45351,1131,69854.6,19369,4768,1536,3988,7645
406108,53121,98808,3095,745,343,25025,486,81221.6,5553,2188,5,4708,9637
293816,19874,8484,4628,694,529,29923,369,58763.2,6748,6947,589,1178,7760
277956,40821,30682,4628,782,416,32741,629,55591.2,16693,9154,1719,4967,6264
237693,60582,31707,3888,691,230,17499,911,47538.6,10029,1658,1218,4876,3503
10654,0,827,3416,583,134,789,392,0,3889,1927,57,2357,9720
64633,3845,12474,4953,695,44,3428,118,3877.98,3828,7193,998,4357,8312
27143,5304,1059,4047,794,623,1722,1532,1628.58,17378,10305,1230,1950,780
65934,6301,15920,2249,357,491,7044,1773,3956.04,17169,8414,1630,4694,3256
339478,44653,43263,1759,289,924,2193,353,67895.6,9197,11387,1279,2987,8964
113463,16482,21938,4730,737,594,2166,765,13615.56,15727,13482,1533,2233,5590
135851,35056,13319,2751,736,421,17910,1950,16302.12,12595,1305,891,1061,266
39087,9706,2795,4651,969,550,263,956,2345.22,15675,6546,146,751,6690
152690,20681,6900,5485,456,765,9491,1580,18322.8,3359,10994,956,1567,6609
280590,32252,67696,3367,719,920,32458,1661,56118,2084,7474,829,3970,1022
490398,72799,16236,4390,247,144,19802,1670,98079.6,3141,3345,981,2785,9524
374271,62185,64255,3288,274,316,19096,1336,74854.2,19445,6225,1862,907,7673
321011,78313,56485,1071,498,562,37756,1087,64202.2,14770,5675,1242,2659,3522
454244,41538,62293,5341,283,292,43369,257,90848.8,6231,2448,930,2926,6430
332245,20343,6221,1411,375,578,44006,1029,66449,8438,9777,1194,3245,6542
168272,40153,25294,3611,861,535,16619,1899,20192.64,18699,7956,1540,4748,2274
236179,41232,10038,4706,698,633,13889,1340,47235.8,5639,3742,1151,3376,3814
360218,103185,85187,1894,799,465,52486,1441,72043.6,17353,4680,1069,346,8453
202537,53106,23360,3029,869,48,17458,16,40507.4,10209,5207,802,489,5340
227508,53079,8255,1581,855,985,12704,281,45501.6,2148,9434,355,1513,5753
128422,25028,2699,5977,717,660,11082,1867,15410.64,6535,9235,1124,575,2693
360036,42135,87464,3885,488,458,33511,1427,72007.2,14171,11084,1659,1177,9037
229631,31066,48169,3128,988,696,28519,552,45926.2,8149,13182,726,2608,4084
392188,98717,372,2673,471,761,17389,441,78437.6,11210,14085,1955,501,9075
49148,1550,4027,5185,962,424,12,365,2948.88,13324,12608,1795,4088,402
355072,20910,57649,641,236,656,18234,1378,71014.4,8005,1358,1468,4331,410
161770,47482,18898,5398,244,754,21285,354,19412.4,12307,14790,1281,2306,1969
445686,45950,50083,5233,345,876,36371,1333,89137.2,14540,13875,100,4590,2980
495287,16225,23855,5023,341,869,35028,1436,99057.4,19267,1557,162,483,9714
323804,87123,34758,3118,805,660,31783,815,64760.8,14247,6888,557,429,8105
457126,32959,9607,3225,671,67,7814,997,91425.2,4562,12493,1027,1190,1639
307594,49192,74089,1572,902,508,30660,1886,61518.8,13245,3405,762,845,1985
197535,14175,5383,1009,810,735,29445,231,23704.2,12854,6565,1407,4645,6572
305901,10051,60112,1038,801,209,10420,1484,61180.2,13085,11731,1467,2500,269
88012,5892,715,2078,162,703,9954,1113,5280.72,2387,13369,1583,4908,9271
378894,3449,9837,5341,403,299,50440,1173,75778.8,18387,10410,1399,61,5257
399187,41095,57886,4890,230,123,9208,1607,79837.4,11176,11154,1539,2832,6309
473463,104213,50699,4430,871,795,15168,1895,94692.6,4427,3403,1733,167,1179
475231,100245,79486,5826,522,291,53651,1478,95046.2,14320,6292,1586,230,8428
434606,97069,73528,4018,543,420,37253,388,86921.2,19418,4040,1040,1058,6398
66116,4221,1050,5213,881,894,607,1331,3966.96,19099,10491,1283,721,9086
154233,23908,13357,309,567,811,4044,1280,18507.96,3532,5574,341,4308,4782
42152,6543,4742,5381,208,49,4218,1580,2529.12,8328,9133,696,2328,8644
483387,120910,60345,2037,277,985,2836,373,96677.4,11369,11772,980,2318,7442
116379,32322,13369,2878,966,880,14091,1575,13965.48,15143,2596,1995,4754,8417
236905,50710,5044,1858,923,182,33534,191,47381,3902,6613,646,2226,7912
30836,2121,5056,2442,929,246,4598,1546,1850.16,19305,14940,943,4446,934
231439,17412,10288,2923,690,87,27540,1405,46287.8,2693,11056,859,1741,382
469759,110030,90914,4300,482,649,47700,1459,93951.8,16847,3430,237,1048,6552
196720,24657,7261,4845,431,549,16475,1887,23606.4,10858,11632,844,767,2866
167403,5656,18064,5639,729,560,99,134,20088.36,19635,12416,1514,4818,8384
151835,8967,9799,2443,356,71,11216,178,18220.2,18485,14158,1184,2198,625
341588,84958,69058,1164,421,769,40390,1244,68317.6,14545,1796,1511,4818,7589
103109,15764,13690,2100,458,555,1750,221,12373.08,18342,3542,844,1104,8129
160259,15873,2057,3752,552,290,20053,1940,19231.08,3800,4913,1219,4922,3176
153029,28949,35489,3016,324,503,393,550,18363.48,2071,4048,1151,3563,5481
407595,109383,37589,4602,367,627,25169,555,81519,16695,7844,439,1502,7901
431175,51030,100867,2109,821,660,27457,1336,86235,19267,10243,1304,306,9379
92018,2271,14559,5245,475,312,9077,808,5521.08,5049,11263,1010,2668,1715
133076,1607,13692,4641,905,858,8139,1318,15969.12,5903,7327,1107,4551,1805
168177,19523,202,2297,402,790,3052,1683,20181.24,9408,598,1381,438,1808
404093,48447,99245,3231,603,287,41464,1557,80818.6,19817,2588,162,2425,2587
189425,49757,16972,2430,338,729,21620,156,22731,11894,2864,1352,3056,1925
355932,93526,41530,4712,922,507,52902,1837,71186.4,7647,5919,1629,1836,7306
369014,69201,75073,2992,592,70,1777,1475,73802.8,8690,4302,422,280,6983
225657,5462,1642,3476,279,160,23317,2,45131.4,16102,14559,22,1209,3507
355452,31795,1365,3096,634,784,12629,200,71090.4,5211,4864,394,2801,5910
454783,48465,105860,4995,152,126,56499,1412,90956.6,10119,926,1102,4914,1492
330057,61109,65544,5502,500,455,6820,1847,66011.4,18691,2567,1774,3390,2768
12637,0,531,1855,704,681,211,1346,0,15074,736,1140,4759,458
475994,36230,94356,3990,282,528,65029,344,95198.8,12081,5775,1813,2863,2052
314169,48242,58896,5236,839,303,584,415,62833.8,12173,5737,1360,3603,2127
247989,65883,33803,3872,643,489,8548,96,49597.8,6487,4778,1966,543,6219
242259,1783,45531,4743,415,238,14788,620,48451.8,15938,9501,1291,4060,920
371652,28390,18001,5691,173,175,40370,739,74330.4,18470,9193,242,1075,3275
92464,8417,6722,630,683,209,5196,1777,5547.84,2865,6243,1442,3223,1602
300886,72102,20100,5005,152,995,11546,1832,60177.2,13940,10184,1313,2530,5968
21831,1042,1076,2244,819,568,1750,540,1309.86,10344,7106,128,4980,3141
123768,30750,23987,5139,576,358,18084,1382,14852.16,2617,9779,1272,3026,7380
256983,58188,61645,4258,153,188,9901,878,51396.6,12529,5356,1183,2247,7351
357236,10872,69551,4964,768,508,3681,1132,71447.2,11710,8677,1923,263,6071
363023,94231,68498,1984,957,555,8728,1473,72604.6,5921,706,1431,745,1915
360514,48086,4840,2736,933,918,51620,522,72102.8,16219,825,1478,3952,4207
398681,66770,50064,1270,652,971,41110,954,79736.2,2937,8288,508,498,1730
449978,124158,86069,1046,381,633,9947,94,89995.6,15158,3002,1355,460,3992
114824,17978,20454,2484,899,982,15947,131,13778.88,3614,1411,917,2458,4762
98741,22641,15337,1684,221,820,887,604,5924.46,9435,8521,1264,3931,1110
28830,1952,5699,4330,237,32,2995,565,1729.8,17694,6243,930,4674,1288
327188,18079,5922,5621,677,500,37606,1265,65437.6,5407,14839,1492,3077,1980
346092,17338,24919,1318,752,311,18946,1400,69218.4,14092,7070,412,1167,6691
79202,3291,14862,2878,599,539,9800,1218,4752.12,16802,4141,112,2109,5926
309189,74084,13598,4411,588,150,7790,257,61837.8,5654,735,912,724,8460
227394,49393,1898,4963,681,574,9433,1891,45478.8,3264,7616,155,1169,8134
212123,28022,22939,4240,584,518,207,845,42424.6,14283,8618,1326,2298,4585
379653,69770,24774,2324,873,110,52984,303,75930.6,19936,10127,424,3184,2538
167699,26720,2822,1842,233,641,19745,500,20123.88,13521,11947,16,2639,1612
287342,13368,37252,3011,488,960,2899,579,57468.4,15302,9049,515,4753,8308
341665,54313,13052,3346,275,131,31296,1835,68333,6318,10203,1527,4877,8403
116471,8734,18038,1754,712,519,11779,189,13976.52,7645,2571,1064,2544,4424
301619,12197,13269,3303,167,893,27301,1663,60323.8,18868,14543,645,4874,6680
246824,68895,3041,2002,998,304,6747,1885,49364.8,12430,7201,1998,3073,5860
29403,5257,167,5829,778,28,2859,338,1764.18,8409,8447,1963,4376,8776
13681,0,283,4720,785,849,206,18,0,14844,5892,1175,3833,3368
363699,58073,7661,5717,689,822,1649,1707,72739.8,8359,10990,1077,450,2667
391028,72925,64547,4173,494,932,35176,414,78205.6,12385,7323,711,1273,3922
365266,80488,72503,421,617,350,43380,61,73053.2,16858,8665,1014,1468,7051
125260,29075,29870,1776,290,517,9316,910,15031.2,8897,1320,872,1703,55
183364,18939,44967,565,155,491,14466,1948,22003.68,9349,10242,346,1032,3889
115386,15624,15674,327,818,407,7542,66,13846.32,17851,7001,638,4509,43
243378,67271,20394,5678,767,507,34187,722,48675.6,7248,5417,1822,4585,7533
408845,24315,13531,2424,780,623,38463,853,81769,4612,7110,1288,853,1541
103246,17422,21370,731,798,104,8126,174,12389.52,7983,13722,1745,4649,6558
105864,6369,20232,5274,690,718,4173,1875,12703.68,15344,1777,820,4219,4974
218886,48232,18565,4077,827,551,1735,1404,43777.2,10274,13052,635,692,8690
280561,78142,832,5454,214,779,37153,518,56112.2,5096,9448,1,1325,5679
391032,32743,46978,4831,205,319,1148,963,78206.4,7193,10716,1237,2785,7513
175837,34010,17405,1385,947,45,8023,896,21100.44,7763,7310,403,1083,5
346643,15636,10185,2394,245,240,31343,232,69328.6,4477,13955,887,3704,4321
403052,90884,3492,2785,364,269,54739,710,80610.4,13766,5973,873,2614,8935
255160,10108,58238,400,892,666,13546,533,51032,3989,7144,1795,3381,6514
197646,8098,44630,5698,207,627,9715,740,23717.52,11611,11339,1253,1870,4244
493761,36180,65824,2454,641,36,43721,824,98752.2,14989,12914,1707,2302,1257
269278,18883,40584,5378,554,204,23079,1373,53855.6,11043,3401,829,4153,4954
299819,44400,1076,3348,333,760,8902,124,59963.8,9485,4591,1292,2154,5757
266681,45999,34139,5282,431,485,25536,1608,53336.2,15629,13049,1136,4700,6098
475483,47951,66610,1099,932,109,57010,697,95096.6,8309,12408,1171,3022,90
181635,7160,37702,5421,870,485,4,1818,21796.2,8288,8501,1971,933,9944
21332,6110,2959,4122,312,317,823,1061,1279.92,12761,13349,1157,1281,2081
264817,19929,63737,5911,238,834,24693,247,52963.4,13552,13831,654,3191,6322
291321,83133,63705,1595,932,591,19175,1919,58264.2,9204,7545,199,2420,4244
402704,11123,69810,5563,246,75,29332,1611,80540.8,10577,7761,575,4386,6602
230326,28357,28198,734,736,781,30009,140,46065.2,17277,11707,509,731,7019
209519,4960,49334,5870,237,609,13512,96,41903.8,6133,11036,1629,3751,5940
271849,33556,59113,4104,667,497,16220,1678,54369.8,17892,10553,1955,3761,6105
329248,83791,45760,2913,817,478,9758,1615,65849.6,4165,10078,1187,2201,3878
356479,61934,57840,1215,212,934,23276,1279,71295.8,2197,748,130,2399,6372
387082,78886,35276,2575,690,388,6573,1377,77416.4,11697,9999,346,1166,6192
90730,18409,12018,4940,965,587,12954,1992,5443.8,11208,10577,221,3032,9919
408167,55416,61913,5633,340,793,5829,1011,81633.4,4515,3560,1146,3828,106
247474,67982,58028,947,865,592,3372,474,49494.8,17950,10968,463,3579,4291
300477,30657,73608,2595,427,363,21923,815,60095.4,9670,9274,39,4505,2966
293817,86743,13348,4378,688,308,27905,1550,58763.4,18022,4575,421,3009,4360
386565,48951,46678,1731,234,62,54333,1890,77313,19641,12664,979,799,359
50870,8752,318,5472,484,266,5111,807,3052.2,17722,9137,44,3422,7831
263017,13440,26011,5995,590,32,27284,797,52603.4,7281,14777,189,4956,9335
137536,6499,18787,2661,871,808,7253,1391,16504.32,7018,6885,1999,2234,2449
343245,86675,63428,4432,799,39,27922,534,68649,18720,1800,1748,386,795
294965,80303,12516,1023,939,685,37280,264,58993,7608,3653,1233,764,7722
35494,5959,728,1847,321,259,1147,671,2129.64,16027,10520,616,3907,4636
109477,27712,1287,1279,488,735,3066,1826,13137.24,6292,14307,887,3983,1023
398227,19673,8752,383,817,734,25191,304,79645.4,19378,4308,606,3390,7774
215232,59954,1375,5513,378,266,3120,1631,43046.4,13493,14208,1601,2825,7049
384842,54698,80506,3786,967,976,17410,428,76968.4,18358,643,23,3828,7013
383704,95024,59850,1665,328,666,29605,783,76740.8,2099,8529,1797,178,3959
404051,26520,98328,5114,396,775,3070,1311,80810.2,16941,5512,1405,1636,1518
290790,15784,17538,849,823,660,25337,792,58158,19404,2638,1517,3154,5523
133777,38079,12657,3792,824,224,12558,1885,16053.24,4331,4227,1360,3165,2349
87360,11452,17843,5767,879,382,5669,1316,5241.6,18148,9222,857,1475,4676
309479,20491,21491,3062,466,497,10197,36,61895.8,19259,9895,499,1518,9887
341495,48720,46431,4153,435,638,37590,1698,68299,15910,12444,484,829,4821
387078,100804,63475,4982,225,4,25009,300,77415.6,9305,14140,641,1399,2941
143501,14718,18540,3499,601,445,11108,135,17220.12,16873,4750,537,2365,1586
314094,35597,71515,451,353,287,31665,487,62818.8,15601,13037,1067,2719,334
70654,47,7943,5457,877,856,1222,1264,4239.24,7889,14845,996,790,6397
379566,100668,8911,3798,573,57,29107,174,75913.2,2990,14068,1536,3538,4827
382078,26832,40254,2512,884,71,31405,803,76415.6,15038,687,641,714,8336
129975,31862,1105,3285,342,666,10456,629,15597,18426,567,1248,1302,9889
209215,12864,3769,4394,442,793,9725,984,41843,4035,12161,778,1458,3003
363330,88378,2479,1867,853,679,22567,337,72666,11837,1392,413,1129,5946
376378,8177,10112,511,930,540,53945,358,75275.6,6242,4468,1569,4775,2747
112326,11844,11271,5137,562,968,8983,1929,13479.12,14189,1442,828,3255,1751
87527,8594,4731,2479,588,81,7748,256,5251.62,11918,7785,346,4982,8123
358848,13418,62612,3523,450,774,13560,1017,71769.6,5740,8979,106,1223,4360
434315,34854,76897,4491,409,617,27732,1475,86863,19227,7681,1953,2061,7731
442601,88075,101476,1826,341,276,2084,1241,88520.2,17303,1814,1222,3822,6482
176991,44370,32205,821,420,975,18938,202,21238.92,19460,5531,1382,1775,2211
106952,11182,24569,4246,765,962,11795,654,12834.24,9265,11601,1766,4921,6666
332926,65227,72604,5435,581,863,1681,254,66585.2,5927,437,1281,2805,1055
343260,12835,6557,2002,865,521,26883,1119,68652,9499,3873,1087,4158,7292
475806,17533,36098,317,845,573,3722,1742,95161.2,13200,3160,605,3303,2906
361770,95051,38790,3780,366,735,27902,1371,72354,4231,12177,1775,4066,8255
443603,101457,34826,2019,240,135,2036,1622,88720.6,10258,1540,386,1825,8287
156895,41968,22074,3616,347,735,23487,130,18827.4,4080,6975,382,415,4949
56015,10223,11513,4314,548,113,3157,626,3360.9,7286,6354,1473,3877,6906
112877,10273,22155,5373,188,771,11917,287,13545.24,11739,10840,157,2427,6064
287483,33519,32401,1178,858,156,27257,1790,57496.6,19652,14738,100,3949,735
144563,24160,11565,893,620,395,10651,659,17347.56,6691,4811,476,4964,1402
403922,74385,90236,5038,228,228,7555,55,80784.4,8762,9248,1698,3994,4218
107493,26236,8503,5196,878,611,7567,333,12899.16,2601,4011,633,2260,7522
156800,25656,15337,4850,977,254,8613,1634,18816,9044,6524,1253,3724,8053
410213,48988,11112,1909,243,178,50110,1895,82042.6,14393,6774,1685,2420,6260
201480,10348,13761,1175,833,786,5452,809,40296,4582,934,1274,420,5409
461313,83460,108327,5491,192,228,15350,840,92262.6,13042,4708,228,428,4864
401670,117720,8885,5409,281,366,13971,1595,80334,2095,6886,593,4221,553
441739,104471,1376,3531,226,30,51369,1207,88347.8,17669,10768,1853,4137,7995
131648,39132,5939,5506,381,107,19213,686,15797.76,10425,11400,1511,1127,4066
297307,67519,41949,2748,188,281,227,663,59461.4,14976,10570,1644,4001,5468
158790,24890,2846,4857,715,620,16388,808,19054.8,6677,1995,565,2421,145
97508,14629,6817,2436,300,389,151,3,5850.48,15517,11738,1505,2121,6789
224839,49056,7430,2353,849,540,12444,1611,44967.8,18164,2160,1723,2714,4314
311763,11273,26328,5340,568,528,11521,434,62352.6,3235,861,1516,79,5286
284270,40416,11151,383,971,403,35845,983,56854,17239,12858,1136,1705,6454
492347,138966,59797,1739,335,169,55585,1536,98469.4,10187,655,549,793,9076
74926,13305,1716,2968,467,877,10517,781,4495.56,17032,224,1309,2355,6802
50633,12925,9818,5531,613,174,3971,1417,3037.98,15807,1217,385,3738,8578
218726,51466,27664,2519,581,73,1004,1888,43745.2,15126,9803,19,4513,7028
13317,0,2684,998,284,453,880,1187,0,18936,11444,1963,4554,1637
317124,43095,68867,2120,652,508,8002,1833,63424.8,9966,8700,463,2050,9348
316259,31174,28604,4925,834,239,36428,994,63251.8,9700,10618,1603,486,2281
202718,50801,41849,4714,418,95,19902,1401,40543.6,6065,2453,1903,2712,52
315302,72436,17762,1398,586,513,25570,47,63060.4,10722,204,716,4800,6348
197035,48905,23765,3194,776,201,6489,1553,23644.2,17374,3577,205,4049,6027
450847,100782,63726,3717,647,36,15475,600,90169.4,15933,12665,1544,232,7748
190388,42735,37043,548,882,90,26312,1355,22846.56,12363,8706,1771,1316,2955
377508,42926,87458,4782,700,232,42582,827,75501.6,15616,1116,397,3566,7234
462558,72590,59051,2257,489,658,51779,1179,92511.6,5089,3094,1802,2700,2357
287648,38827,10556,2190,391,808,4708,692,57529.6,8227,1886,505,1611,2282
209665,42727,13555,4758,370,911,6087,1522,41933,6800,1816,265,1097,5138
429876,44775,10004,3667,807,252,23201,1032,85975.2,2917,14666,1222,4704,4948
309340,41201,58956,2415,825,370,22840,151,61868,13451,13736,1336,1642,578
338082,29373,20810,3363,510,723,44452,659,67616.4,16703,4287,1029,4175,2950
411821,27525,62000,5951,989,443,18309,1497,82364.2,4067,2553,1936,1728,5370
329532,72651,76724,2106,920,440,5702,964,65906.4,16074,8701,1292,2602,5074
222369,30486,247,595,339,995,24748,26,44473.8,4404,7458,570,2280,3843
65501,13068,4378,2994,562,63,9384,987,3930.06,10963,12375,814,3754,9594
194381,18640,46366,2291,478,4,9318,612,23325.72,15906,12749,1785,778,7817
37043,3368,3741,4239,925,657,227,1959,2222.58,16393,7152,1403,3816,1545
43635,7387,62,5793,371,71,3643,1222,2618.1,17413,12925,1143,2901,5824
220387,24942,53375,331,993,396,26562,82,44077.4,19100,4817,771,3105,5698
90691,2827,1551,4950,835,616,3728,1077,5441.46,11272,3389,537,2025,5131
305276,58596,71842,4175,241,329,9426,1877,61055.2,17963,14180,543,1602,2962
492603,81526,68541,4700,589,547,63680,1617,98520.6,8429,13954,951,760,9161
287510,35255,68858,1092,255,146,11958,1166,57502,4556,7960,450,4044,9095
103944,29361,16008,5527,394,414,4616,1276,12473.28,3457,13685,1418,4921,3763
213179,19987,40765,4491,454,767,20099,96,42635.8,5837,7829,885,2826,8934
465796,118209,24870,1389,704,739,31661,870,93159.2,4695,9811,441,4657,8757
387411,111651,12466,529,919,348,18505,1458,77482.2,6511,8621,1843,2669,1703
461105,86437,45284,3080,982,364,23647,1476,92221,12373,6500,1180,4295,4252
482769,132715,50034,4753,747,790,49494,1575,96553.8,9029,533,1153,3941,6215
49236,1212,393,4797,246,415,4466,228,2954.16,18341,9720,1258,1486,5390
276294,23729,68275,1089,626,624,22928,1018,55258.8,5762,8047,1475,1013,2073
383513,86623,60811,4494,415,506,43891,1220,76702.6,2222,7320,1072,4125,4707
291567,21818,53565,4666,724,522,12927,1508,58313.4,16450,8690,368,4023,1192
14137,0,594,2098,252,705,1535,1194,0,16661,12078,404,4092,3319
39992,675,4474,4280,403,735,1358,831,2399.52,19398,7886,1552,360,6908
382684,53629,78730,4757,604,249,43381,1926,76536.8,3018,7063,1132,4036,2673
497654,115296,69767,5583,978,900,64997,513,99530.8,10417,2260,716,402,202
125140,9457,19161,3540,662,248,4832,1309,15016.8,6582,13188,1119,1584,4061
185993,33922,28268,4935,815,350,13427,496,22319.16,7269,582,1522,1249,52
131225,9820,1401,4156,642,268,3174,458,15747,18068,12662,898,4684,748
482585,108122,8086,5228,410,853,25313,1587,96517,13319,10842,1577,112,1201
339061,37790,62582,5455,184,447,12852,1892,67812.2,8353,13130,1711,4029,2787
345834,88405,66065,613,530,802,40822,1638,69166.8,6411,7218,1139,3992,8951
306379,34421,40779,5695,546,82,17410,1056,61275.8,11778,1855,350,4557,3552
220047,62325,23462,532,176,540,21023,776,44009.4,6495,14991,670,2589,9196
29122,3403,6809,3807,455,406,1103,1546,1747.32,11707,13167,1661,4166,2462
296100,61526,55878,1329,885,338,19067,1403,59220,2768,8659,384,1273,8129
73879,21144,16956,3906,848,79,4944,1611,4432.74,14618,11110,347,1217,5428
68560,13149,17027,3011,820,94,6964,1929,4113.6,7290,8263,1622,1314,962
486016,145468,113212,4639,730,911,8587,1011,97203.2,14392,874,1651,2986,7522
382454,23324,85991,2588,314,921,11131,53,76490.8,14193,12827,502,4530,3255
209757,47198,39781,4299,407,258,12676,330,41951.4,5292,4259,1604,2237,8350
427876,82705,44555,2905,251,121,11523,96,85575.2,8111,6153,512,1787,2499
247268,31016,45602,3644,604,123,30007,504,49453.6,9224,1250,847,400,100
489280,134266,5605,2422,342,534,56655,147,97856,17911,3530,202,4018,3838
273312,32398,16938,2630,920,952,23761,516,54662.4,7227,6236,35,2715,6316
317268,4789,59502,4079,959,904,42494,1518,63453.6,5147,14394,1636,596,7276
176969,20159,43534,5954,448,946,8236,279,21236.28,13309,11003,1871,818,1826
156104,43406,15009,4482,170,727,18363,415,18732.48,5947,10574,698,4607,1396
324941,61134,30246,1180,194,288,47507,1310,64988.2,12689,11770,572,982,1253
307438,70886,28185,3277,629,461,31028,1129,61487.6,8051,9896,331,3741,3776
447043,98837,94831,1472,645,91,10466,555,89408.6,18106,7156,1757,569,3970
275660,24977,46642,459,937,23,20828,205,55132,11141,12277,747,2645,9849
160823,36431,9185,2793,832,106,19485,1938,19298.76,16258,3048,1283,4647,7683
40373,129,3459,2429,839,817,2323,1001,2422.38,9475,1240,118,2403,116
132026,34626,17505,3378,372,51,3433,1815,15843.12,2404,13115,1328,2156,4975
40270,11165,5530,2529,448,710,4821,117,2416.2,7755,12380,1832,3491,5816
413602,12342,28022,3217,630,293,47190,479,82720.4,14061,13293,1765,4220,534
242931,36417,54261,3313,173,299,18453,1803,48586.2,5720,6761,1211,3653,2407
205889,10978,16439,1849,487,344,12672,1713,41177.8,18671,9476,1223,4631,2966
75184,19481,14660,4873,233,381,5140,852,4511.04,6167,11777,1223,4861,590
220765,52664,8849,3685,209,567,13999,1394,44153,3818,3255,1912,4253,6220
47879,4860,8451,1879,437,193,490,227,2872.74,6649,12051,788,684,2816
321741,8833,70272,3671,783,556,13778,1304,64348.2,13484,10195,39,610,8727
442348,60658,35377,2260,666,435,17863,1458,88469.6,3940,2393,967,3828,6571
13626,0,2387,4144,303,384,772,1140,0,3067,2949,860,1265,497
95936,723,3909,4997,430,854,11127,653,5756.16,2989,14007,846,1186,2412
244873,29473,49555,2690,583,750,34471,1607,48974.6,10480,1229,1613,2195,3788
91515,737,14867,1719,491,371,4316,540,5490.9,8143,11668,1637,1315,9125
218137,29429,794,4217,235,743,28241,1048,43627.4,14086,9254,1481,4042,4279
65390,13879,1561,4135,736,977,4686,86,3923.4,5107,9665,1754,3730,2333
419861,64054,58527,4728,928,319,54769,1210,83972.2,6633,7712,1191,4204,1000
233032,1299,15369,4750,340,238,3230,611,46606.4,19558,4727,244,344,5956
64144,339,10833,3930,401,391,8334,952,3848.64,11997,6687,1946,1393,3957
154454,32920,23807,5242,217,993,1849,1007,18534.48,17639,4913,169,21,5878
14025,0,2664,462,295,938,44,1278,0,15686,13266,1895,1216,2767
446442,114286,6795,415,783,647,16834,1419,89288.4,9780,1640,1273,1790,1649
351524,84971,31063,5498,703,284,1259,177,70304.8,17477,13020,893,4834,9029
264043,56298,60951,1770,977,12,9195,139,52808.6,13219,10439,482,2198,3198
128910,24509,5492,3379,811,384,4777,1105,15469.2,19027,8878,419,1687,6725
472927,121035,114098,5442,723,540,40343,1891,94585.4,6974,8287,650,3366,1993
106055,9327,10149,4152,404,689,13605,431,12726.6,14392,4350,76,2134,1758
398333,51524,92205,3138,280,292,57138,945,79666.6,17184,10616,34,4734,2693
215782,57278,26328,842,988,256,27927,530,43156.4,18938,1971,1524,3246,4856
406659,109825,69098,713,526,107,18380,367,81331.8,8069,7227,1876,4486,819
293539,66909,33623,981,681,580,28250,766,58707.8,18916,6811,292,3499,9555
282869,72618,42255,941,348,884,37656,52,56573.8,9831,10934,1515,712,4834
43461,9148,4755,4278,988,687,3653,546,2607.66,2633,11984,139,4316,9630
268072,60285,36389,1732,370,182,23520,1392,53614.4,19340,10278,1457,3497,2300
51115,2482,4206,968,559,753,3032,666,3066.9,19707,9379,1944,4473,973
120084,7593,1038,2369,792,705,17878,1602,14410.08,13653,5437,987,3655,3407
355876,9495,63565,1268,320,366,25648,1996,71175.2,11549,6125,830,405,9794
483006,7837,102900,1480,294,830,12304,741,96601.2,13840,3660,374,4279,8680
351701,76708,20897,5441,637,533,1578,1074,70340.2,4718,7980,1643,3606,4875
343404,18680,79687,5891,503,861,50387,1384,68680.8,15238,5737,503,3081,8257
169762,30346,4370,5683,330,522,9207,914,20371.44,6209,12689,465,3891,4927
273551,23412,24045,5119,310,284,13004,42,54710.2,5657,5159,1289,4202,2346
83568,22863,3447,3535,613,873,6993,1570,5014.08,10251,14380,1849,4407,877
68560,20529,15903,5555,209,258,1559,526,4113.6,2926,11398,102,137,1346
450556,65206,15326,551,364,172,42946,655,90111.2,14240,9560,1538,3520,7500
158866,10934,37997,4600,729,716,7888,866,19063.92,10486,4476,708,3501,6248
160953,30723,2241,3179,341,759,4575,1092,19314.36,2615,10475,1846,1064,2009
227364,20405,30639,4298,637,770,3856,1734,45472.8,19967,9451,1931,2756,4856
246770,18748,40586,1090,374,329,26287,84,49354,12319,5716,1997,2675,719
236024,70766,39766,5480,541,451,4139,1192,47204.8,5855,8923,300,4145,9183
190775,46413,21278,4860,858,781,24216,1973,22893,5507,12282,1704,4592,7586
447570,121988,108459,5721,310,470,36295,1728,89514,16708,5549,1375,1043,4195
101288,23139,6444,1795,910,80,13162,984,12154.56,10538,1434,1705,4798,6848
481678,36523,68551,4789,604,320,5819,29,96335.6,13701,12957,1568,4103,763
391164,101150,80439,3368,260,440,36636,1170,78232.8,7256,10199,837,1752,3398
371445,57693,39583,3007,208,398,29707,87,74289,5224,8850,477,4800,5744
259836,35732,28143,5307,694,187,15230,1325,51967.2,14631,13905,1541,1123,4073
24390,686,3870,5678,702,437,3208,827,1463.4,18603,10598,478,1323,1391
228547,21021,4864,2877,822,884,28220,590,45709.4,16763,13657,1921,4879,842
37307,2755,4234,5606,178,897,2160,1762,2238.42,3200,6695,1177,1092,7208
237436,52776,21340,1535,916,849,22123,1047,47487.2,17841,6000,47,4529,9218
235121,19116,46915,1358,334,447,9693,1443,47024.2,7834,1073,1759,2162,4937
261063,72009,18723,1470,373,742,33582,176,52212.6,16838,3318,1848,3452,2891
34502,6351,8526,3918,506,469,4065,1210,2070.12,16957,1759,1092,4800,7732
498815,76620,72378,3959,641,539,14655,781,99763,8053,8501,1197,2432,8485
32486,684,1858,3955,882,861,3325,1237,1949.16,2704,3223,1455,3686,5878
383957,94452,1207,5668,981,460,1323,1318,76791.4,6944,4782,552,2930,5123
179330,2919,17308,356,747,834,24580,1799,21519.6,15296,12704,106,664,3449
198788,23550,5429,2192,727,514,16221,687,23854.56,6048,14639,1551,4380,5960
238300,36524,53591,2869,263,236,28093,591,47660,17369,6048,1203,3778,5905
113920,3283,7591,4380,527,180,9450,749,13670.4,4929,13167,779,4596,5422
222566,23212,45712,4756,926,409,2034,1616,44513.2,4451,5876,270,4369,410
354912,40118,38660,2248,434,515,22974,1220,70982.4,3247,11802,212,1396,3178
413964,28602,77313,522,246,911,5966,808,82792.8,19154,10129,356,2513,3355
72785,17540,5945,1939,991,859,199,802,4367.1,6356,5602,1556,1464,3768
86050,3061,7691,4722,273,71,1705,447,5163,15058,14045,1944,3833,4681
32738,7157,4356,5517,305,181,3941,1204,1964.28,5427,7395,720,532,737
84231,5919,13673,5645,259,103,3931,53,5053.86,4373,5239,967,4292,2806
83606,22277,4027,2057,202,271,2068,164,5016.36,13238,14058,925,4254,4484
496517,119133,110760,1135,323,286,69294,435,99303.4,14515,3786,1824,3180,7571
313806,59673,62099,2836,828,86,19227,1553,62761.2,12839,13933,961,3263,2870
390457,17676,62848,2825,737,385,34964,1812,78091.4,13556,14241,1824,3866,8285
237369,42844,32055,1284,463,72,32027,1279,47473.8,18391,3059,1779,3745,5664
485450,9752,78405,1657,875,602,67669,1321,97090,8768,6848,1179,2609,2239
287267,81548,4661,5187,843,684,2578,1856,57453.4,19452,1477,1113,4478,9874
166688,9175,18782,3360,539,309,22590,1159,20002.56,16793,5196,808,3780,7937
283326,40670,49179,4777,194,698,33581,476,56665.2,10713,11703,1920,2457,9668
362513,67603,1898,1746,812,442,6551,723,72502.6,8485,4536,1086,4435,7356
465229,125332,78455,1671,266,917,34395,752,93045.8,12471,12689,1442,3204,4753
172403,29810,40068,3524,271,235,21000,1137,20688.36,7598,11598,1455,395,6828
187170,18302,2427,2174,631,673,3592,356,22460.4,10940,9893,490,524,5198
36128,700,1625,2799,319,584,2580,422,2167.68,15575,3744,1062,4442,2710
41556,4046,2036,3661,827,736,6167,316,2493.36,13564,8817,147,3506,5425
268470,34841,58654,1442,549,895,3932,1979,53694,18256,10793,1868,835,1667
490721,3048,36123,4609,991,229,7113,1732,98144.2,12905,12854,478,2961,6155
162948,33290,4902,864,810,253,3251,1210,19553.76,12581,7936,165,4844,9500
150021,11101,26850,5127,649,951,16259,1289,18002.52,14394,2332,22,1616,8087
61962,8741,10266,4834,223,673,1154,702,3717.72,5895,12824,907,4294,3472
100054,17852,21620,1888,298,354,12172,965,12006.48,12698,13702,1285,4276,6232
212278,55382,8280,4285,686,761,16916,1798,42455.6,4680,5227,727,1677,7548
34099,8116,8313,5024,210,494,887,546,2045.94,6038,7279,1121,3714,1972
245943,58176,46973,5298,203,409,19656,858,49188.6,11609,2268,1504,1430,4806
415932,12674,37729,1770,372,198,52077,41,83186.4,12821,3964,518,1693,546
193683,23195,32800,4214,880,428,18816,1748,23241.96,17070,13143,1842,260,7137
179957,50573,37466,3413,622,751,3597,1111,21594.84,2259,1909,269,602,8730
